2026-03-18T10:07:52.783+05:30  INFO 22488 --- [course-service] [main] c.e.c.CourseServiceApplication           : Starting CourseServiceApplication using Java 21.0.9 with PID 22488 (C:\Users\170529\Documents\workspace-spring-tools-for-eclipse-4.32.2.RELEASE\course-service\target\classes started by 170529 in C:\Users\170529\Documents\workspace-spring-tools-for-eclipse-4.32.2.RELEASE\course-service)
2026-03-18T10:07:52.794+05:30 DEBUG 22488 --- [course-service] [main] c.e.c.CourseServiceApplication           : Running with Spring Boot v3.2.0, Spring v6.1.1
2026-03-18T10:07:52.796+05:30  INFO 22488 --- [course-service] [main] c.e.c.CourseServiceApplication           : No active profile set, falling back to 1 default profile: "default"
2026-03-18T10:07:58.155+05:30  INFO 22488 --- [course-service] [main] .s.d.r.c.RepositoryConfigurationDelegate : Bootstrapping Spring Data JPA repositories in DEFAULT mode.
2026-03-18T10:07:58.963+05:30  INFO 22488 --- [course-service] [main] .s.d.r.c.RepositoryConfigurationDelegate : Finished Spring Data repository scanning in 763 ms. Found 4 JPA repository interfaces.
2026-03-18T10:08:00.054+05:30  INFO 22488 --- [course-service] [main] o.s.cloud.context.scope.GenericScope     : BeanFactory id=8e67e5e2-643f-3755-9e7d-bb356cbb7fbf
2026-03-18T10:08:00.661+05:30  WARN 22488 --- [course-service] [main] trationDelegate$BeanPostProcessorChecker : Bean 'org.springframework.cloud.client.loadbalancer.LoadBalancerAutoConfiguration$LoadBalancerInterceptorConfig' of type [org.springframework.cloud.client.loadbalancer.LoadBalancerAutoConfiguration$LoadBalancerInterceptorConfig] is not eligible for getting processed by all BeanPostProcessors (for example: not eligible for auto-proxying). The currently created BeanPostProcessor [lbRestClientPostProcessor] is declared through a non-static factory method on that class; consider declaring it as static instead.
2026-03-18T10:08:00.667+05:30  WARN 22488 --- [course-service] [main] trationDelegate$BeanPostProcessorChecker : Bean 'org.springframework.cloud.loadbalancer.config.BlockingLoadBalancerClientAutoConfiguration' of type [org.springframework.cloud.loadbalancer.config.BlockingLoadBalancerClientAutoConfiguration] is not eligible for getting processed by all BeanPostProcessors (for example: not eligible for auto-proxying). Is this bean getting eagerly injected into a currently created BeanPostProcessor [lbRestClientPostProcessor]? Check the corresponding BeanPostProcessor declaration and its dependencies.
2026-03-18T10:08:00.670+05:30  WARN 22488 --- [course-service] [main] trationDelegate$BeanPostProcessorChecker : Bean 'org.springframework.cloud.loadbalancer.config.LoadBalancerAutoConfiguration' of type [org.springframework.cloud.loadbalancer.config.LoadBalancerAutoConfiguration] is not eligible for getting processed by all BeanPostProcessors (for example: not eligible for auto-proxying). Is this bean getting eagerly injected into a currently created BeanPostProcessor [lbRestClientPostProcessor]? Check the corresponding BeanPostProcessor declaration and its dependencies.
2026-03-18T10:08:00.714+05:30  WARN 22488 --- [course-service] [main] trationDelegate$BeanPostProcessorChecker : Bean 'org.springframework.cloud.commons.config.CommonsConfigAutoConfiguration' of type [org.springframework.cloud.commons.config.CommonsConfigAutoConfiguration] is not eligible for getting processed by all BeanPostProcessors (for example: not eligible for auto-proxying). Is this bean getting eagerly injected into a currently created BeanPostProcessor [lbRestClientPostProcessor]? Check the corresponding BeanPostProcessor declaration and its dependencies.
2026-03-18T10:08:00.718+05:30  WARN 22488 --- [course-service] [main] trationDelegate$BeanPostProcessorChecker : Bean 'org.springframework.cloud.client.loadbalancer.LoadBalancerDefaultMappingsProviderAutoConfiguration' of type [org.springframework.cloud.client.loadbalancer.LoadBalancerDefaultMappingsProviderAutoConfiguration] is not eligible for getting processed by all BeanPostProcessors (for example: not eligible for auto-proxying). Is this bean getting eagerly injected into a currently created BeanPostProcessor [lbRestClientPostProcessor]? Check the corresponding BeanPostProcessor declaration and its dependencies.
2026-03-18T10:08:00.719+05:30  WARN 22488 --- [course-service] [main] trationDelegate$BeanPostProcessorChecker : Bean 'loadBalancerClientsDefaultsMappingsProvider' of type [org.springframework.cloud.client.loadbalancer.LoadBalancerDefaultMappingsProviderAutoConfiguration$$Lambda/0x00000279d04ad7e0] is not eligible for getting processed by all BeanPostProcessors (for example: not eligible for auto-proxying). Is this bean getting eagerly injected into a currently created BeanPostProcessor [lbRestClientPostProcessor]? Check the corresponding BeanPostProcessor declaration and its dependencies.
2026-03-18T10:08:03.189+05:30  WARN 22488 --- [course-service] [main] trationDelegate$BeanPostProcessorChecker : Bean 'defaultsBindHandlerAdvisor' of type [org.springframework.cloud.commons.config.DefaultsBindHandlerAdvisor] is not eligible for getting processed by all BeanPostProcessors (for example: not eligible for auto-proxying). Is this bean getting eagerly injected into a currently created BeanPostProcessor [lbRestClientPostProcessor]? Check the corresponding BeanPostProcessor declaration and its dependencies.
2026-03-18T10:08:03.215+05:30  WARN 22488 --- [course-service] [main] trationDelegate$BeanPostProcessorChecker : Bean 'spring.cloud.loadbalancer-org.springframework.cloud.client.loadbalancer.LoadBalancerClientsProperties' of type [org.springframework.cloud.client.loadbalancer.LoadBalancerClientsProperties] is not eligible for getting processed by all BeanPostProcessors (for example: not eligible for auto-proxying). Is this bean getting eagerly injected into a currently created BeanPostProcessor [lbRestClientPostProcessor]? Check the corresponding BeanPostProcessor declaration and its dependencies.
2026-03-18T10:08:03.259+05:30  WARN 22488 --- [course-service] [main] trationDelegate$BeanPostProcessorChecker : Bean 'default.org.springframework.cloud.loadbalancer.config.LoadBalancerAutoConfiguration.LoadBalancerClientSpecification' of type [org.springframework.cloud.loadbalancer.annotation.LoadBalancerClientSpecification] is not eligible for getting processed by all BeanPostProcessors (for example: not eligible for auto-proxying). Is this bean getting eagerly injected into a currently created BeanPostProcessor [lbRestClientPostProcessor]? Check the corresponding BeanPostProcessor declaration and its dependencies.
2026-03-18T10:08:03.262+05:30  WARN 22488 --- [course-service] [main] trationDelegate$BeanPostProcessorChecker : Bean 'default.org.springframework.cloud.loadbalancer.config.BlockingLoadBalancerClientAutoConfiguration.LoadBalancerClientSpecification' of type [org.springframework.cloud.loadbalancer.annotation.LoadBalancerClientSpecification] is not eligible for getting processed by all BeanPostProcessors (for example: not eligible for auto-proxying). Is this bean getting eagerly injected into a currently created BeanPostProcessor [lbRestClientPostProcessor]? Check the corresponding BeanPostProcessor declaration and its dependencies.
2026-03-18T10:08:03.264+05:30  WARN 22488 --- [course-service] [main] trationDelegate$BeanPostProcessorChecker : Bean 'default.org.springframework.cloud.netflix.eureka.loadbalancer.LoadBalancerEurekaAutoConfiguration.LoadBalancerClientSpecification' of type [org.springframework.cloud.loadbalancer.annotation.LoadBalancerClientSpecification] is not eligible for getting processed by all BeanPostProcessors (for example: not eligible for auto-proxying). Is this bean getting eagerly injected into a currently created BeanPostProcessor [lbRestClientPostProcessor]? Check the corresponding BeanPostProcessor declaration and its dependencies.
2026-03-18T10:08:03.269+05:30  WARN 22488 --- [course-service] [main] trationDelegate$BeanPostProcessorChecker : Bean 'loadBalancerClientFactory' of type [org.springframework.cloud.loadbalancer.support.LoadBalancerClientFactory] is not eligible for getting processed by all BeanPostProcessors (for example: not eligible for auto-proxying). Is this bean getting eagerly injected into a currently created BeanPostProcessor [lbRestClientPostProcessor]? Check the corresponding BeanPostProcessor declaration and its dependencies.
2026-03-18T10:08:03.288+05:30  WARN 22488 --- [course-service] [main] trationDelegate$BeanPostProcessorChecker : Bean 'blockingLoadBalancerClient' of type [org.springframework.cloud.loadbalancer.blocking.client.BlockingLoadBalancerClient] is not eligible for getting processed by all BeanPostProcessors (for example: not eligible for auto-proxying). Is this bean getting eagerly injected into a currently created BeanPostProcessor [lbRestClientPostProcessor]? Check the corresponding BeanPostProcessor declaration and its dependencies.
2026-03-18T10:08:03.299+05:30  WARN 22488 --- [course-service] [main] trationDelegate$BeanPostProcessorChecker : Bean 'restTemplateConfig' of type [com.example.course_service.config.RestTemplateConfig$$SpringCGLIB$$0] is not eligible for getting processed by all BeanPostProcessors (for example: not eligible for auto-proxying). Is this bean getting eagerly injected into a currently created BeanPostProcessor [lbRestClientPostProcessor]? Check the corresponding BeanPostProcessor declaration and its dependencies.
2026-03-18T10:08:03.378+05:30  WARN 22488 --- [course-service] [main] trationDelegate$BeanPostProcessorChecker : Bean 'restTemplate' of type [org.springframework.web.client.RestTemplate] is not eligible for getting processed by all BeanPostProcessors (for example: not eligible for auto-proxying). Is this bean getting eagerly injected into a currently created BeanPostProcessor [lbRestClientPostProcessor]? Check the corresponding BeanPostProcessor declaration and its dependencies.
2026-03-18T10:08:03.394+05:30  WARN 22488 --- [course-service] [main] trationDelegate$BeanPostProcessorChecker : Bean 'loadBalancerServiceInstanceCookieTransformer' of type [org.springframework.cloud.loadbalancer.core.LoadBalancerServiceInstanceCookieTransformer] is not eligible for getting processed by all BeanPostProcessors (for example: not eligible for auto-proxying). Is this bean getting eagerly injected into a currently created BeanPostProcessor [lbRestClientPostProcessor]? Check the corresponding BeanPostProcessor declaration and its dependencies.
2026-03-18T10:08:03.399+05:30  WARN 22488 --- [course-service] [main] trationDelegate$BeanPostProcessorChecker : Bean 'xForwarderHeadersTransformer' of type [org.springframework.cloud.loadbalancer.blocking.XForwardedHeadersTransformer] is not eligible for getting processed by all BeanPostProcessors (for example: not eligible for auto-proxying). Is this bean getting eagerly injected into a currently created BeanPostProcessor [lbRestClientPostProcessor]? Check the corresponding BeanPostProcessor declaration and its dependencies.
2026-03-18T10:08:03.400+05:30  WARN 22488 --- [course-service] [main] trationDelegate$BeanPostProcessorChecker : Bean 'org.springframework.cloud.client.loadbalancer.LoadBalancerAutoConfiguration' of type [org.springframework.cloud.client.loadbalancer.LoadBalancerAutoConfiguration] is not eligible for getting processed by all BeanPostProcessors (for example: not eligible for auto-proxying). Is this bean getting eagerly injected into a currently created BeanPostProcessor [lbRestClientPostProcessor]? Check the corresponding BeanPostProcessor declaration and its dependencies.
2026-03-18T10:08:03.404+05:30  WARN 22488 --- [course-service] [main] trationDelegate$BeanPostProcessorChecker : Bean 'loadBalancerRequestFactory' of type [org.springframework.cloud.client.loadbalancer.LoadBalancerRequestFactory] is not eligible for getting processed by all BeanPostProcessors (for example: not eligible for auto-proxying). Is this bean getting eagerly injected into a currently created BeanPostProcessor [lbRestClientPostProcessor]? Check the corresponding BeanPostProcessor declaration and its dependencies.
2026-03-18T10:08:03.418+05:30  WARN 22488 --- [course-service] [main] trationDelegate$BeanPostProcessorChecker : Bean 'loadBalancerInterceptor' of type [org.springframework.cloud.client.loadbalancer.LoadBalancerInterceptor] is not eligible for getting processed by all BeanPostProcessors (for example: not eligible for auto-proxying). Is this bean getting eagerly injected into a currently created BeanPostProcessor [lbRestClientPostProcessor]? Check the corresponding BeanPostProcessor declaration and its dependencies.
2026-03-18T10:08:04.238+05:30  INFO 22488 --- [course-service] [main] o.s.b.w.embedded.tomcat.TomcatWebServer  : Tomcat initialized with port 8082 (http)
2026-03-18T10:08:04.287+05:30  INFO 22488 --- [course-service] [main] o.apache.catalina.core.StandardService   : Starting service [Tomcat]
2026-03-18T10:08:04.287+05:30  INFO 22488 --- [course-service] [main] o.apache.catalina.core.StandardEngine    : Starting Servlet engine: [Apache Tomcat/10.1.16]
2026-03-18T10:08:04.554+05:30  INFO 22488 --- [course-service] [main] o.a.c.c.C.[Tomcat].[localhost].[/]       : Initializing Spring embedded WebApplicationContext
2026-03-18T10:08:04.555+05:30  INFO 22488 --- [course-service] [main] w.s.c.ServletWebServerApplicationContext : Root WebApplicationContext: initialization completed in 11528 ms
2026-03-18T10:08:05.075+05:30  INFO 22488 --- [course-service] [main] o.hibernate.jpa.internal.util.LogHelper  : HHH000204: Processing PersistenceUnitInfo [name: default]
2026-03-18T10:08:06.764+05:30  INFO 22488 --- [course-service] [main] org.hibernate.Version                    : HHH000412: Hibernate ORM core version 6.3.1.Final
2026-03-18T10:08:06.915+05:30  INFO 22488 --- [course-service] [main] o.h.c.internal.RegionFactoryInitiator    : HHH000026: Second-level cache disabled
2026-03-18T10:08:07.858+05:30  INFO 22488 --- [course-service] [main] o.s.o.j.p.SpringPersistenceUnitInfo      : No LoadTimeWeaver setup: ignoring JPA class transformer
2026-03-18T10:08:07.973+05:30  INFO 22488 --- [course-service] [main] com.zaxxer.hikari.HikariDataSource       : HikariPool-1 - Starting...
2026-03-18T10:08:08.637+05:30  INFO 22488 --- [course-service] [main] com.zaxxer.hikari.pool.HikariPool        : HikariPool-1 - Added connection com.mysql.cj.jdbc.ConnectionImpl@40b54762
2026-03-18T10:08:08.643+05:30  INFO 22488 --- [course-service] [main] com.zaxxer.hikari.HikariDataSource       : HikariPool-1 - Start completed.
2026-03-18T10:08:08.800+05:30  WARN 22488 --- [course-service] [main] org.hibernate.orm.deprecation            : HHH90000025: MySQL8Dialect does not need to be specified explicitly using 'hibernate.dialect' (remove the property setting and it will be selected by default)
2026-03-18T10:08:08.807+05:30  WARN 22488 --- [course-service] [main] org.hibernate.orm.deprecation            : HHH90000026: MySQL8Dialect has been deprecated; use org.hibernate.dialect.MySQLDialect instead
2026-03-18T10:08:12.847+05:30  INFO 22488 --- [course-service] [main] o.h.e.t.j.p.i.JtaPlatformInitiator       : HHH000489: No JTA platform available (set 'hibernate.transaction.jta.platform' to enable JTA platform integration)
2026-03-18T10:08:13.079+05:30  INFO 22488 --- [course-service] [main] j.LocalContainerEntityManagerFactoryBean : Initialized JPA EntityManagerFactory for persistence unit 'default'
2026-03-18T10:08:17.326+05:30  INFO 22488 --- [course-service] [main] DiscoveryClientOptionalArgsConfiguration : Eureka HTTP Client uses RestTemplate.
2026-03-18T10:08:17.744+05:30  WARN 22488 --- [course-service] [main] iguration$LoadBalancerCaffeineWarnLogger : Spring Cloud LoadBalancer is currently working with the default cache. While this cache implementation is useful for development and tests, it's recommended to use Caffeine cache in production.You can switch to using Caffeine cache, by adding it and org.springframework.cache.caffeine.CaffeineCacheManager to the classpath.
2026-03-18T10:08:17.950+05:30  INFO 22488 --- [course-service] [main] o.s.c.n.eureka.InstanceInfoFactory       : Setting initial instance status as: STARTING
2026-03-18T10:08:18.098+05:30  INFO 22488 --- [course-service] [main] com.netflix.discovery.DiscoveryClient    : Initializing Eureka in region us-east-1
2026-03-18T10:08:18.115+05:30  INFO 22488 --- [course-service] [main] c.n.d.s.r.aws.ConfigClusterResolver      : Resolving eureka endpoints via configuration
2026-03-18T10:08:18.201+05:30  INFO 22488 --- [course-service] [main] com.netflix.discovery.DiscoveryClient    : Disable delta property : false
2026-03-18T10:08:18.202+05:30  INFO 22488 --- [course-service] [main] com.netflix.discovery.DiscoveryClient    : Single vip registry refresh property : null
2026-03-18T10:08:18.202+05:30  INFO 22488 --- [course-service] [main] com.netflix.discovery.DiscoveryClient    : Force full registry fetch : false
2026-03-18T10:08:18.202+05:30  INFO 22488 --- [course-service] [main] com.netflix.discovery.DiscoveryClient    : Application is null : false
2026-03-18T10:08:18.202+05:30  INFO 22488 --- [course-service] [main] com.netflix.discovery.DiscoveryClient    : Registered Applications size is zero : true
2026-03-18T10:08:18.202+05:30  INFO 22488 --- [course-service] [main] com.netflix.discovery.DiscoveryClient    : Application version is -1: true
2026-03-18T10:08:18.203+05:30  INFO 22488 --- [course-service] [main] com.netflix.discovery.DiscoveryClient    : Getting all instance registry info from the eureka server
2026-03-18T10:08:19.700+05:30  INFO 22488 --- [course-service] [main] com.netflix.discovery.DiscoveryClient    : The response status is 200
2026-03-18T10:08:19.706+05:30  INFO 22488 --- [course-service] [main] com.netflix.discovery.DiscoveryClient    : Starting heartbeat executor: renew interval is: 30
2026-03-18T10:08:19.718+05:30  INFO 22488 --- [course-service] [main] c.n.discovery.InstanceInfoReplicator     : InstanceInfoReplicator onDemand update allowed rate per min is 4
2026-03-18T10:08:19.733+05:30  INFO 22488 --- [course-service] [main] com.netflix.discovery.DiscoveryClient    : Discovery Client initialized at timestamp 1773808699732 with initial instances count: 0
2026-03-18T10:08:19.743+05:30  INFO 22488 --- [course-service] [main] o.s.c.n.e.s.EurekaServiceRegistry        : Registering application COURSE-SERVICE with eureka with status UP
2026-03-18T10:08:19.744+05:30  INFO 22488 --- [course-service] [main] com.netflix.discovery.DiscoveryClient    : Saw local status change event StatusChangeEvent [timestamp=1773808699744, current=UP, previous=STARTING]
2026-03-18T10:08:19.748+05:30  INFO 22488 --- [course-service] [DiscoveryClient-InstanceInfoReplicator-0] com.netflix.discovery.DiscoveryClient    : DiscoveryClient_COURSE-SERVICE/81DH353.mshome.net:course-service:8082: registering service...
2026-03-18T10:08:19.838+05:30  INFO 22488 --- [course-service] [main] o.s.b.w.embedded.tomcat.TomcatWebServer  : Tomcat started on port 8082 (http) with context path ''
2026-03-18T10:08:19.842+05:30  INFO 22488 --- [course-service] [main] .s.c.n.e.s.EurekaAutoServiceRegistration : Updating port to 8082
2026-03-18T10:08:19.970+05:30  INFO 22488 --- [course-service] [main] c.e.c.CourseServiceApplication           : Started CourseServiceApplication in 29.809 seconds (process running for 36.883)
2026-03-18T10:08:20.128+05:30  INFO 22488 --- [course-service] [DiscoveryClient-InstanceInfoReplicator-0] com.netflix.discovery.DiscoveryClient    : DiscoveryClient_COURSE-SERVICE/81DH353.mshome.net:course-service:8082 - registration status: 204
2026-03-18T10:08:49.709+05:30  INFO 22488 --- [course-service] [DiscoveryClient-CacheRefreshExecutor-0] com.netflix.discovery.DiscoveryClient    : Disable delta property : false
2026-03-18T10:08:49.710+05:30  INFO 22488 --- [course-service] [DiscoveryClient-CacheRefreshExecutor-0] com.netflix.discovery.DiscoveryClient    : Single vip registry refresh property : null
2026-03-18T10:08:49.711+05:30  INFO 22488 --- [course-service] [DiscoveryClient-CacheRefreshExecutor-0] com.netflix.discovery.DiscoveryClient    : Force full registry fetch : false
2026-03-18T10:08:49.713+05:30  INFO 22488 --- [course-service] [DiscoveryClient-CacheRefreshExecutor-0] com.netflix.discovery.DiscoveryClient    : Application is null : false
2026-03-18T10:08:49.713+05:30  INFO 22488 --- [course-service] [DiscoveryClient-CacheRefreshExecutor-0] com.netflix.discovery.DiscoveryClient    : Registered Applications size is zero : true
2026-03-18T10:08:49.713+05:30  INFO 22488 --- [course-service] [DiscoveryClient-CacheRefreshExecutor-0] com.netflix.discovery.DiscoveryClient    : Application version is -1: false
2026-03-18T10:08:49.713+05:30  INFO 22488 --- [course-service] [DiscoveryClient-CacheRefreshExecutor-0] com.netflix.discovery.DiscoveryClient    : Getting all instance registry info from the eureka server
2026-03-18T10:08:49.818+05:30  INFO 22488 --- [course-service] [DiscoveryClient-CacheRefreshExecutor-0] com.netflix.discovery.DiscoveryClient    : The response status is 200
2026-03-18T10:13:10.370+05:30  INFO 22488 --- [course-service] [http-nio-8082-exec-2] o.a.c.c.C.[Tomcat].[localhost].[/]       : Initializing Spring DispatcherServlet 'dispatcherServlet'
2026-03-18T10:13:10.370+05:30  INFO 22488 --- [course-service] [http-nio-8082-exec-2] o.s.web.servlet.DispatcherServlet        : Initializing Servlet 'dispatcherServlet'
2026-03-18T10:13:10.377+05:30  INFO 22488 --- [course-service] [http-nio-8082-exec-2] o.s.web.servlet.DispatcherServlet        : Completed initialization in 7 ms
2026-03-18T10:13:11.026+05:30 DEBUG 22488 --- [course-service] [http-nio-8082-exec-2] org.hibernate.SQL                        : 
    select
        c1_0.course_id,
        c1_0.course_code,
        c1_0.course_name,
        c1_0.created_at,
        c1_0.credits,
        c1_0.description,
        c1_0.is_active,
        c1_0.is_indexed,
        c1_0.max_students,
        c1_0.semester,
        c1_0.teacher_id,
        c1_0.updated_at,
        c1_0.year 
    from
        courses c1_0 
    where
        c1_0.teacher_id=?
2026-03-18T10:13:11.250+05:30 DEBUG 22488 --- [course-service] [http-nio-8082-exec-3] org.hibernate.SQL                        : 
    select
        c1_0.course_id,
        c1_0.course_code,
        c1_0.course_name,
        c1_0.created_at,
        c1_0.credits,
        c1_0.description,
        c1_0.is_active,
        c1_0.is_indexed,
        c1_0.max_students,
        c1_0.semester,
        c1_0.teacher_id,
        c1_0.updated_at,
        c1_0.year 
    from
        courses c1_0 
    where
        c1_0.teacher_id=?
2026-03-18T10:13:11.393+05:30 DEBUG 22488 --- [course-service] [http-nio-8082-exec-6] org.hibernate.SQL                        : 
    select
        c1_0.course_id,
        c1_0.course_code,
        c1_0.course_name,
        c1_0.created_at,
        c1_0.credits,
        c1_0.description,
        c1_0.is_active,
        c1_0.is_indexed,
        c1_0.max_students,
        c1_0.semester,
        c1_0.teacher_id,
        c1_0.updated_at,
        c1_0.year 
    from
        courses c1_0 
    where
        c1_0.teacher_id=?
2026-03-18T10:13:13.706+05:30 DEBUG 22488 --- [course-service] [http-nio-8082-exec-7] org.hibernate.SQL                        : 
    select
        e1_0.enrollment_id,
        e1_0.course_id,
        e1_0.enrollment_date,
        e1_0.semester,
        e1_0.enrollment_status,
        e1_0.student_id 
    from
        enrollments e1_0 
    where
        e1_0.course_id=? 
        and e1_0.enrollment_status=?
2026-03-18T10:13:18.209+05:30  INFO 22488 --- [course-service] [AsyncResolver-bootstrap-executor-0] c.n.d.s.r.aws.ConfigClusterResolver      : Resolving eureka endpoints via configuration
2026-03-18T10:13:19.152+05:30 DEBUG 22488 --- [course-service] [http-nio-8082-exec-10] org.hibernate.SQL                        : 
    select
        c1_0.course_id,
        c1_0.course_code,
        c1_0.course_name,
        c1_0.created_at,
        c1_0.credits,
        c1_0.description,
        c1_0.is_active,
        c1_0.is_indexed,
        c1_0.max_students,
        c1_0.semester,
        c1_0.teacher_id,
        c1_0.updated_at,
        c1_0.year 
    from
        courses c1_0
2026-03-18T10:13:19.216+05:30 DEBUG 22488 --- [course-service] [http-nio-8082-exec-1] org.hibernate.SQL                        : 
    select
        c1_0.course_id,
        c1_0.course_code,
        c1_0.course_name,
        c1_0.created_at,
        c1_0.credits,
        c1_0.description,
        c1_0.is_active,
        c1_0.is_indexed,
        c1_0.max_students,
        c1_0.semester,
        c1_0.teacher_id,
        c1_0.updated_at,
        c1_0.year 
    from
        courses c1_0
2026-03-18T10:13:19.218+05:30 DEBUG 22488 --- [course-service] [http-nio-8082-exec-4] org.hibernate.SQL                        : 
    select
        c1_0.course_id,
        c1_0.course_code,
        c1_0.course_name,
        c1_0.created_at,
        c1_0.credits,
        c1_0.description,
        c1_0.is_active,
        c1_0.is_indexed,
        c1_0.max_students,
        c1_0.semester,
        c1_0.teacher_id,
        c1_0.updated_at,
        c1_0.year 
    from
        courses c1_0 
    where
        c1_0.teacher_id=?
2026-03-18T10:13:19.264+05:30 DEBUG 22488 --- [course-service] [http-nio-8082-exec-5] org.hibernate.SQL                        : 
    select
        c1_0.course_id,
        c1_0.course_code,
        c1_0.course_name,
        c1_0.created_at,
        c1_0.credits,
        c1_0.description,
        c1_0.is_active,
        c1_0.is_indexed,
        c1_0.max_students,
        c1_0.semester,
        c1_0.teacher_id,
        c1_0.updated_at,
        c1_0.year 
    from
        courses c1_0 
    where
        c1_0.teacher_id=?
2026-03-18T10:18:06.377+05:30 DEBUG 22488 --- [course-service] [http-nio-8082-exec-2] org.hibernate.SQL                        : 
    select
        e1_0.enrollment_id,
        e1_0.course_id,
        e1_0.enrollment_date,
        e1_0.semester,
        e1_0.enrollment_status,
        e1_0.student_id 
    from
        enrollments e1_0 
    where
        e1_0.student_id=?
2026-03-18T10:18:06.407+05:30 DEBUG 22488 --- [course-service] [http-nio-8082-exec-2] org.hibernate.SQL                        : 
    select
        c1_0.course_id,
        c1_0.course_code,
        c1_0.course_name,
        c1_0.created_at,
        c1_0.credits,
        c1_0.description,
        c1_0.is_active,
        c1_0.is_indexed,
        c1_0.max_students,
        c1_0.semester,
        c1_0.teacher_id,
        c1_0.updated_at,
        c1_0.year 
    from
        courses c1_0 
    where
        c1_0.course_id=?
2026-03-18T10:18:06.574+05:30 DEBUG 22488 --- [course-service] [http-nio-8082-exec-3] org.hibernate.SQL                        : 
    select
        e1_0.enrollment_id,
        e1_0.course_id,
        e1_0.enrollment_date,
        e1_0.semester,
        e1_0.enrollment_status,
        e1_0.student_id 
    from
        enrollments e1_0 
    where
        e1_0.student_id=?
2026-03-18T10:18:06.578+05:30 DEBUG 22488 --- [course-service] [http-nio-8082-exec-3] org.hibernate.SQL                        : 
    select
        c1_0.course_id,
        c1_0.course_code,
        c1_0.course_name,
        c1_0.created_at,
        c1_0.credits,
        c1_0.description,
        c1_0.is_active,
        c1_0.is_indexed,
        c1_0.max_students,
        c1_0.semester,
        c1_0.teacher_id,
        c1_0.updated_at,
        c1_0.year 
    from
        courses c1_0 
    where
        c1_0.course_id=?
2026-03-18T10:18:08.737+05:30 DEBUG 22488 --- [course-service] [http-nio-8082-exec-6] org.hibernate.SQL                        : 
    select
        c1_0.course_id,
        c1_0.course_code,
        c1_0.course_name,
        c1_0.created_at,
        c1_0.credits,
        c1_0.description,
        c1_0.is_active,
        c1_0.is_indexed,
        c1_0.max_students,
        c1_0.semester,
        c1_0.teacher_id,
        c1_0.updated_at,
        c1_0.year 
    from
        courses c1_0
2026-03-18T10:18:08.776+05:30 DEBUG 22488 --- [course-service] [http-nio-8082-exec-10] org.hibernate.SQL                        : 
    select
        e1_0.enrollment_id,
        e1_0.course_id,
        e1_0.enrollment_date,
        e1_0.semester,
        e1_0.enrollment_status,
        e1_0.student_id 
    from
        enrollments e1_0 
    where
        e1_0.student_id=?
2026-03-18T10:18:08.779+05:30 DEBUG 22488 --- [course-service] [http-nio-8082-exec-7] org.hibernate.SQL                        : 
    select
        c1_0.course_id,
        c1_0.course_code,
        c1_0.course_name,
        c1_0.created_at,
        c1_0.credits,
        c1_0.description,
        c1_0.is_active,
        c1_0.is_indexed,
        c1_0.max_students,
        c1_0.semester,
        c1_0.teacher_id,
        c1_0.updated_at,
        c1_0.year 
    from
        courses c1_0
2026-03-18T10:18:08.783+05:30 DEBUG 22488 --- [course-service] [http-nio-8082-exec-10] org.hibernate.SQL                        : 
    select
        c1_0.course_id,
        c1_0.course_code,
        c1_0.course_name,
        c1_0.created_at,
        c1_0.credits,
        c1_0.description,
        c1_0.is_active,
        c1_0.is_indexed,
        c1_0.max_students,
        c1_0.semester,
        c1_0.teacher_id,
        c1_0.updated_at,
        c1_0.year 
    from
        courses c1_0 
    where
        c1_0.course_id=?
2026-03-18T10:18:08.848+05:30 DEBUG 22488 --- [course-service] [http-nio-8082-exec-1] org.hibernate.SQL                        : 
    select
        e1_0.enrollment_id,
        e1_0.course_id,
        e1_0.enrollment_date,
        e1_0.semester,
        e1_0.enrollment_status,
        e1_0.student_id 
    from
        enrollments e1_0 
    where
        e1_0.student_id=?
2026-03-18T10:18:08.857+05:30 DEBUG 22488 --- [course-service] [http-nio-8082-exec-1] org.hibernate.SQL                        : 
    select
        c1_0.course_id,
        c1_0.course_code,
        c1_0.course_name,
        c1_0.created_at,
        c1_0.credits,
        c1_0.description,
        c1_0.is_active,
        c1_0.is_indexed,
        c1_0.max_students,
        c1_0.semester,
        c1_0.teacher_id,
        c1_0.updated_at,
        c1_0.year 
    from
        courses c1_0 
    where
        c1_0.course_id=?
2026-03-18T10:18:10.021+05:30 DEBUG 22488 --- [course-service] [http-nio-8082-exec-4] org.hibernate.SQL                        : 
    select
        e1_0.enrollment_id,
        e1_0.course_id,
        e1_0.enrollment_date,
        e1_0.semester,
        e1_0.enrollment_status,
        e1_0.student_id 
    from
        enrollments e1_0 
    where
        e1_0.student_id=?
2026-03-18T10:18:10.059+05:30 DEBUG 22488 --- [course-service] [http-nio-8082-exec-5] org.hibernate.SQL                        : 
    select
        e1_0.enrollment_id,
        e1_0.course_id,
        e1_0.enrollment_date,
        e1_0.semester,
        e1_0.enrollment_status,
        e1_0.student_id 
    from
        enrollments e1_0 
    where
        e1_0.student_id=?
2026-03-18T10:18:18.231+05:30  INFO 22488 --- [course-service] [AsyncResolver-bootstrap-executor-0] c.n.d.s.r.aws.ConfigClusterResolver      : Resolving eureka endpoints via configuration
2026-03-18T10:23:03.142+05:30 DEBUG 22488 --- [course-service] [http-nio-8082-exec-2] org.hibernate.SQL                        : 
    select
        e1_0.enrollment_id,
        e1_0.course_id,
        e1_0.enrollment_date,
        e1_0.semester,
        e1_0.enrollment_status,
        e1_0.student_id 
    from
        enrollments e1_0 
    where
        e1_0.student_id=?
2026-03-18T10:23:03.161+05:30 DEBUG 22488 --- [course-service] [http-nio-8082-exec-2] org.hibernate.SQL                        : 
    select
        c1_0.course_id,
        c1_0.course_code,
        c1_0.course_name,
        c1_0.created_at,
        c1_0.credits,
        c1_0.description,
        c1_0.is_active,
        c1_0.is_indexed,
        c1_0.max_students,
        c1_0.semester,
        c1_0.teacher_id,
        c1_0.updated_at,
        c1_0.year 
    from
        courses c1_0 
    where
        c1_0.course_id=?
2026-03-18T10:23:03.250+05:30 DEBUG 22488 --- [course-service] [http-nio-8082-exec-3] org.hibernate.SQL                        : 
    select
        e1_0.enrollment_id,
        e1_0.course_id,
        e1_0.enrollment_date,
        e1_0.semester,
        e1_0.enrollment_status,
        e1_0.student_id 
    from
        enrollments e1_0 
    where
        e1_0.student_id=?
2026-03-18T10:23:03.258+05:30 DEBUG 22488 --- [course-service] [http-nio-8082-exec-3] org.hibernate.SQL                        : 
    select
        c1_0.course_id,
        c1_0.course_code,
        c1_0.course_name,
        c1_0.created_at,
        c1_0.credits,
        c1_0.description,
        c1_0.is_active,
        c1_0.is_indexed,
        c1_0.max_students,
        c1_0.semester,
        c1_0.teacher_id,
        c1_0.updated_at,
        c1_0.year 
    from
        courses c1_0 
    where
        c1_0.course_id=?
2026-03-18T10:23:08.486+05:30 DEBUG 22488 --- [course-service] [http-nio-8082-exec-6] org.hibernate.SQL                        : 
    select
        e1_0.enrollment_id,
        e1_0.course_id,
        e1_0.enrollment_date,
        e1_0.semester,
        e1_0.enrollment_status,
        e1_0.student_id 
    from
        enrollments e1_0 
    where
        e1_0.student_id=?
2026-03-18T10:23:08.546+05:30 DEBUG 22488 --- [course-service] [http-nio-8082-exec-10] org.hibernate.SQL                        : 
    select
        e1_0.enrollment_id,
        e1_0.course_id,
        e1_0.enrollment_date,
        e1_0.semester,
        e1_0.enrollment_status,
        e1_0.student_id 
    from
        enrollments e1_0 
    where
        e1_0.student_id=?
2026-03-18T10:23:18.262+05:30  INFO 22488 --- [course-service] [AsyncResolver-bootstrap-executor-0] c.n.d.s.r.aws.ConfigClusterResolver      : Resolving eureka endpoints via configuration
2026-03-18T10:24:03.547+05:30 DEBUG 22488 --- [course-service] [http-nio-8082-exec-7] org.hibernate.SQL                        : 
    select
        e1_0.enrollment_id,
        e1_0.course_id,
        e1_0.enrollment_date,
        e1_0.semester,
        e1_0.enrollment_status,
        e1_0.student_id 
    from
        enrollments e1_0 
    where
        e1_0.student_id=?
2026-03-18T10:24:03.575+05:30 DEBUG 22488 --- [course-service] [http-nio-8082-exec-7] org.hibernate.SQL                        : 
    select
        c1_0.course_id,
        c1_0.course_code,
        c1_0.course_name,
        c1_0.created_at,
        c1_0.credits,
        c1_0.description,
        c1_0.is_active,
        c1_0.is_indexed,
        c1_0.max_students,
        c1_0.semester,
        c1_0.teacher_id,
        c1_0.updated_at,
        c1_0.year 
    from
        courses c1_0 
    where
        c1_0.course_id=?
2026-03-18T10:24:03.650+05:30 DEBUG 22488 --- [course-service] [http-nio-8082-exec-1] org.hibernate.SQL                        : 
    select
        e1_0.enrollment_id,
        e1_0.course_id,
        e1_0.enrollment_date,
        e1_0.semester,
        e1_0.enrollment_status,
        e1_0.student_id 
    from
        enrollments e1_0 
    where
        e1_0.student_id=?
2026-03-18T10:24:03.682+05:30 DEBUG 22488 --- [course-service] [http-nio-8082-exec-1] org.hibernate.SQL                        : 
    select
        c1_0.course_id,
        c1_0.course_code,
        c1_0.course_name,
        c1_0.created_at,
        c1_0.credits,
        c1_0.description,
        c1_0.is_active,
        c1_0.is_indexed,
        c1_0.max_students,
        c1_0.semester,
        c1_0.teacher_id,
        c1_0.updated_at,
        c1_0.year 
    from
        courses c1_0 
    where
        c1_0.course_id=?
2026-03-18T10:24:05.913+05:30 DEBUG 22488 --- [course-service] [http-nio-8082-exec-4] org.hibernate.SQL                        : 
    select
        c1_0.course_id,
        c1_0.course_code,
        c1_0.course_name,
        c1_0.created_at,
        c1_0.credits,
        c1_0.description,
        c1_0.is_active,
        c1_0.is_indexed,
        c1_0.max_students,
        c1_0.semester,
        c1_0.teacher_id,
        c1_0.updated_at,
        c1_0.year 
    from
        courses c1_0
2026-03-18T10:24:05.951+05:30 DEBUG 22488 --- [course-service] [http-nio-8082-exec-5] org.hibernate.SQL                        : 
    select
        c1_0.course_id,
        c1_0.course_code,
        c1_0.course_name,
        c1_0.created_at,
        c1_0.credits,
        c1_0.description,
        c1_0.is_active,
        c1_0.is_indexed,
        c1_0.max_students,
        c1_0.semester,
        c1_0.teacher_id,
        c1_0.updated_at,
        c1_0.year 
    from
        courses c1_0
2026-03-18T10:24:05.967+05:30 DEBUG 22488 --- [course-service] [http-nio-8082-exec-8] org.hibernate.SQL                        : 
    select
        e1_0.enrollment_id,
        e1_0.course_id,
        e1_0.enrollment_date,
        e1_0.semester,
        e1_0.enrollment_status,
        e1_0.student_id 
    from
        enrollments e1_0 
    where
        e1_0.student_id=?
2026-03-18T10:24:05.979+05:30 DEBUG 22488 --- [course-service] [http-nio-8082-exec-8] org.hibernate.SQL                        : 
    select
        c1_0.course_id,
        c1_0.course_code,
        c1_0.course_name,
        c1_0.created_at,
        c1_0.credits,
        c1_0.description,
        c1_0.is_active,
        c1_0.is_indexed,
        c1_0.max_students,
        c1_0.semester,
        c1_0.teacher_id,
        c1_0.updated_at,
        c1_0.year 
    from
        courses c1_0 
    where
        c1_0.course_id=?
2026-03-18T10:24:06.012+05:30 DEBUG 22488 --- [course-service] [http-nio-8082-exec-9] org.hibernate.SQL                        : 
    select
        e1_0.enrollment_id,
        e1_0.course_id,
        e1_0.enrollment_date,
        e1_0.semester,
        e1_0.enrollment_status,
        e1_0.student_id 
    from
        enrollments e1_0 
    where
        e1_0.student_id=?
2026-03-18T10:24:06.017+05:30 DEBUG 22488 --- [course-service] [http-nio-8082-exec-9] org.hibernate.SQL                        : 
    select
        c1_0.course_id,
        c1_0.course_code,
        c1_0.course_name,
        c1_0.created_at,
        c1_0.credits,
        c1_0.description,
        c1_0.is_active,
        c1_0.is_indexed,
        c1_0.max_students,
        c1_0.semester,
        c1_0.teacher_id,
        c1_0.updated_at,
        c1_0.year 
    from
        courses c1_0 
    where
        c1_0.course_id=?
2026-03-18T10:24:06.747+05:30 DEBUG 22488 --- [course-service] [http-nio-8082-exec-2] org.hibernate.SQL                        : 
    select
        e1_0.enrollment_id,
        e1_0.course_id,
        e1_0.enrollment_date,
        e1_0.semester,
        e1_0.enrollment_status,
        e1_0.student_id 
    from
        enrollments e1_0 
    where
        e1_0.student_id=?
2026-03-18T10:24:06.795+05:30 DEBUG 22488 --- [course-service] [http-nio-8082-exec-3] org.hibernate.SQL                        : 
    select
        e1_0.enrollment_id,
        e1_0.course_id,
        e1_0.enrollment_date,
        e1_0.semester,
        e1_0.enrollment_status,
        e1_0.student_id 
    from
        enrollments e1_0 
    where
        e1_0.student_id=?
2026-03-18T10:26:35.374+05:30 DEBUG 22488 --- [course-service] [http-nio-8082-exec-7] org.hibernate.SQL                        : 
    select
        e1_0.enrollment_id,
        e1_0.course_id,
        e1_0.enrollment_date,
        e1_0.semester,
        e1_0.enrollment_status,
        e1_0.student_id 
    from
        enrollments e1_0 
    where
        e1_0.student_id=?
2026-03-18T10:26:35.385+05:30 DEBUG 22488 --- [course-service] [http-nio-8082-exec-7] org.hibernate.SQL                        : 
    select
        c1_0.course_id,
        c1_0.course_code,
        c1_0.course_name,
        c1_0.created_at,
        c1_0.credits,
        c1_0.description,
        c1_0.is_active,
        c1_0.is_indexed,
        c1_0.max_students,
        c1_0.semester,
        c1_0.teacher_id,
        c1_0.updated_at,
        c1_0.year 
    from
        courses c1_0 
    where
        c1_0.course_id=?
2026-03-18T10:26:35.447+05:30 DEBUG 22488 --- [course-service] [http-nio-8082-exec-1] org.hibernate.SQL                        : 
    select
        e1_0.enrollment_id,
        e1_0.course_id,
        e1_0.enrollment_date,
        e1_0.semester,
        e1_0.enrollment_status,
        e1_0.student_id 
    from
        enrollments e1_0 
    where
        e1_0.student_id=?
2026-03-18T10:26:35.459+05:30 DEBUG 22488 --- [course-service] [http-nio-8082-exec-1] org.hibernate.SQL                        : 
    select
        c1_0.course_id,
        c1_0.course_code,
        c1_0.course_name,
        c1_0.created_at,
        c1_0.credits,
        c1_0.description,
        c1_0.is_active,
        c1_0.is_indexed,
        c1_0.max_students,
        c1_0.semester,
        c1_0.teacher_id,
        c1_0.updated_at,
        c1_0.year 
    from
        courses c1_0 
    where
        c1_0.course_id=?
2026-03-18T10:28:18.269+05:30  INFO 22488 --- [course-service] [AsyncResolver-bootstrap-executor-0] c.n.d.s.r.aws.ConfigClusterResolver      : Resolving eureka endpoints via configuration
2026-03-18T10:33:18.285+05:30  INFO 22488 --- [course-service] [AsyncResolver-bootstrap-executor-0] c.n.d.s.r.aws.ConfigClusterResolver      : Resolving eureka endpoints via configuration
2026-03-18T10:38:18.304+05:30  INFO 22488 --- [course-service] [AsyncResolver-bootstrap-executor-0] c.n.d.s.r.aws.ConfigClusterResolver      : Resolving eureka endpoints via configuration
2026-03-18T10:41:42.603+05:30 DEBUG 22488 --- [course-service] [http-nio-8082-exec-5] org.hibernate.SQL                        : 
    select
        c1_0.course_id,
        c1_0.course_code,
        c1_0.course_name,
        c1_0.created_at,
        c1_0.credits,
        c1_0.description,
        c1_0.is_active,
        c1_0.is_indexed,
        c1_0.max_students,
        c1_0.semester,
        c1_0.teacher_id,
        c1_0.updated_at,
        c1_0.year 
    from
        courses c1_0 
    where
        c1_0.teacher_id=?
2026-03-18T10:41:42.652+05:30 DEBUG 22488 --- [course-service] [http-nio-8082-exec-8] org.hibernate.SQL                        : 
    select
        c1_0.course_id,
        c1_0.course_code,
        c1_0.course_name,
        c1_0.created_at,
        c1_0.credits,
        c1_0.description,
        c1_0.is_active,
        c1_0.is_indexed,
        c1_0.max_students,
        c1_0.semester,
        c1_0.teacher_id,
        c1_0.updated_at,
        c1_0.year 
    from
        courses c1_0 
    where
        c1_0.teacher_id=?
2026-03-18T10:41:42.732+05:30 DEBUG 22488 --- [course-service] [http-nio-8082-exec-9] org.hibernate.SQL                        : 
    select
        c1_0.course_id,
        c1_0.course_code,
        c1_0.course_name,
        c1_0.created_at,
        c1_0.credits,
        c1_0.description,
        c1_0.is_active,
        c1_0.is_indexed,
        c1_0.max_students,
        c1_0.semester,
        c1_0.teacher_id,
        c1_0.updated_at,
        c1_0.year 
    from
        courses c1_0 
    where
        c1_0.teacher_id=?
2026-03-18T10:41:44.098+05:30 DEBUG 22488 --- [course-service] [http-nio-8082-exec-2] org.hibernate.SQL                        : 
    select
        e1_0.enrollment_id,
        e1_0.course_id,
        e1_0.enrollment_date,
        e1_0.semester,
        e1_0.enrollment_status,
        e1_0.student_id 
    from
        enrollments e1_0 
    where
        e1_0.course_id=? 
        and e1_0.enrollment_status=?
2026-03-18T10:43:18.347+05:30  INFO 22488 --- [course-service] [AsyncResolver-bootstrap-executor-0] c.n.d.s.r.aws.ConfigClusterResolver      : Resolving eureka endpoints via configuration
2026-03-18T10:44:37.769+05:30 DEBUG 22488 --- [course-service] [http-nio-8082-exec-10] org.hibernate.SQL                        : 
    select
        e1_0.enrollment_id,
        e1_0.course_id,
        e1_0.enrollment_date,
        e1_0.semester,
        e1_0.enrollment_status,
        e1_0.student_id 
    from
        enrollments e1_0 
    where
        e1_0.student_id=?
2026-03-18T10:44:37.784+05:30 DEBUG 22488 --- [course-service] [http-nio-8082-exec-10] org.hibernate.SQL                        : 
    select
        c1_0.course_id,
        c1_0.course_code,
        c1_0.course_name,
        c1_0.created_at,
        c1_0.credits,
        c1_0.description,
        c1_0.is_active,
        c1_0.is_indexed,
        c1_0.max_students,
        c1_0.semester,
        c1_0.teacher_id,
        c1_0.updated_at,
        c1_0.year 
    from
        courses c1_0 
    where
        c1_0.course_id=?
2026-03-18T10:44:37.812+05:30 DEBUG 22488 --- [course-service] [http-nio-8082-exec-6] org.hibernate.SQL                        : 
    select
        e1_0.enrollment_id,
        e1_0.course_id,
        e1_0.enrollment_date,
        e1_0.semester,
        e1_0.enrollment_status,
        e1_0.student_id 
    from
        enrollments e1_0 
    where
        e1_0.student_id=?
2026-03-18T10:44:37.822+05:30 DEBUG 22488 --- [course-service] [http-nio-8082-exec-6] org.hibernate.SQL                        : 
    select
        c1_0.course_id,
        c1_0.course_code,
        c1_0.course_name,
        c1_0.created_at,
        c1_0.credits,
        c1_0.description,
        c1_0.is_active,
        c1_0.is_indexed,
        c1_0.max_students,
        c1_0.semester,
        c1_0.teacher_id,
        c1_0.updated_at,
        c1_0.year 
    from
        courses c1_0 
    where
        c1_0.course_id=?
2026-03-18T10:44:39.654+05:30 DEBUG 22488 --- [course-service] [http-nio-8082-exec-7] org.hibernate.SQL                        : 
    select
        e1_0.enrollment_id,
        e1_0.course_id,
        e1_0.enrollment_date,
        e1_0.semester,
        e1_0.enrollment_status,
        e1_0.student_id 
    from
        enrollments e1_0 
    where
        e1_0.student_id=?
2026-03-18T10:44:39.693+05:30 DEBUG 22488 --- [course-service] [http-nio-8082-exec-1] org.hibernate.SQL                        : 
    select
        e1_0.enrollment_id,
        e1_0.course_id,
        e1_0.enrollment_date,
        e1_0.semester,
        e1_0.enrollment_status,
        e1_0.student_id 
    from
        enrollments e1_0 
    where
        e1_0.student_id=?
2026-03-18T10:47:05.330+05:30 DEBUG 22488 --- [course-service] [http-nio-8082-exec-5] org.hibernate.SQL                        : 
    select
        e1_0.enrollment_id,
        e1_0.course_id,
        e1_0.enrollment_date,
        e1_0.semester,
        e1_0.enrollment_status,
        e1_0.student_id 
    from
        enrollments e1_0 
    where
        e1_0.student_id=?
2026-03-18T10:47:05.341+05:30 DEBUG 22488 --- [course-service] [http-nio-8082-exec-5] org.hibernate.SQL                        : 
    select
        c1_0.course_id,
        c1_0.course_code,
        c1_0.course_name,
        c1_0.created_at,
        c1_0.credits,
        c1_0.description,
        c1_0.is_active,
        c1_0.is_indexed,
        c1_0.max_students,
        c1_0.semester,
        c1_0.teacher_id,
        c1_0.updated_at,
        c1_0.year 
    from
        courses c1_0 
    where
        c1_0.course_id=?
2026-03-18T10:47:05.386+05:30 DEBUG 22488 --- [course-service] [http-nio-8082-exec-8] org.hibernate.SQL                        : 
    select
        e1_0.enrollment_id,
        e1_0.course_id,
        e1_0.enrollment_date,
        e1_0.semester,
        e1_0.enrollment_status,
        e1_0.student_id 
    from
        enrollments e1_0 
    where
        e1_0.student_id=?
2026-03-18T10:47:05.392+05:30 DEBUG 22488 --- [course-service] [http-nio-8082-exec-8] org.hibernate.SQL                        : 
    select
        c1_0.course_id,
        c1_0.course_code,
        c1_0.course_name,
        c1_0.created_at,
        c1_0.credits,
        c1_0.description,
        c1_0.is_active,
        c1_0.is_indexed,
        c1_0.max_students,
        c1_0.semester,
        c1_0.teacher_id,
        c1_0.updated_at,
        c1_0.year 
    from
        courses c1_0 
    where
        c1_0.course_id=?
2026-03-18T10:47:10.444+05:30 DEBUG 22488 --- [course-service] [http-nio-8082-exec-9] org.hibernate.SQL                        : 
    select
        e1_0.enrollment_id,
        e1_0.course_id,
        e1_0.enrollment_date,
        e1_0.semester,
        e1_0.enrollment_status,
        e1_0.student_id 
    from
        enrollments e1_0 
    where
        e1_0.student_id=?
2026-03-18T10:47:10.470+05:30 DEBUG 22488 --- [course-service] [http-nio-8082-exec-2] org.hibernate.SQL                        : 
    select
        e1_0.enrollment_id,
        e1_0.course_id,
        e1_0.enrollment_date,
        e1_0.semester,
        e1_0.enrollment_status,
        e1_0.student_id 
    from
        enrollments e1_0 
    where
        e1_0.student_id=?
2026-03-18T10:48:18.366+05:30  INFO 22488 --- [course-service] [AsyncResolver-bootstrap-executor-0] c.n.d.s.r.aws.ConfigClusterResolver      : Resolving eureka endpoints via configuration
2026-03-18T10:53:18.385+05:30  INFO 22488 --- [course-service] [AsyncResolver-bootstrap-executor-0] c.n.d.s.r.aws.ConfigClusterResolver      : Resolving eureka endpoints via configuration
2026-03-18T10:58:18.398+05:30  INFO 22488 --- [course-service] [AsyncResolver-bootstrap-executor-0] c.n.d.s.r.aws.ConfigClusterResolver      : Resolving eureka endpoints via configuration
2026-03-18T11:00:25.096+05:30 DEBUG 22488 --- [course-service] [http-nio-8082-exec-10] org.hibernate.SQL                        : 
    select
        e1_0.enrollment_id,
        e1_0.course_id,
        e1_0.enrollment_date,
        e1_0.semester,
        e1_0.enrollment_status,
        e1_0.student_id 
    from
        enrollments e1_0 
    where
        e1_0.student_id=?
2026-03-18T11:00:25.115+05:30 DEBUG 22488 --- [course-service] [http-nio-8082-exec-10] org.hibernate.SQL                        : 
    select
        c1_0.course_id,
        c1_0.course_code,
        c1_0.course_name,
        c1_0.created_at,
        c1_0.credits,
        c1_0.description,
        c1_0.is_active,
        c1_0.is_indexed,
        c1_0.max_students,
        c1_0.semester,
        c1_0.teacher_id,
        c1_0.updated_at,
        c1_0.year 
    from
        courses c1_0 
    where
        c1_0.course_id=?
2026-03-18T11:00:25.157+05:30 DEBUG 22488 --- [course-service] [http-nio-8082-exec-6] org.hibernate.SQL                        : 
    select
        e1_0.enrollment_id,
        e1_0.course_id,
        e1_0.enrollment_date,
        e1_0.semester,
        e1_0.enrollment_status,
        e1_0.student_id 
    from
        enrollments e1_0 
    where
        e1_0.student_id=?
2026-03-18T11:00:25.164+05:30 DEBUG 22488 --- [course-service] [http-nio-8082-exec-6] org.hibernate.SQL                        : 
    select
        c1_0.course_id,
        c1_0.course_code,
        c1_0.course_name,
        c1_0.created_at,
        c1_0.credits,
        c1_0.description,
        c1_0.is_active,
        c1_0.is_indexed,
        c1_0.max_students,
        c1_0.semester,
        c1_0.teacher_id,
        c1_0.updated_at,
        c1_0.year 
    from
        courses c1_0 
    where
        c1_0.course_id=?
2026-03-18T11:00:29.894+05:30 DEBUG 22488 --- [course-service] [http-nio-8082-exec-7] org.hibernate.SQL                        : 
    select
        e1_0.enrollment_id,
        e1_0.course_id,
        e1_0.enrollment_date,
        e1_0.semester,
        e1_0.enrollment_status,
        e1_0.student_id 
    from
        enrollments e1_0 
    where
        e1_0.student_id=?
2026-03-18T11:00:29.926+05:30 DEBUG 22488 --- [course-service] [http-nio-8082-exec-1] org.hibernate.SQL                        : 
    select
        e1_0.enrollment_id,
        e1_0.course_id,
        e1_0.enrollment_date,
        e1_0.semester,
        e1_0.enrollment_status,
        e1_0.student_id 
    from
        enrollments e1_0 
    where
        e1_0.student_id=?
2026-03-18T11:00:31.034+05:30 DEBUG 22488 --- [course-service] [http-nio-8082-exec-4] org.hibernate.SQL                        : 
    select
        e1_0.enrollment_id,
        e1_0.course_id,
        e1_0.enrollment_date,
        e1_0.semester,
        e1_0.enrollment_status,
        e1_0.student_id 
    from
        enrollments e1_0 
    where
        e1_0.student_id=?
2026-03-18T11:00:31.044+05:30 DEBUG 22488 --- [course-service] [http-nio-8082-exec-4] org.hibernate.SQL                        : 
    select
        c1_0.course_id,
        c1_0.course_code,
        c1_0.course_name,
        c1_0.created_at,
        c1_0.credits,
        c1_0.description,
        c1_0.is_active,
        c1_0.is_indexed,
        c1_0.max_students,
        c1_0.semester,
        c1_0.teacher_id,
        c1_0.updated_at,
        c1_0.year 
    from
        courses c1_0 
    where
        c1_0.course_id=?
2026-03-18T11:00:31.124+05:30 DEBUG 22488 --- [course-service] [http-nio-8082-exec-5] org.hibernate.SQL                        : 
    select
        e1_0.enrollment_id,
        e1_0.course_id,
        e1_0.enrollment_date,
        e1_0.semester,
        e1_0.enrollment_status,
        e1_0.student_id 
    from
        enrollments e1_0 
    where
        e1_0.student_id=?
2026-03-18T11:00:31.127+05:30 DEBUG 22488 --- [course-service] [http-nio-8082-exec-5] org.hibernate.SQL                        : 
    select
        c1_0.course_id,
        c1_0.course_code,
        c1_0.course_name,
        c1_0.created_at,
        c1_0.credits,
        c1_0.description,
        c1_0.is_active,
        c1_0.is_indexed,
        c1_0.max_students,
        c1_0.semester,
        c1_0.teacher_id,
        c1_0.updated_at,
        c1_0.year 
    from
        courses c1_0 
    where
        c1_0.course_id=?
2026-03-18T11:00:38.212+05:30 DEBUG 22488 --- [course-service] [http-nio-8082-exec-8] org.hibernate.SQL                        : 
    select
        e1_0.enrollment_id,
        e1_0.course_id,
        e1_0.enrollment_date,
        e1_0.semester,
        e1_0.enrollment_status,
        e1_0.student_id 
    from
        enrollments e1_0 
    where
        e1_0.student_id=?
2026-03-18T11:00:38.226+05:30 DEBUG 22488 --- [course-service] [http-nio-8082-exec-8] org.hibernate.SQL                        : 
    select
        c1_0.course_id,
        c1_0.course_code,
        c1_0.course_name,
        c1_0.created_at,
        c1_0.credits,
        c1_0.description,
        c1_0.is_active,
        c1_0.is_indexed,
        c1_0.max_students,
        c1_0.semester,
        c1_0.teacher_id,
        c1_0.updated_at,
        c1_0.year 
    from
        courses c1_0 
    where
        c1_0.course_id=?
2026-03-18T11:00:38.253+05:30 DEBUG 22488 --- [course-service] [http-nio-8082-exec-9] org.hibernate.SQL                        : 
    select
        e1_0.enrollment_id,
        e1_0.course_id,
        e1_0.enrollment_date,
        e1_0.semester,
        e1_0.enrollment_status,
        e1_0.student_id 
    from
        enrollments e1_0 
    where
        e1_0.student_id=?
2026-03-18T11:00:38.260+05:30 DEBUG 22488 --- [course-service] [http-nio-8082-exec-9] org.hibernate.SQL                        : 
    select
        c1_0.course_id,
        c1_0.course_code,
        c1_0.course_name,
        c1_0.created_at,
        c1_0.credits,
        c1_0.description,
        c1_0.is_active,
        c1_0.is_indexed,
        c1_0.max_students,
        c1_0.semester,
        c1_0.teacher_id,
        c1_0.updated_at,
        c1_0.year 
    from
        courses c1_0 
    where
        c1_0.course_id=?
2026-03-18T11:00:40.914+05:30 DEBUG 22488 --- [course-service] [http-nio-8082-exec-2] org.hibernate.SQL                        : 
    select
        e1_0.enrollment_id,
        e1_0.course_id,
        e1_0.enrollment_date,
        e1_0.semester,
        e1_0.enrollment_status,
        e1_0.student_id 
    from
        enrollments e1_0 
    where
        e1_0.student_id=?
2026-03-18T11:00:40.923+05:30 DEBUG 22488 --- [course-service] [http-nio-8082-exec-2] org.hibernate.SQL                        : 
    select
        c1_0.course_id,
        c1_0.course_code,
        c1_0.course_name,
        c1_0.created_at,
        c1_0.credits,
        c1_0.description,
        c1_0.is_active,
        c1_0.is_indexed,
        c1_0.max_students,
        c1_0.semester,
        c1_0.teacher_id,
        c1_0.updated_at,
        c1_0.year 
    from
        courses c1_0 
    where
        c1_0.course_id=?
2026-03-18T11:00:40.958+05:30 DEBUG 22488 --- [course-service] [http-nio-8082-exec-3] org.hibernate.SQL                        : 
    select
        e1_0.enrollment_id,
        e1_0.course_id,
        e1_0.enrollment_date,
        e1_0.semester,
        e1_0.enrollment_status,
        e1_0.student_id 
    from
        enrollments e1_0 
    where
        e1_0.student_id=?
2026-03-18T11:00:40.964+05:30 DEBUG 22488 --- [course-service] [http-nio-8082-exec-3] org.hibernate.SQL                        : 
    select
        c1_0.course_id,
        c1_0.course_code,
        c1_0.course_name,
        c1_0.created_at,
        c1_0.credits,
        c1_0.description,
        c1_0.is_active,
        c1_0.is_indexed,
        c1_0.max_students,
        c1_0.semester,
        c1_0.teacher_id,
        c1_0.updated_at,
        c1_0.year 
    from
        courses c1_0 
    where
        c1_0.course_id=?
2026-03-18T11:00:42.160+05:30 DEBUG 22488 --- [course-service] [http-nio-8082-exec-10] org.hibernate.SQL                        : 
    select
        e1_0.enrollment_id,
        e1_0.course_id,
        e1_0.enrollment_date,
        e1_0.semester,
        e1_0.enrollment_status,
        e1_0.student_id 
    from
        enrollments e1_0 
    where
        e1_0.student_id=?
2026-03-18T11:00:42.171+05:30 DEBUG 22488 --- [course-service] [http-nio-8082-exec-10] org.hibernate.SQL                        : 
    select
        c1_0.course_id,
        c1_0.course_code,
        c1_0.course_name,
        c1_0.created_at,
        c1_0.credits,
        c1_0.description,
        c1_0.is_active,
        c1_0.is_indexed,
        c1_0.max_students,
        c1_0.semester,
        c1_0.teacher_id,
        c1_0.updated_at,
        c1_0.year 
    from
        courses c1_0 
    where
        c1_0.course_id=?
2026-03-18T11:00:42.193+05:30 DEBUG 22488 --- [course-service] [http-nio-8082-exec-6] org.hibernate.SQL                        : 
    select
        e1_0.enrollment_id,
        e1_0.course_id,
        e1_0.enrollment_date,
        e1_0.semester,
        e1_0.enrollment_status,
        e1_0.student_id 
    from
        enrollments e1_0 
    where
        e1_0.student_id=?
2026-03-18T11:00:42.206+05:30 DEBUG 22488 --- [course-service] [http-nio-8082-exec-6] org.hibernate.SQL                        : 
    select
        c1_0.course_id,
        c1_0.course_code,
        c1_0.course_name,
        c1_0.created_at,
        c1_0.credits,
        c1_0.description,
        c1_0.is_active,
        c1_0.is_indexed,
        c1_0.max_students,
        c1_0.semester,
        c1_0.teacher_id,
        c1_0.updated_at,
        c1_0.year 
    from
        courses c1_0 
    where
        c1_0.course_id=?
2026-03-18T11:00:45.541+05:30 DEBUG 22488 --- [course-service] [http-nio-8082-exec-7] org.hibernate.SQL                        : 
    select
        e1_0.enrollment_id,
        e1_0.course_id,
        e1_0.enrollment_date,
        e1_0.semester,
        e1_0.enrollment_status,
        e1_0.student_id 
    from
        enrollments e1_0 
    where
        e1_0.student_id=?
2026-03-18T11:00:45.564+05:30 DEBUG 22488 --- [course-service] [http-nio-8082-exec-1] org.hibernate.SQL                        : 
    select
        e1_0.enrollment_id,
        e1_0.course_id,
        e1_0.enrollment_date,
        e1_0.semester,
        e1_0.enrollment_status,
        e1_0.student_id 
    from
        enrollments e1_0 
    where
        e1_0.student_id=?
2026-03-18T11:00:51.529+05:30 DEBUG 22488 --- [course-service] [http-nio-8082-exec-4] org.hibernate.SQL                        : 
    select
        e1_0.enrollment_id,
        e1_0.course_id,
        e1_0.enrollment_date,
        e1_0.semester,
        e1_0.enrollment_status,
        e1_0.student_id 
    from
        enrollments e1_0 
    where
        e1_0.student_id=?
2026-03-18T11:00:51.539+05:30 DEBUG 22488 --- [course-service] [http-nio-8082-exec-4] org.hibernate.SQL                        : 
    select
        c1_0.course_id,
        c1_0.course_code,
        c1_0.course_name,
        c1_0.created_at,
        c1_0.credits,
        c1_0.description,
        c1_0.is_active,
        c1_0.is_indexed,
        c1_0.max_students,
        c1_0.semester,
        c1_0.teacher_id,
        c1_0.updated_at,
        c1_0.year 
    from
        courses c1_0 
    where
        c1_0.course_id=?
2026-03-18T11:00:51.562+05:30 DEBUG 22488 --- [course-service] [http-nio-8082-exec-5] org.hibernate.SQL                        : 
    select
        e1_0.enrollment_id,
        e1_0.course_id,
        e1_0.enrollment_date,
        e1_0.semester,
        e1_0.enrollment_status,
        e1_0.student_id 
    from
        enrollments e1_0 
    where
        e1_0.student_id=?
2026-03-18T11:00:51.571+05:30 DEBUG 22488 --- [course-service] [http-nio-8082-exec-5] org.hibernate.SQL                        : 
    select
        c1_0.course_id,
        c1_0.course_code,
        c1_0.course_name,
        c1_0.created_at,
        c1_0.credits,
        c1_0.description,
        c1_0.is_active,
        c1_0.is_indexed,
        c1_0.max_students,
        c1_0.semester,
        c1_0.teacher_id,
        c1_0.updated_at,
        c1_0.year 
    from
        courses c1_0 
    where
        c1_0.course_id=?
2026-03-18T11:03:18.409+05:30  INFO 22488 --- [course-service] [AsyncResolver-bootstrap-executor-0] c.n.d.s.r.aws.ConfigClusterResolver      : Resolving eureka endpoints via configuration
2026-03-18T11:06:35.735+05:30 DEBUG 22488 --- [course-service] [http-nio-8082-exec-9] org.hibernate.SQL                        : 
    select
        e1_0.enrollment_id,
        e1_0.course_id,
        e1_0.enrollment_date,
        e1_0.semester,
        e1_0.enrollment_status,
        e1_0.student_id 
    from
        enrollments e1_0 
    where
        e1_0.student_id=?
2026-03-18T11:06:35.740+05:30 DEBUG 22488 --- [course-service] [http-nio-8082-exec-9] org.hibernate.SQL                        : 
    select
        c1_0.course_id,
        c1_0.course_code,
        c1_0.course_name,
        c1_0.created_at,
        c1_0.credits,
        c1_0.description,
        c1_0.is_active,
        c1_0.is_indexed,
        c1_0.max_students,
        c1_0.semester,
        c1_0.teacher_id,
        c1_0.updated_at,
        c1_0.year 
    from
        courses c1_0 
    where
        c1_0.course_id=?
2026-03-18T11:06:35.782+05:30 DEBUG 22488 --- [course-service] [http-nio-8082-exec-2] org.hibernate.SQL                        : 
    select
        e1_0.enrollment_id,
        e1_0.course_id,
        e1_0.enrollment_date,
        e1_0.semester,
        e1_0.enrollment_status,
        e1_0.student_id 
    from
        enrollments e1_0 
    where
        e1_0.student_id=?
2026-03-18T11:06:35.790+05:30 DEBUG 22488 --- [course-service] [http-nio-8082-exec-2] org.hibernate.SQL                        : 
    select
        c1_0.course_id,
        c1_0.course_code,
        c1_0.course_name,
        c1_0.created_at,
        c1_0.credits,
        c1_0.description,
        c1_0.is_active,
        c1_0.is_indexed,
        c1_0.max_students,
        c1_0.semester,
        c1_0.teacher_id,
        c1_0.updated_at,
        c1_0.year 
    from
        courses c1_0 
    where
        c1_0.course_id=?
2026-03-18T11:06:52.496+05:30 DEBUG 22488 --- [course-service] [http-nio-8082-exec-3] org.hibernate.SQL                        : 
    select
        c1_0.course_id,
        c1_0.course_code,
        c1_0.course_name,
        c1_0.created_at,
        c1_0.credits,
        c1_0.description,
        c1_0.is_active,
        c1_0.is_indexed,
        c1_0.max_students,
        c1_0.semester,
        c1_0.teacher_id,
        c1_0.updated_at,
        c1_0.year 
    from
        courses c1_0
2026-03-18T11:06:52.518+05:30 DEBUG 22488 --- [course-service] [http-nio-8082-exec-10] org.hibernate.SQL                        : 
    select
        c1_0.course_id,
        c1_0.course_code,
        c1_0.course_name,
        c1_0.created_at,
        c1_0.credits,
        c1_0.description,
        c1_0.is_active,
        c1_0.is_indexed,
        c1_0.max_students,
        c1_0.semester,
        c1_0.teacher_id,
        c1_0.updated_at,
        c1_0.year 
    from
        courses c1_0
2026-03-18T11:06:52.528+05:30 DEBUG 22488 --- [course-service] [http-nio-8082-exec-6] org.hibernate.SQL                        : 
    select
        e1_0.enrollment_id,
        e1_0.course_id,
        e1_0.enrollment_date,
        e1_0.semester,
        e1_0.enrollment_status,
        e1_0.student_id 
    from
        enrollments e1_0 
    where
        e1_0.student_id=?
2026-03-18T11:06:52.535+05:30 DEBUG 22488 --- [course-service] [http-nio-8082-exec-6] org.hibernate.SQL                        : 
    select
        c1_0.course_id,
        c1_0.course_code,
        c1_0.course_name,
        c1_0.created_at,
        c1_0.credits,
        c1_0.description,
        c1_0.is_active,
        c1_0.is_indexed,
        c1_0.max_students,
        c1_0.semester,
        c1_0.teacher_id,
        c1_0.updated_at,
        c1_0.year 
    from
        courses c1_0 
    where
        c1_0.course_id=?
2026-03-18T11:06:52.551+05:30 DEBUG 22488 --- [course-service] [http-nio-8082-exec-7] org.hibernate.SQL                        : 
    select
        e1_0.enrollment_id,
        e1_0.course_id,
        e1_0.enrollment_date,
        e1_0.semester,
        e1_0.enrollment_status,
        e1_0.student_id 
    from
        enrollments e1_0 
    where
        e1_0.student_id=?
2026-03-18T11:06:52.556+05:30 DEBUG 22488 --- [course-service] [http-nio-8082-exec-7] org.hibernate.SQL                        : 
    select
        c1_0.course_id,
        c1_0.course_code,
        c1_0.course_name,
        c1_0.created_at,
        c1_0.credits,
        c1_0.description,
        c1_0.is_active,
        c1_0.is_indexed,
        c1_0.max_students,
        c1_0.semester,
        c1_0.teacher_id,
        c1_0.updated_at,
        c1_0.year 
    from
        courses c1_0 
    where
        c1_0.course_id=?
2026-03-18T11:06:53.756+05:30 DEBUG 22488 --- [course-service] [http-nio-8082-exec-1] org.hibernate.SQL                        : 
    select
        e1_0.enrollment_id,
        e1_0.course_id,
        e1_0.enrollment_date,
        e1_0.semester,
        e1_0.enrollment_status,
        e1_0.student_id 
    from
        enrollments e1_0 
    where
        e1_0.student_id=?
2026-03-18T11:06:53.760+05:30 DEBUG 22488 --- [course-service] [http-nio-8082-exec-1] org.hibernate.SQL                        : 
    select
        c1_0.course_id,
        c1_0.course_code,
        c1_0.course_name,
        c1_0.created_at,
        c1_0.credits,
        c1_0.description,
        c1_0.is_active,
        c1_0.is_indexed,
        c1_0.max_students,
        c1_0.semester,
        c1_0.teacher_id,
        c1_0.updated_at,
        c1_0.year 
    from
        courses c1_0 
    where
        c1_0.course_id=?
2026-03-18T11:06:53.794+05:30 DEBUG 22488 --- [course-service] [http-nio-8082-exec-4] org.hibernate.SQL                        : 
    select
        e1_0.enrollment_id,
        e1_0.course_id,
        e1_0.enrollment_date,
        e1_0.semester,
        e1_0.enrollment_status,
        e1_0.student_id 
    from
        enrollments e1_0 
    where
        e1_0.student_id=?
2026-03-18T11:06:53.800+05:30 DEBUG 22488 --- [course-service] [http-nio-8082-exec-4] org.hibernate.SQL                        : 
    select
        c1_0.course_id,
        c1_0.course_code,
        c1_0.course_name,
        c1_0.created_at,
        c1_0.credits,
        c1_0.description,
        c1_0.is_active,
        c1_0.is_indexed,
        c1_0.max_students,
        c1_0.semester,
        c1_0.teacher_id,
        c1_0.updated_at,
        c1_0.year 
    from
        courses c1_0 
    where
        c1_0.course_id=?
2026-03-18T11:07:04.718+05:30 DEBUG 22488 --- [course-service] [http-nio-8082-exec-5] org.hibernate.SQL                        : 
    select
        e1_0.enrollment_id,
        e1_0.course_id,
        e1_0.enrollment_date,
        e1_0.semester,
        e1_0.enrollment_status,
        e1_0.student_id 
    from
        enrollments e1_0 
    where
        e1_0.student_id=?
2026-03-18T11:07:04.725+05:30 DEBUG 22488 --- [course-service] [http-nio-8082-exec-5] org.hibernate.SQL                        : 
    select
        c1_0.course_id,
        c1_0.course_code,
        c1_0.course_name,
        c1_0.created_at,
        c1_0.credits,
        c1_0.description,
        c1_0.is_active,
        c1_0.is_indexed,
        c1_0.max_students,
        c1_0.semester,
        c1_0.teacher_id,
        c1_0.updated_at,
        c1_0.year 
    from
        courses c1_0 
    where
        c1_0.course_id=?
2026-03-18T11:07:04.753+05:30 DEBUG 22488 --- [course-service] [http-nio-8082-exec-8] org.hibernate.SQL                        : 
    select
        e1_0.enrollment_id,
        e1_0.course_id,
        e1_0.enrollment_date,
        e1_0.semester,
        e1_0.enrollment_status,
        e1_0.student_id 
    from
        enrollments e1_0 
    where
        e1_0.student_id=?
2026-03-18T11:07:04.758+05:30 DEBUG 22488 --- [course-service] [http-nio-8082-exec-8] org.hibernate.SQL                        : 
    select
        c1_0.course_id,
        c1_0.course_code,
        c1_0.course_name,
        c1_0.created_at,
        c1_0.credits,
        c1_0.description,
        c1_0.is_active,
        c1_0.is_indexed,
        c1_0.max_students,
        c1_0.semester,
        c1_0.teacher_id,
        c1_0.updated_at,
        c1_0.year 
    from
        courses c1_0 
    where
        c1_0.course_id=?
2026-03-18T11:07:10.431+05:30 DEBUG 22488 --- [course-service] [http-nio-8082-exec-9] org.hibernate.SQL                        : 
    select
        e1_0.enrollment_id,
        e1_0.course_id,
        e1_0.enrollment_date,
        e1_0.semester,
        e1_0.enrollment_status,
        e1_0.student_id 
    from
        enrollments e1_0 
    where
        e1_0.student_id=?
2026-03-18T11:07:10.455+05:30 DEBUG 22488 --- [course-service] [http-nio-8082-exec-2] org.hibernate.SQL                        : 
    select
        e1_0.enrollment_id,
        e1_0.course_id,
        e1_0.enrollment_date,
        e1_0.semester,
        e1_0.enrollment_status,
        e1_0.student_id 
    from
        enrollments e1_0 
    where
        e1_0.student_id=?
2026-03-18T11:08:18.418+05:30  INFO 22488 --- [course-service] [AsyncResolver-bootstrap-executor-0] c.n.d.s.r.aws.ConfigClusterResolver      : Resolving eureka endpoints via configuration
2026-03-18T11:11:09.321+05:30 DEBUG 22488 --- [course-service] [http-nio-8082-exec-6] org.hibernate.SQL                        : 
    select
        e1_0.enrollment_id,
        e1_0.course_id,
        e1_0.enrollment_date,
        e1_0.semester,
        e1_0.enrollment_status,
        e1_0.student_id 
    from
        enrollments e1_0 
    where
        e1_0.student_id=?
2026-03-18T11:11:09.330+05:30 DEBUG 22488 --- [course-service] [http-nio-8082-exec-6] org.hibernate.SQL                        : 
    select
        c1_0.course_id,
        c1_0.course_code,
        c1_0.course_name,
        c1_0.created_at,
        c1_0.credits,
        c1_0.description,
        c1_0.is_active,
        c1_0.is_indexed,
        c1_0.max_students,
        c1_0.semester,
        c1_0.teacher_id,
        c1_0.updated_at,
        c1_0.year 
    from
        courses c1_0 
    where
        c1_0.course_id=?
2026-03-18T11:11:09.368+05:30 DEBUG 22488 --- [course-service] [http-nio-8082-exec-7] org.hibernate.SQL                        : 
    select
        e1_0.enrollment_id,
        e1_0.course_id,
        e1_0.enrollment_date,
        e1_0.semester,
        e1_0.enrollment_status,
        e1_0.student_id 
    from
        enrollments e1_0 
    where
        e1_0.student_id=?
2026-03-18T11:11:09.372+05:30 DEBUG 22488 --- [course-service] [http-nio-8082-exec-7] org.hibernate.SQL                        : 
    select
        c1_0.course_id,
        c1_0.course_code,
        c1_0.course_name,
        c1_0.created_at,
        c1_0.credits,
        c1_0.description,
        c1_0.is_active,
        c1_0.is_indexed,
        c1_0.max_students,
        c1_0.semester,
        c1_0.teacher_id,
        c1_0.updated_at,
        c1_0.year 
    from
        courses c1_0 
    where
        c1_0.course_id=?
2026-03-18T11:13:18.425+05:30  INFO 22488 --- [course-service] [AsyncResolver-bootstrap-executor-0] c.n.d.s.r.aws.ConfigClusterResolver      : Resolving eureka endpoints via configuration
2026-03-18T11:18:18.439+05:30  INFO 22488 --- [course-service] [AsyncResolver-bootstrap-executor-0] c.n.d.s.r.aws.ConfigClusterResolver      : Resolving eureka endpoints via configuration
2026-03-18T11:23:18.448+05:30  INFO 22488 --- [course-service] [AsyncResolver-bootstrap-executor-0] c.n.d.s.r.aws.ConfigClusterResolver      : Resolving eureka endpoints via configuration
2026-03-18T11:26:44.717+05:30 DEBUG 22488 --- [course-service] [http-nio-8082-exec-4] org.hibernate.SQL                        : 
    select
        c1_0.course_id,
        c1_0.course_code,
        c1_0.course_name,
        c1_0.created_at,
        c1_0.credits,
        c1_0.description,
        c1_0.is_active,
        c1_0.is_indexed,
        c1_0.max_students,
        c1_0.semester,
        c1_0.teacher_id,
        c1_0.updated_at,
        c1_0.year 
    from
        courses c1_0 
    where
        c1_0.teacher_id=?
2026-03-18T11:26:44.780+05:30 DEBUG 22488 --- [course-service] [http-nio-8082-exec-5] org.hibernate.SQL                        : 
    select
        c1_0.course_id,
        c1_0.course_code,
        c1_0.course_name,
        c1_0.created_at,
        c1_0.credits,
        c1_0.description,
        c1_0.is_active,
        c1_0.is_indexed,
        c1_0.max_students,
        c1_0.semester,
        c1_0.teacher_id,
        c1_0.updated_at,
        c1_0.year 
    from
        courses c1_0 
    where
        c1_0.teacher_id=?
2026-03-18T11:26:44.947+05:30 DEBUG 22488 --- [course-service] [http-nio-8082-exec-8] org.hibernate.SQL                        : 
    select
        c1_0.course_id,
        c1_0.course_code,
        c1_0.course_name,
        c1_0.created_at,
        c1_0.credits,
        c1_0.description,
        c1_0.is_active,
        c1_0.is_indexed,
        c1_0.max_students,
        c1_0.semester,
        c1_0.teacher_id,
        c1_0.updated_at,
        c1_0.year 
    from
        courses c1_0 
    where
        c1_0.teacher_id=?
2026-03-18T11:26:45.362+05:30 DEBUG 22488 --- [course-service] [http-nio-8082-exec-9] org.hibernate.SQL                        : 
    select
        e1_0.enrollment_id,
        e1_0.course_id,
        e1_0.enrollment_date,
        e1_0.semester,
        e1_0.enrollment_status,
        e1_0.student_id 
    from
        enrollments e1_0 
    where
        e1_0.course_id=? 
        and e1_0.enrollment_status=?
2026-03-18T11:28:18.454+05:30  INFO 22488 --- [course-service] [AsyncResolver-bootstrap-executor-0] c.n.d.s.r.aws.ConfigClusterResolver      : Resolving eureka endpoints via configuration
2026-03-18T11:33:18.462+05:30  INFO 22488 --- [course-service] [AsyncResolver-bootstrap-executor-0] c.n.d.s.r.aws.ConfigClusterResolver      : Resolving eureka endpoints via configuration
2026-03-18T11:38:18.475+05:30  INFO 22488 --- [course-service] [AsyncResolver-bootstrap-executor-0] c.n.d.s.r.aws.ConfigClusterResolver      : Resolving eureka endpoints via configuration
2026-03-18T11:43:18.506+05:30  INFO 22488 --- [course-service] [AsyncResolver-bootstrap-executor-0] c.n.d.s.r.aws.ConfigClusterResolver      : Resolving eureka endpoints via configuration
2026-03-18T11:45:17.337+05:30 DEBUG 22488 --- [course-service] [http-nio-8082-exec-10] org.hibernate.SQL                        : 
    select
        c1_0.course_id,
        c1_0.course_code,
        c1_0.course_name,
        c1_0.created_at,
        c1_0.credits,
        c1_0.description,
        c1_0.is_active,
        c1_0.is_indexed,
        c1_0.max_students,
        c1_0.semester,
        c1_0.teacher_id,
        c1_0.updated_at,
        c1_0.year 
    from
        courses c1_0 
    where
        c1_0.teacher_id=?
2026-03-18T11:45:17.374+05:30 DEBUG 22488 --- [course-service] [http-nio-8082-exec-3] org.hibernate.SQL                        : 
    select
        c1_0.course_id,
        c1_0.course_code,
        c1_0.course_name,
        c1_0.created_at,
        c1_0.credits,
        c1_0.description,
        c1_0.is_active,
        c1_0.is_indexed,
        c1_0.max_students,
        c1_0.semester,
        c1_0.teacher_id,
        c1_0.updated_at,
        c1_0.year 
    from
        courses c1_0 
    where
        c1_0.teacher_id=?
2026-03-18T11:45:17.450+05:30 DEBUG 22488 --- [course-service] [http-nio-8082-exec-6] org.hibernate.SQL                        : 
    select
        c1_0.course_id,
        c1_0.course_code,
        c1_0.course_name,
        c1_0.created_at,
        c1_0.credits,
        c1_0.description,
        c1_0.is_active,
        c1_0.is_indexed,
        c1_0.max_students,
        c1_0.semester,
        c1_0.teacher_id,
        c1_0.updated_at,
        c1_0.year 
    from
        courses c1_0 
    where
        c1_0.teacher_id=?
2026-03-18T11:45:17.767+05:30 DEBUG 22488 --- [course-service] [http-nio-8082-exec-7] org.hibernate.SQL                        : 
    select
        e1_0.enrollment_id,
        e1_0.course_id,
        e1_0.enrollment_date,
        e1_0.semester,
        e1_0.enrollment_status,
        e1_0.student_id 
    from
        enrollments e1_0 
    where
        e1_0.course_id=? 
        and e1_0.enrollment_status=?
2026-03-18T11:48:18.518+05:30  INFO 22488 --- [course-service] [AsyncResolver-bootstrap-executor-0] c.n.d.s.r.aws.ConfigClusterResolver      : Resolving eureka endpoints via configuration
2026-03-18T11:53:18.527+05:30  INFO 22488 --- [course-service] [AsyncResolver-bootstrap-executor-0] c.n.d.s.r.aws.ConfigClusterResolver      : Resolving eureka endpoints via configuration
2026-03-18T11:56:14.832+05:30 DEBUG 22488 --- [course-service] [http-nio-8082-exec-4] org.hibernate.SQL                        : 
    select
        c1_0.course_id,
        c1_0.course_code,
        c1_0.course_name,
        c1_0.created_at,
        c1_0.credits,
        c1_0.description,
        c1_0.is_active,
        c1_0.is_indexed,
        c1_0.max_students,
        c1_0.semester,
        c1_0.teacher_id,
        c1_0.updated_at,
        c1_0.year 
    from
        courses c1_0 
    where
        c1_0.teacher_id=?
2026-03-18T11:56:14.872+05:30 DEBUG 22488 --- [course-service] [http-nio-8082-exec-5] org.hibernate.SQL                        : 
    select
        c1_0.course_id,
        c1_0.course_code,
        c1_0.course_name,
        c1_0.created_at,
        c1_0.credits,
        c1_0.description,
        c1_0.is_active,
        c1_0.is_indexed,
        c1_0.max_students,
        c1_0.semester,
        c1_0.teacher_id,
        c1_0.updated_at,
        c1_0.year 
    from
        courses c1_0 
    where
        c1_0.teacher_id=?
2026-03-18T11:56:14.935+05:30 DEBUG 22488 --- [course-service] [http-nio-8082-exec-8] org.hibernate.SQL                        : 
    select
        c1_0.course_id,
        c1_0.course_code,
        c1_0.course_name,
        c1_0.created_at,
        c1_0.credits,
        c1_0.description,
        c1_0.is_active,
        c1_0.is_indexed,
        c1_0.max_students,
        c1_0.semester,
        c1_0.teacher_id,
        c1_0.updated_at,
        c1_0.year 
    from
        courses c1_0 
    where
        c1_0.teacher_id=?
2026-03-18T11:56:15.310+05:30 DEBUG 22488 --- [course-service] [http-nio-8082-exec-9] org.hibernate.SQL                        : 
    select
        e1_0.enrollment_id,
        e1_0.course_id,
        e1_0.enrollment_date,
        e1_0.semester,
        e1_0.enrollment_status,
        e1_0.student_id 
    from
        enrollments e1_0 
    where
        e1_0.course_id=? 
        and e1_0.enrollment_status=?
2026-03-18T11:58:18.545+05:30  INFO 22488 --- [course-service] [AsyncResolver-bootstrap-executor-0] c.n.d.s.r.aws.ConfigClusterResolver      : Resolving eureka endpoints via configuration
2026-03-18T12:01:55.463+05:30 DEBUG 22488 --- [course-service] [http-nio-8082-exec-10] org.hibernate.SQL                        : 
    select
        e1_0.enrollment_id,
        e1_0.course_id,
        e1_0.enrollment_date,
        e1_0.semester,
        e1_0.enrollment_status,
        e1_0.student_id 
    from
        enrollments e1_0 
    where
        e1_0.student_id=?
2026-03-18T12:01:55.478+05:30 DEBUG 22488 --- [course-service] [http-nio-8082-exec-10] org.hibernate.SQL                        : 
    select
        c1_0.course_id,
        c1_0.course_code,
        c1_0.course_name,
        c1_0.created_at,
        c1_0.credits,
        c1_0.description,
        c1_0.is_active,
        c1_0.is_indexed,
        c1_0.max_students,
        c1_0.semester,
        c1_0.teacher_id,
        c1_0.updated_at,
        c1_0.year 
    from
        courses c1_0 
    where
        c1_0.course_id=?
2026-03-18T12:01:55.509+05:30 DEBUG 22488 --- [course-service] [http-nio-8082-exec-3] org.hibernate.SQL                        : 
    select
        e1_0.enrollment_id,
        e1_0.course_id,
        e1_0.enrollment_date,
        e1_0.semester,
        e1_0.enrollment_status,
        e1_0.student_id 
    from
        enrollments e1_0 
    where
        e1_0.student_id=?
2026-03-18T12:01:55.513+05:30 DEBUG 22488 --- [course-service] [http-nio-8082-exec-3] org.hibernate.SQL                        : 
    select
        c1_0.course_id,
        c1_0.course_code,
        c1_0.course_name,
        c1_0.created_at,
        c1_0.credits,
        c1_0.description,
        c1_0.is_active,
        c1_0.is_indexed,
        c1_0.max_students,
        c1_0.semester,
        c1_0.teacher_id,
        c1_0.updated_at,
        c1_0.year 
    from
        courses c1_0 
    where
        c1_0.course_id=?
2026-03-18T12:01:58.623+05:30 DEBUG 22488 --- [course-service] [http-nio-8082-exec-6] org.hibernate.SQL                        : 
    select
        e1_0.enrollment_id,
        e1_0.course_id,
        e1_0.enrollment_date,
        e1_0.semester,
        e1_0.enrollment_status,
        e1_0.student_id 
    from
        enrollments e1_0 
    where
        e1_0.student_id=?
2026-03-18T12:01:58.628+05:30 DEBUG 22488 --- [course-service] [http-nio-8082-exec-6] org.hibernate.SQL                        : 
    select
        c1_0.course_id,
        c1_0.course_code,
        c1_0.course_name,
        c1_0.created_at,
        c1_0.credits,
        c1_0.description,
        c1_0.is_active,
        c1_0.is_indexed,
        c1_0.max_students,
        c1_0.semester,
        c1_0.teacher_id,
        c1_0.updated_at,
        c1_0.year 
    from
        courses c1_0 
    where
        c1_0.course_id=?
2026-03-18T12:01:58.647+05:30 DEBUG 22488 --- [course-service] [http-nio-8082-exec-7] org.hibernate.SQL                        : 
    select
        e1_0.enrollment_id,
        e1_0.course_id,
        e1_0.enrollment_date,
        e1_0.semester,
        e1_0.enrollment_status,
        e1_0.student_id 
    from
        enrollments e1_0 
    where
        e1_0.student_id=?
2026-03-18T12:01:58.651+05:30 DEBUG 22488 --- [course-service] [http-nio-8082-exec-7] org.hibernate.SQL                        : 
    select
        c1_0.course_id,
        c1_0.course_code,
        c1_0.course_name,
        c1_0.created_at,
        c1_0.credits,
        c1_0.description,
        c1_0.is_active,
        c1_0.is_indexed,
        c1_0.max_students,
        c1_0.semester,
        c1_0.teacher_id,
        c1_0.updated_at,
        c1_0.year 
    from
        courses c1_0 
    where
        c1_0.course_id=?
2026-03-18T12:01:59.805+05:30 DEBUG 22488 --- [course-service] [http-nio-8082-exec-1] org.hibernate.SQL                        : 
    select
        e1_0.enrollment_id,
        e1_0.course_id,
        e1_0.enrollment_date,
        e1_0.semester,
        e1_0.enrollment_status,
        e1_0.student_id 
    from
        enrollments e1_0 
    where
        e1_0.student_id=?
2026-03-18T12:01:59.821+05:30 DEBUG 22488 --- [course-service] [http-nio-8082-exec-4] org.hibernate.SQL                        : 
    select
        e1_0.enrollment_id,
        e1_0.course_id,
        e1_0.enrollment_date,
        e1_0.semester,
        e1_0.enrollment_status,
        e1_0.student_id 
    from
        enrollments e1_0 
    where
        e1_0.student_id=?
2026-03-18T12:03:18.552+05:30  INFO 22488 --- [course-service] [AsyncResolver-bootstrap-executor-0] c.n.d.s.r.aws.ConfigClusterResolver      : Resolving eureka endpoints via configuration
2026-03-18T12:08:18.567+05:30  INFO 22488 --- [course-service] [AsyncResolver-bootstrap-executor-0] c.n.d.s.r.aws.ConfigClusterResolver      : Resolving eureka endpoints via configuration
2026-03-18T12:13:18.574+05:30  INFO 22488 --- [course-service] [AsyncResolver-bootstrap-executor-0] c.n.d.s.r.aws.ConfigClusterResolver      : Resolving eureka endpoints via configuration
2026-03-18T12:18:18.592+05:30  INFO 22488 --- [course-service] [AsyncResolver-bootstrap-executor-0] c.n.d.s.r.aws.ConfigClusterResolver      : Resolving eureka endpoints via configuration
2026-03-18T12:21:20.774+05:30 DEBUG 22488 --- [course-service] [http-nio-8082-exec-8] org.hibernate.SQL                        : 
    select
        c1_0.course_id,
        c1_0.course_code,
        c1_0.course_name,
        c1_0.created_at,
        c1_0.credits,
        c1_0.description,
        c1_0.is_active,
        c1_0.is_indexed,
        c1_0.max_students,
        c1_0.semester,
        c1_0.teacher_id,
        c1_0.updated_at,
        c1_0.year 
    from
        courses c1_0 
    where
        c1_0.teacher_id=?
2026-03-18T12:21:20.840+05:30 DEBUG 22488 --- [course-service] [http-nio-8082-exec-9] org.hibernate.SQL                        : 
    select
        c1_0.course_id,
        c1_0.course_code,
        c1_0.course_name,
        c1_0.created_at,
        c1_0.credits,
        c1_0.description,
        c1_0.is_active,
        c1_0.is_indexed,
        c1_0.max_students,
        c1_0.semester,
        c1_0.teacher_id,
        c1_0.updated_at,
        c1_0.year 
    from
        courses c1_0 
    where
        c1_0.teacher_id=?
2026-03-18T12:21:21.011+05:30 DEBUG 22488 --- [course-service] [http-nio-8082-exec-2] org.hibernate.SQL                        : 
    select
        c1_0.course_id,
        c1_0.course_code,
        c1_0.course_name,
        c1_0.created_at,
        c1_0.credits,
        c1_0.description,
        c1_0.is_active,
        c1_0.is_indexed,
        c1_0.max_students,
        c1_0.semester,
        c1_0.teacher_id,
        c1_0.updated_at,
        c1_0.year 
    from
        courses c1_0 
    where
        c1_0.teacher_id=?
2026-03-18T12:21:22.544+05:30 DEBUG 22488 --- [course-service] [http-nio-8082-exec-10] org.hibernate.SQL                        : 
    select
        e1_0.enrollment_id,
        e1_0.course_id,
        e1_0.enrollment_date,
        e1_0.semester,
        e1_0.enrollment_status,
        e1_0.student_id 
    from
        enrollments e1_0 
    where
        e1_0.course_id=? 
        and e1_0.enrollment_status=?
2026-03-18T12:23:18.613+05:30  INFO 22488 --- [course-service] [AsyncResolver-bootstrap-executor-0] c.n.d.s.r.aws.ConfigClusterResolver      : Resolving eureka endpoints via configuration
2026-03-18T12:28:18.621+05:30  INFO 22488 --- [course-service] [AsyncResolver-bootstrap-executor-0] c.n.d.s.r.aws.ConfigClusterResolver      : Resolving eureka endpoints via configuration
2026-03-18T12:29:51.594+05:30 DEBUG 22488 --- [course-service] [http-nio-8082-exec-6] org.hibernate.SQL                        : 
    select
        c1_0.course_id,
        c1_0.course_code,
        c1_0.course_name,
        c1_0.created_at,
        c1_0.credits,
        c1_0.description,
        c1_0.is_active,
        c1_0.is_indexed,
        c1_0.max_students,
        c1_0.semester,
        c1_0.teacher_id,
        c1_0.updated_at,
        c1_0.year 
    from
        courses c1_0 
    where
        c1_0.teacher_id=?
2026-03-18T12:29:51.656+05:30 DEBUG 22488 --- [course-service] [http-nio-8082-exec-7] org.hibernate.SQL                        : 
    select
        c1_0.course_id,
        c1_0.course_code,
        c1_0.course_name,
        c1_0.created_at,
        c1_0.credits,
        c1_0.description,
        c1_0.is_active,
        c1_0.is_indexed,
        c1_0.max_students,
        c1_0.semester,
        c1_0.teacher_id,
        c1_0.updated_at,
        c1_0.year 
    from
        courses c1_0 
    where
        c1_0.teacher_id=?
2026-03-18T12:29:51.933+05:30 DEBUG 22488 --- [course-service] [http-nio-8082-exec-1] org.hibernate.SQL                        : 
    select
        c1_0.course_id,
        c1_0.course_code,
        c1_0.course_name,
        c1_0.created_at,
        c1_0.credits,
        c1_0.description,
        c1_0.is_active,
        c1_0.is_indexed,
        c1_0.max_students,
        c1_0.semester,
        c1_0.teacher_id,
        c1_0.updated_at,
        c1_0.year 
    from
        courses c1_0 
    where
        c1_0.teacher_id=?
2026-03-18T12:29:53.021+05:30 DEBUG 22488 --- [course-service] [http-nio-8082-exec-4] org.hibernate.SQL                        : 
    select
        e1_0.enrollment_id,
        e1_0.course_id,
        e1_0.enrollment_date,
        e1_0.semester,
        e1_0.enrollment_status,
        e1_0.student_id 
    from
        enrollments e1_0 
    where
        e1_0.course_id=? 
        and e1_0.enrollment_status=?
2026-03-18T12:33:18.641+05:30  INFO 22488 --- [course-service] [AsyncResolver-bootstrap-executor-0] c.n.d.s.r.aws.ConfigClusterResolver      : Resolving eureka endpoints via configuration
2026-03-18T12:36:40.246+05:30 DEBUG 22488 --- [course-service] [http-nio-8082-exec-8] org.hibernate.SQL                        : 
    select
        e1_0.enrollment_id,
        e1_0.course_id,
        e1_0.enrollment_date,
        e1_0.semester,
        e1_0.enrollment_status,
        e1_0.student_id 
    from
        enrollments e1_0 
    where
        e1_0.student_id=?
2026-03-18T12:36:40.267+05:30 DEBUG 22488 --- [course-service] [http-nio-8082-exec-8] org.hibernate.SQL                        : 
    select
        c1_0.course_id,
        c1_0.course_code,
        c1_0.course_name,
        c1_0.created_at,
        c1_0.credits,
        c1_0.description,
        c1_0.is_active,
        c1_0.is_indexed,
        c1_0.max_students,
        c1_0.semester,
        c1_0.teacher_id,
        c1_0.updated_at,
        c1_0.year 
    from
        courses c1_0 
    where
        c1_0.course_id=?
2026-03-18T12:36:40.298+05:30 DEBUG 22488 --- [course-service] [http-nio-8082-exec-9] org.hibernate.SQL                        : 
    select
        e1_0.enrollment_id,
        e1_0.course_id,
        e1_0.enrollment_date,
        e1_0.semester,
        e1_0.enrollment_status,
        e1_0.student_id 
    from
        enrollments e1_0 
    where
        e1_0.student_id=?
2026-03-18T12:36:40.303+05:30 DEBUG 22488 --- [course-service] [http-nio-8082-exec-9] org.hibernate.SQL                        : 
    select
        c1_0.course_id,
        c1_0.course_code,
        c1_0.course_name,
        c1_0.created_at,
        c1_0.credits,
        c1_0.description,
        c1_0.is_active,
        c1_0.is_indexed,
        c1_0.max_students,
        c1_0.semester,
        c1_0.teacher_id,
        c1_0.updated_at,
        c1_0.year 
    from
        courses c1_0 
    where
        c1_0.course_id=?
2026-03-18T12:36:42.990+05:30 DEBUG 22488 --- [course-service] [http-nio-8082-exec-2] org.hibernate.SQL                        : 
    select
        e1_0.enrollment_id,
        e1_0.course_id,
        e1_0.enrollment_date,
        e1_0.semester,
        e1_0.enrollment_status,
        e1_0.student_id 
    from
        enrollments e1_0 
    where
        e1_0.student_id=?
2026-03-18T12:36:43.001+05:30 DEBUG 22488 --- [course-service] [http-nio-8082-exec-2] org.hibernate.SQL                        : 
    select
        c1_0.course_id,
        c1_0.course_code,
        c1_0.course_name,
        c1_0.created_at,
        c1_0.credits,
        c1_0.description,
        c1_0.is_active,
        c1_0.is_indexed,
        c1_0.max_students,
        c1_0.semester,
        c1_0.teacher_id,
        c1_0.updated_at,
        c1_0.year 
    from
        courses c1_0 
    where
        c1_0.course_id=?
2026-03-18T12:36:43.021+05:30 DEBUG 22488 --- [course-service] [http-nio-8082-exec-10] org.hibernate.SQL                        : 
    select
        e1_0.enrollment_id,
        e1_0.course_id,
        e1_0.enrollment_date,
        e1_0.semester,
        e1_0.enrollment_status,
        e1_0.student_id 
    from
        enrollments e1_0 
    where
        e1_0.student_id=?
2026-03-18T12:36:43.026+05:30 DEBUG 22488 --- [course-service] [http-nio-8082-exec-10] org.hibernate.SQL                        : 
    select
        c1_0.course_id,
        c1_0.course_code,
        c1_0.course_name,
        c1_0.created_at,
        c1_0.credits,
        c1_0.description,
        c1_0.is_active,
        c1_0.is_indexed,
        c1_0.max_students,
        c1_0.semester,
        c1_0.teacher_id,
        c1_0.updated_at,
        c1_0.year 
    from
        courses c1_0 
    where
        c1_0.course_id=?
2026-03-18T12:36:43.860+05:30 DEBUG 22488 --- [course-service] [http-nio-8082-exec-3] org.hibernate.SQL                        : 
    select
        e1_0.enrollment_id,
        e1_0.course_id,
        e1_0.enrollment_date,
        e1_0.semester,
        e1_0.enrollment_status,
        e1_0.student_id 
    from
        enrollments e1_0 
    where
        e1_0.student_id=?
2026-03-18T12:36:43.880+05:30 DEBUG 22488 --- [course-service] [http-nio-8082-exec-6] org.hibernate.SQL                        : 
    select
        e1_0.enrollment_id,
        e1_0.course_id,
        e1_0.enrollment_date,
        e1_0.semester,
        e1_0.enrollment_status,
        e1_0.student_id 
    from
        enrollments e1_0 
    where
        e1_0.student_id=?
2026-03-18T12:38:18.647+05:30  INFO 22488 --- [course-service] [AsyncResolver-bootstrap-executor-0] c.n.d.s.r.aws.ConfigClusterResolver      : Resolving eureka endpoints via configuration
2026-03-18T12:42:20.819+05:30 DEBUG 22488 --- [course-service] [http-nio-8082-exec-1] org.hibernate.SQL                        : 
    select
        e1_0.enrollment_id,
        e1_0.course_id,
        e1_0.enrollment_date,
        e1_0.semester,
        e1_0.enrollment_status,
        e1_0.student_id 
    from
        enrollments e1_0 
    where
        e1_0.student_id=?
2026-03-18T12:42:20.829+05:30 DEBUG 22488 --- [course-service] [http-nio-8082-exec-1] org.hibernate.SQL                        : 
    select
        c1_0.course_id,
        c1_0.course_code,
        c1_0.course_name,
        c1_0.created_at,
        c1_0.credits,
        c1_0.description,
        c1_0.is_active,
        c1_0.is_indexed,
        c1_0.max_students,
        c1_0.semester,
        c1_0.teacher_id,
        c1_0.updated_at,
        c1_0.year 
    from
        courses c1_0 
    where
        c1_0.course_id=?
2026-03-18T12:42:20.866+05:30 DEBUG 22488 --- [course-service] [http-nio-8082-exec-4] org.hibernate.SQL                        : 
    select
        e1_0.enrollment_id,
        e1_0.course_id,
        e1_0.enrollment_date,
        e1_0.semester,
        e1_0.enrollment_status,
        e1_0.student_id 
    from
        enrollments e1_0 
    where
        e1_0.student_id=?
2026-03-18T12:42:20.870+05:30 DEBUG 22488 --- [course-service] [http-nio-8082-exec-4] org.hibernate.SQL                        : 
    select
        c1_0.course_id,
        c1_0.course_code,
        c1_0.course_name,
        c1_0.created_at,
        c1_0.credits,
        c1_0.description,
        c1_0.is_active,
        c1_0.is_indexed,
        c1_0.max_students,
        c1_0.semester,
        c1_0.teacher_id,
        c1_0.updated_at,
        c1_0.year 
    from
        courses c1_0 
    where
        c1_0.course_id=?
2026-03-18T12:43:18.666+05:30  INFO 22488 --- [course-service] [AsyncResolver-bootstrap-executor-0] c.n.d.s.r.aws.ConfigClusterResolver      : Resolving eureka endpoints via configuration
2026-03-18T12:43:34.603+05:30 DEBUG 22488 --- [course-service] [http-nio-8082-exec-8] org.hibernate.SQL                        : 
    select
        e1_0.enrollment_id,
        e1_0.course_id,
        e1_0.enrollment_date,
        e1_0.semester,
        e1_0.enrollment_status,
        e1_0.student_id 
    from
        enrollments e1_0 
    where
        e1_0.student_id=?
2026-03-18T12:43:34.622+05:30 DEBUG 22488 --- [course-service] [http-nio-8082-exec-9] org.hibernate.SQL                        : 
    select
        e1_0.enrollment_id,
        e1_0.course_id,
        e1_0.enrollment_date,
        e1_0.semester,
        e1_0.enrollment_status,
        e1_0.student_id 
    from
        enrollments e1_0 
    where
        e1_0.student_id=?
2026-03-18T12:45:06.441+05:30 DEBUG 22488 --- [course-service] [http-nio-8082-exec-10] org.hibernate.SQL                        : 
    select
        e1_0.enrollment_id,
        e1_0.course_id,
        e1_0.enrollment_date,
        e1_0.semester,
        e1_0.enrollment_status,
        e1_0.student_id 
    from
        enrollments e1_0 
    where
        e1_0.student_id=?
2026-03-18T12:45:06.451+05:30 DEBUG 22488 --- [course-service] [http-nio-8082-exec-10] org.hibernate.SQL                        : 
    select
        c1_0.course_id,
        c1_0.course_code,
        c1_0.course_name,
        c1_0.created_at,
        c1_0.credits,
        c1_0.description,
        c1_0.is_active,
        c1_0.is_indexed,
        c1_0.max_students,
        c1_0.semester,
        c1_0.teacher_id,
        c1_0.updated_at,
        c1_0.year 
    from
        courses c1_0 
    where
        c1_0.course_id=?
2026-03-18T12:45:06.552+05:30 DEBUG 22488 --- [course-service] [http-nio-8082-exec-3] org.hibernate.SQL                        : 
    select
        e1_0.enrollment_id,
        e1_0.course_id,
        e1_0.enrollment_date,
        e1_0.semester,
        e1_0.enrollment_status,
        e1_0.student_id 
    from
        enrollments e1_0 
    where
        e1_0.student_id=?
2026-03-18T12:45:06.558+05:30 DEBUG 22488 --- [course-service] [http-nio-8082-exec-3] org.hibernate.SQL                        : 
    select
        c1_0.course_id,
        c1_0.course_code,
        c1_0.course_name,
        c1_0.created_at,
        c1_0.credits,
        c1_0.description,
        c1_0.is_active,
        c1_0.is_indexed,
        c1_0.max_students,
        c1_0.semester,
        c1_0.teacher_id,
        c1_0.updated_at,
        c1_0.year 
    from
        courses c1_0 
    where
        c1_0.course_id=?
2026-03-18T12:45:15.295+05:30 DEBUG 22488 --- [course-service] [http-nio-8082-exec-6] org.hibernate.SQL                        : 
    select
        e1_0.enrollment_id,
        e1_0.course_id,
        e1_0.enrollment_date,
        e1_0.semester,
        e1_0.enrollment_status,
        e1_0.student_id 
    from
        enrollments e1_0 
    where
        e1_0.student_id=?
2026-03-18T12:45:15.411+05:30 DEBUG 22488 --- [course-service] [http-nio-8082-exec-7] org.hibernate.SQL                        : 
    select
        e1_0.enrollment_id,
        e1_0.course_id,
        e1_0.enrollment_date,
        e1_0.semester,
        e1_0.enrollment_status,
        e1_0.student_id 
    from
        enrollments e1_0 
    where
        e1_0.student_id=?
2026-03-18T12:46:13.414+05:30 DEBUG 22488 --- [course-service] [http-nio-8082-exec-1] org.hibernate.SQL                        : 
    select
        e1_0.enrollment_id,
        e1_0.course_id,
        e1_0.enrollment_date,
        e1_0.semester,
        e1_0.enrollment_status,
        e1_0.student_id 
    from
        enrollments e1_0 
    where
        e1_0.student_id=?
2026-03-18T12:46:13.421+05:30 DEBUG 22488 --- [course-service] [http-nio-8082-exec-1] org.hibernate.SQL                        : 
    select
        c1_0.course_id,
        c1_0.course_code,
        c1_0.course_name,
        c1_0.created_at,
        c1_0.credits,
        c1_0.description,
        c1_0.is_active,
        c1_0.is_indexed,
        c1_0.max_students,
        c1_0.semester,
        c1_0.teacher_id,
        c1_0.updated_at,
        c1_0.year 
    from
        courses c1_0 
    where
        c1_0.course_id=?
2026-03-18T12:46:13.479+05:30 DEBUG 22488 --- [course-service] [http-nio-8082-exec-4] org.hibernate.SQL                        : 
    select
        e1_0.enrollment_id,
        e1_0.course_id,
        e1_0.enrollment_date,
        e1_0.semester,
        e1_0.enrollment_status,
        e1_0.student_id 
    from
        enrollments e1_0 
    where
        e1_0.student_id=?
2026-03-18T12:46:13.497+05:30 DEBUG 22488 --- [course-service] [http-nio-8082-exec-4] org.hibernate.SQL                        : 
    select
        c1_0.course_id,
        c1_0.course_code,
        c1_0.course_name,
        c1_0.created_at,
        c1_0.credits,
        c1_0.description,
        c1_0.is_active,
        c1_0.is_indexed,
        c1_0.max_students,
        c1_0.semester,
        c1_0.teacher_id,
        c1_0.updated_at,
        c1_0.year 
    from
        courses c1_0 
    where
        c1_0.course_id=?
2026-03-18T12:48:18.684+05:30  INFO 22488 --- [course-service] [AsyncResolver-bootstrap-executor-0] c.n.d.s.r.aws.ConfigClusterResolver      : Resolving eureka endpoints via configuration
2026-03-18T12:52:01.876+05:30 DEBUG 22488 --- [course-service] [http-nio-8082-exec-8] org.hibernate.SQL                        : 
    select
        e1_0.enrollment_id,
        e1_0.course_id,
        e1_0.enrollment_date,
        e1_0.semester,
        e1_0.enrollment_status,
        e1_0.student_id 
    from
        enrollments e1_0 
    where
        e1_0.student_id=?
2026-03-18T12:52:01.926+05:30 DEBUG 22488 --- [course-service] [http-nio-8082-exec-9] org.hibernate.SQL                        : 
    select
        e1_0.enrollment_id,
        e1_0.course_id,
        e1_0.enrollment_date,
        e1_0.semester,
        e1_0.enrollment_status,
        e1_0.student_id 
    from
        enrollments e1_0 
    where
        e1_0.student_id=?
2026-03-18T12:53:18.695+05:30  INFO 22488 --- [course-service] [AsyncResolver-bootstrap-executor-0] c.n.d.s.r.aws.ConfigClusterResolver      : Resolving eureka endpoints via configuration
2026-03-18T12:53:23.639+05:30 DEBUG 22488 --- [course-service] [http-nio-8082-exec-10] org.hibernate.SQL                        : 
    select
        e1_0.enrollment_id,
        e1_0.course_id,
        e1_0.enrollment_date,
        e1_0.semester,
        e1_0.enrollment_status,
        e1_0.student_id 
    from
        enrollments e1_0 
    where
        e1_0.student_id=?
2026-03-18T12:53:23.645+05:30 DEBUG 22488 --- [course-service] [http-nio-8082-exec-10] org.hibernate.SQL                        : 
    select
        c1_0.course_id,
        c1_0.course_code,
        c1_0.course_name,
        c1_0.created_at,
        c1_0.credits,
        c1_0.description,
        c1_0.is_active,
        c1_0.is_indexed,
        c1_0.max_students,
        c1_0.semester,
        c1_0.teacher_id,
        c1_0.updated_at,
        c1_0.year 
    from
        courses c1_0 
    where
        c1_0.course_id=?
2026-03-18T12:53:23.680+05:30 DEBUG 22488 --- [course-service] [http-nio-8082-exec-3] org.hibernate.SQL                        : 
    select
        e1_0.enrollment_id,
        e1_0.course_id,
        e1_0.enrollment_date,
        e1_0.semester,
        e1_0.enrollment_status,
        e1_0.student_id 
    from
        enrollments e1_0 
    where
        e1_0.student_id=?
2026-03-18T12:53:23.683+05:30 DEBUG 22488 --- [course-service] [http-nio-8082-exec-3] org.hibernate.SQL                        : 
    select
        c1_0.course_id,
        c1_0.course_code,
        c1_0.course_name,
        c1_0.created_at,
        c1_0.credits,
        c1_0.description,
        c1_0.is_active,
        c1_0.is_indexed,
        c1_0.max_students,
        c1_0.semester,
        c1_0.teacher_id,
        c1_0.updated_at,
        c1_0.year 
    from
        courses c1_0 
    where
        c1_0.course_id=?
2026-03-18T12:58:18.708+05:30  INFO 22488 --- [course-service] [AsyncResolver-bootstrap-executor-0] c.n.d.s.r.aws.ConfigClusterResolver      : Resolving eureka endpoints via configuration
2026-03-18T12:59:41.529+05:30 DEBUG 22488 --- [course-service] [http-nio-8082-exec-7] org.hibernate.SQL                        : 
    select
        e1_0.enrollment_id,
        e1_0.course_id,
        e1_0.enrollment_date,
        e1_0.semester,
        e1_0.enrollment_status,
        e1_0.student_id 
    from
        enrollments e1_0 
    where
        e1_0.student_id=?
2026-03-18T12:59:41.538+05:30 DEBUG 22488 --- [course-service] [http-nio-8082-exec-7] org.hibernate.SQL                        : 
    select
        c1_0.course_id,
        c1_0.course_code,
        c1_0.course_name,
        c1_0.created_at,
        c1_0.credits,
        c1_0.description,
        c1_0.is_active,
        c1_0.is_indexed,
        c1_0.max_students,
        c1_0.semester,
        c1_0.teacher_id,
        c1_0.updated_at,
        c1_0.year 
    from
        courses c1_0 
    where
        c1_0.course_id=?
2026-03-18T12:59:41.567+05:30 DEBUG 22488 --- [course-service] [http-nio-8082-exec-1] org.hibernate.SQL                        : 
    select
        e1_0.enrollment_id,
        e1_0.course_id,
        e1_0.enrollment_date,
        e1_0.semester,
        e1_0.enrollment_status,
        e1_0.student_id 
    from
        enrollments e1_0 
    where
        e1_0.student_id=?
2026-03-18T12:59:41.571+05:30 DEBUG 22488 --- [course-service] [http-nio-8082-exec-1] org.hibernate.SQL                        : 
    select
        c1_0.course_id,
        c1_0.course_code,
        c1_0.course_name,
        c1_0.created_at,
        c1_0.credits,
        c1_0.description,
        c1_0.is_active,
        c1_0.is_indexed,
        c1_0.max_students,
        c1_0.semester,
        c1_0.teacher_id,
        c1_0.updated_at,
        c1_0.year 
    from
        courses c1_0 
    where
        c1_0.course_id=?
2026-03-18T12:59:43.803+05:30 DEBUG 22488 --- [course-service] [http-nio-8082-exec-4] org.hibernate.SQL                        : 
    select
        e1_0.enrollment_id,
        e1_0.course_id,
        e1_0.enrollment_date,
        e1_0.semester,
        e1_0.enrollment_status,
        e1_0.student_id 
    from
        enrollments e1_0 
    where
        e1_0.student_id=?
2026-03-18T12:59:43.807+05:30 DEBUG 22488 --- [course-service] [http-nio-8082-exec-4] org.hibernate.SQL                        : 
    select
        c1_0.course_id,
        c1_0.course_code,
        c1_0.course_name,
        c1_0.created_at,
        c1_0.credits,
        c1_0.description,
        c1_0.is_active,
        c1_0.is_indexed,
        c1_0.max_students,
        c1_0.semester,
        c1_0.teacher_id,
        c1_0.updated_at,
        c1_0.year 
    from
        courses c1_0 
    where
        c1_0.course_id=?
2026-03-18T12:59:43.830+05:30 DEBUG 22488 --- [course-service] [http-nio-8082-exec-5] org.hibernate.SQL                        : 
    select
        e1_0.enrollment_id,
        e1_0.course_id,
        e1_0.enrollment_date,
        e1_0.semester,
        e1_0.enrollment_status,
        e1_0.student_id 
    from
        enrollments e1_0 
    where
        e1_0.student_id=?
2026-03-18T12:59:43.833+05:30 DEBUG 22488 --- [course-service] [http-nio-8082-exec-5] org.hibernate.SQL                        : 
    select
        c1_0.course_id,
        c1_0.course_code,
        c1_0.course_name,
        c1_0.created_at,
        c1_0.credits,
        c1_0.description,
        c1_0.is_active,
        c1_0.is_indexed,
        c1_0.max_students,
        c1_0.semester,
        c1_0.teacher_id,
        c1_0.updated_at,
        c1_0.year 
    from
        courses c1_0 
    where
        c1_0.course_id=?
2026-03-18T12:59:46.179+05:30 DEBUG 22488 --- [course-service] [http-nio-8082-exec-8] org.hibernate.SQL                        : 
    select
        e1_0.enrollment_id,
        e1_0.course_id,
        e1_0.enrollment_date,
        e1_0.semester,
        e1_0.enrollment_status,
        e1_0.student_id 
    from
        enrollments e1_0 
    where
        e1_0.student_id=?
2026-03-18T12:59:46.283+05:30 DEBUG 22488 --- [course-service] [http-nio-8082-exec-9] org.hibernate.SQL                        : 
    select
        e1_0.enrollment_id,
        e1_0.course_id,
        e1_0.enrollment_date,
        e1_0.semester,
        e1_0.enrollment_status,
        e1_0.student_id 
    from
        enrollments e1_0 
    where
        e1_0.student_id=?
2026-03-18T13:01:13.851+05:30 DEBUG 22488 --- [course-service] [http-nio-8082-exec-10] org.hibernate.SQL                        : 
    select
        e1_0.enrollment_id,
        e1_0.course_id,
        e1_0.enrollment_date,
        e1_0.semester,
        e1_0.enrollment_status,
        e1_0.student_id 
    from
        enrollments e1_0 
    where
        e1_0.student_id=?
2026-03-18T13:01:13.859+05:30 DEBUG 22488 --- [course-service] [http-nio-8082-exec-10] org.hibernate.SQL                        : 
    select
        c1_0.course_id,
        c1_0.course_code,
        c1_0.course_name,
        c1_0.created_at,
        c1_0.credits,
        c1_0.description,
        c1_0.is_active,
        c1_0.is_indexed,
        c1_0.max_students,
        c1_0.semester,
        c1_0.teacher_id,
        c1_0.updated_at,
        c1_0.year 
    from
        courses c1_0 
    where
        c1_0.course_id=?
2026-03-18T13:01:13.910+05:30 DEBUG 22488 --- [course-service] [http-nio-8082-exec-3] org.hibernate.SQL                        : 
    select
        e1_0.enrollment_id,
        e1_0.course_id,
        e1_0.enrollment_date,
        e1_0.semester,
        e1_0.enrollment_status,
        e1_0.student_id 
    from
        enrollments e1_0 
    where
        e1_0.student_id=?
2026-03-18T13:01:13.917+05:30 DEBUG 22488 --- [course-service] [http-nio-8082-exec-3] org.hibernate.SQL                        : 
    select
        c1_0.course_id,
        c1_0.course_code,
        c1_0.course_name,
        c1_0.created_at,
        c1_0.credits,
        c1_0.description,
        c1_0.is_active,
        c1_0.is_indexed,
        c1_0.max_students,
        c1_0.semester,
        c1_0.teacher_id,
        c1_0.updated_at,
        c1_0.year 
    from
        courses c1_0 
    where
        c1_0.course_id=?
2026-03-18T13:03:18.723+05:30  INFO 22488 --- [course-service] [AsyncResolver-bootstrap-executor-0] c.n.d.s.r.aws.ConfigClusterResolver      : Resolving eureka endpoints via configuration
2026-03-18T13:08:18.733+05:30  INFO 22488 --- [course-service] [AsyncResolver-bootstrap-executor-0] c.n.d.s.r.aws.ConfigClusterResolver      : Resolving eureka endpoints via configuration
2026-03-18T13:13:18.747+05:30  INFO 22488 --- [course-service] [AsyncResolver-bootstrap-executor-0] c.n.d.s.r.aws.ConfigClusterResolver      : Resolving eureka endpoints via configuration
2026-03-18T13:18:18.752+05:30  INFO 22488 --- [course-service] [AsyncResolver-bootstrap-executor-0] c.n.d.s.r.aws.ConfigClusterResolver      : Resolving eureka endpoints via configuration
2026-03-18T13:23:18.761+05:30  INFO 22488 --- [course-service] [AsyncResolver-bootstrap-executor-0] c.n.d.s.r.aws.ConfigClusterResolver      : Resolving eureka endpoints via configuration
2026-03-18T13:28:18.774+05:30  INFO 22488 --- [course-service] [AsyncResolver-bootstrap-executor-0] c.n.d.s.r.aws.ConfigClusterResolver      : Resolving eureka endpoints via configuration
2026-03-18T13:33:18.786+05:30  INFO 22488 --- [course-service] [AsyncResolver-bootstrap-executor-0] c.n.d.s.r.aws.ConfigClusterResolver      : Resolving eureka endpoints via configuration
2026-03-18T13:38:18.791+05:30  INFO 22488 --- [course-service] [AsyncResolver-bootstrap-executor-0] c.n.d.s.r.aws.ConfigClusterResolver      : Resolving eureka endpoints via configuration
2026-03-18T13:43:18.805+05:30  INFO 22488 --- [course-service] [AsyncResolver-bootstrap-executor-0] c.n.d.s.r.aws.ConfigClusterResolver      : Resolving eureka endpoints via configuration
2026-03-18T13:48:18.815+05:30  INFO 22488 --- [course-service] [AsyncResolver-bootstrap-executor-0] c.n.d.s.r.aws.ConfigClusterResolver      : Resolving eureka endpoints via configuration
2026-03-18T13:53:18.824+05:30  INFO 22488 --- [course-service] [AsyncResolver-bootstrap-executor-0] c.n.d.s.r.aws.ConfigClusterResolver      : Resolving eureka endpoints via configuration
2026-03-18T13:58:18.841+05:30  INFO 22488 --- [course-service] [AsyncResolver-bootstrap-executor-0] c.n.d.s.r.aws.ConfigClusterResolver      : Resolving eureka endpoints via configuration
2026-03-18T14:03:18.855+05:30  INFO 22488 --- [course-service] [AsyncResolver-bootstrap-executor-0] c.n.d.s.r.aws.ConfigClusterResolver      : Resolving eureka endpoints via configuration
2026-03-18T14:03:30.263+05:30 DEBUG 22488 --- [course-service] [http-nio-8082-exec-7] org.hibernate.SQL                        : 
    select
        e1_0.enrollment_id,
        e1_0.course_id,
        e1_0.enrollment_date,
        e1_0.semester,
        e1_0.enrollment_status,
        e1_0.student_id 
    from
        enrollments e1_0 
    where
        e1_0.student_id=?
2026-03-18T14:03:30.277+05:30 DEBUG 22488 --- [course-service] [http-nio-8082-exec-7] org.hibernate.SQL                        : 
    select
        c1_0.course_id,
        c1_0.course_code,
        c1_0.course_name,
        c1_0.created_at,
        c1_0.credits,
        c1_0.description,
        c1_0.is_active,
        c1_0.is_indexed,
        c1_0.max_students,
        c1_0.semester,
        c1_0.teacher_id,
        c1_0.updated_at,
        c1_0.year 
    from
        courses c1_0 
    where
        c1_0.course_id=?
2026-03-18T14:03:30.301+05:30 DEBUG 22488 --- [course-service] [http-nio-8082-exec-1] org.hibernate.SQL                        : 
    select
        e1_0.enrollment_id,
        e1_0.course_id,
        e1_0.enrollment_date,
        e1_0.semester,
        e1_0.enrollment_status,
        e1_0.student_id 
    from
        enrollments e1_0 
    where
        e1_0.student_id=?
2026-03-18T14:03:30.312+05:30 DEBUG 22488 --- [course-service] [http-nio-8082-exec-1] org.hibernate.SQL                        : 
    select
        c1_0.course_id,
        c1_0.course_code,
        c1_0.course_name,
        c1_0.created_at,
        c1_0.credits,
        c1_0.description,
        c1_0.is_active,
        c1_0.is_indexed,
        c1_0.max_students,
        c1_0.semester,
        c1_0.teacher_id,
        c1_0.updated_at,
        c1_0.year 
    from
        courses c1_0 
    where
        c1_0.course_id=?
2026-03-18T14:03:32.460+05:30 DEBUG 22488 --- [course-service] [http-nio-8082-exec-4] org.hibernate.SQL                        : 
    select
        e1_0.enrollment_id,
        e1_0.course_id,
        e1_0.enrollment_date,
        e1_0.semester,
        e1_0.enrollment_status,
        e1_0.student_id 
    from
        enrollments e1_0 
    where
        e1_0.student_id=?
2026-03-18T14:03:32.606+05:30 DEBUG 22488 --- [course-service] [http-nio-8082-exec-5] org.hibernate.SQL                        : 
    select
        e1_0.enrollment_id,
        e1_0.course_id,
        e1_0.enrollment_date,
        e1_0.semester,
        e1_0.enrollment_status,
        e1_0.student_id 
    from
        enrollments e1_0 
    where
        e1_0.student_id=?
2026-03-18T14:04:44.051+05:30 DEBUG 22488 --- [course-service] [http-nio-8082-exec-9] org.hibernate.SQL                        : 
    select
        e1_0.enrollment_id,
        e1_0.course_id,
        e1_0.enrollment_date,
        e1_0.semester,
        e1_0.enrollment_status,
        e1_0.student_id 
    from
        enrollments e1_0 
    where
        e1_0.student_id=?
2026-03-18T14:04:44.062+05:30 DEBUG 22488 --- [course-service] [http-nio-8082-exec-9] org.hibernate.SQL                        : 
    select
        c1_0.course_id,
        c1_0.course_code,
        c1_0.course_name,
        c1_0.created_at,
        c1_0.credits,
        c1_0.description,
        c1_0.is_active,
        c1_0.is_indexed,
        c1_0.max_students,
        c1_0.semester,
        c1_0.teacher_id,
        c1_0.updated_at,
        c1_0.year 
    from
        courses c1_0 
    where
        c1_0.course_id=?
2026-03-18T14:04:44.094+05:30 DEBUG 22488 --- [course-service] [http-nio-8082-exec-2] org.hibernate.SQL                        : 
    select
        e1_0.enrollment_id,
        e1_0.course_id,
        e1_0.enrollment_date,
        e1_0.semester,
        e1_0.enrollment_status,
        e1_0.student_id 
    from
        enrollments e1_0 
    where
        e1_0.student_id=?
2026-03-18T14:04:44.098+05:30 DEBUG 22488 --- [course-service] [http-nio-8082-exec-2] org.hibernate.SQL                        : 
    select
        c1_0.course_id,
        c1_0.course_code,
        c1_0.course_name,
        c1_0.created_at,
        c1_0.credits,
        c1_0.description,
        c1_0.is_active,
        c1_0.is_indexed,
        c1_0.max_students,
        c1_0.semester,
        c1_0.teacher_id,
        c1_0.updated_at,
        c1_0.year 
    from
        courses c1_0 
    where
        c1_0.course_id=?
2026-03-18T14:08:18.872+05:30  INFO 22488 --- [course-service] [AsyncResolver-bootstrap-executor-0] c.n.d.s.r.aws.ConfigClusterResolver      : Resolving eureka endpoints via configuration
2026-03-18T14:12:54.504+05:30 DEBUG 22488 --- [course-service] [http-nio-8082-exec-3] org.hibernate.SQL                        : 
    select
        e1_0.enrollment_id,
        e1_0.course_id,
        e1_0.enrollment_date,
        e1_0.semester,
        e1_0.enrollment_status,
        e1_0.student_id 
    from
        enrollments e1_0 
    where
        e1_0.student_id=?
2026-03-18T14:12:54.513+05:30 DEBUG 22488 --- [course-service] [http-nio-8082-exec-3] org.hibernate.SQL                        : 
    select
        c1_0.course_id,
        c1_0.course_code,
        c1_0.course_name,
        c1_0.created_at,
        c1_0.credits,
        c1_0.description,
        c1_0.is_active,
        c1_0.is_indexed,
        c1_0.max_students,
        c1_0.semester,
        c1_0.teacher_id,
        c1_0.updated_at,
        c1_0.year 
    from
        courses c1_0 
    where
        c1_0.course_id=?
2026-03-18T14:12:54.554+05:30 DEBUG 22488 --- [course-service] [http-nio-8082-exec-6] org.hibernate.SQL                        : 
    select
        e1_0.enrollment_id,
        e1_0.course_id,
        e1_0.enrollment_date,
        e1_0.semester,
        e1_0.enrollment_status,
        e1_0.student_id 
    from
        enrollments e1_0 
    where
        e1_0.student_id=?
2026-03-18T14:12:54.555+05:30 DEBUG 22488 --- [course-service] [http-nio-8082-exec-6] org.hibernate.SQL                        : 
    select
        c1_0.course_id,
        c1_0.course_code,
        c1_0.course_name,
        c1_0.created_at,
        c1_0.credits,
        c1_0.description,
        c1_0.is_active,
        c1_0.is_indexed,
        c1_0.max_students,
        c1_0.semester,
        c1_0.teacher_id,
        c1_0.updated_at,
        c1_0.year 
    from
        courses c1_0 
    where
        c1_0.course_id=?
2026-03-18T14:12:56.764+05:30 DEBUG 22488 --- [course-service] [http-nio-8082-exec-7] org.hibernate.SQL                        : 
    select
        e1_0.enrollment_id,
        e1_0.course_id,
        e1_0.enrollment_date,
        e1_0.semester,
        e1_0.enrollment_status,
        e1_0.student_id 
    from
        enrollments e1_0 
    where
        e1_0.student_id=?
2026-03-18T14:12:56.877+05:30 DEBUG 22488 --- [course-service] [http-nio-8082-exec-1] org.hibernate.SQL                        : 
    select
        e1_0.enrollment_id,
        e1_0.course_id,
        e1_0.enrollment_date,
        e1_0.semester,
        e1_0.enrollment_status,
        e1_0.student_id 
    from
        enrollments e1_0 
    where
        e1_0.student_id=?
2026-03-18T14:12:59.417+05:30 DEBUG 22488 --- [course-service] [http-nio-8082-exec-4] org.hibernate.SQL                        : 
    select
        e1_0.enrollment_id,
        e1_0.course_id,
        e1_0.enrollment_date,
        e1_0.semester,
        e1_0.enrollment_status,
        e1_0.student_id 
    from
        enrollments e1_0 
    where
        e1_0.student_id=?
2026-03-18T14:12:59.423+05:30 DEBUG 22488 --- [course-service] [http-nio-8082-exec-4] org.hibernate.SQL                        : 
    select
        c1_0.course_id,
        c1_0.course_code,
        c1_0.course_name,
        c1_0.created_at,
        c1_0.credits,
        c1_0.description,
        c1_0.is_active,
        c1_0.is_indexed,
        c1_0.max_students,
        c1_0.semester,
        c1_0.teacher_id,
        c1_0.updated_at,
        c1_0.year 
    from
        courses c1_0 
    where
        c1_0.course_id=?
2026-03-18T14:12:59.457+05:30 DEBUG 22488 --- [course-service] [http-nio-8082-exec-5] org.hibernate.SQL                        : 
    select
        e1_0.enrollment_id,
        e1_0.course_id,
        e1_0.enrollment_date,
        e1_0.semester,
        e1_0.enrollment_status,
        e1_0.student_id 
    from
        enrollments e1_0 
    where
        e1_0.student_id=?
2026-03-18T14:12:59.460+05:30 DEBUG 22488 --- [course-service] [http-nio-8082-exec-5] org.hibernate.SQL                        : 
    select
        c1_0.course_id,
        c1_0.course_code,
        c1_0.course_name,
        c1_0.created_at,
        c1_0.credits,
        c1_0.description,
        c1_0.is_active,
        c1_0.is_indexed,
        c1_0.max_students,
        c1_0.semester,
        c1_0.teacher_id,
        c1_0.updated_at,
        c1_0.year 
    from
        courses c1_0 
    where
        c1_0.course_id=?
2026-03-18T14:13:00.957+05:30 DEBUG 22488 --- [course-service] [http-nio-8082-exec-8] org.hibernate.SQL                        : 
    select
        e1_0.enrollment_id,
        e1_0.course_id,
        e1_0.enrollment_date,
        e1_0.semester,
        e1_0.enrollment_status,
        e1_0.student_id 
    from
        enrollments e1_0 
    where
        e1_0.student_id=?
2026-03-18T14:13:00.963+05:30 DEBUG 22488 --- [course-service] [http-nio-8082-exec-8] org.hibernate.SQL                        : 
    select
        c1_0.course_id,
        c1_0.course_code,
        c1_0.course_name,
        c1_0.created_at,
        c1_0.credits,
        c1_0.description,
        c1_0.is_active,
        c1_0.is_indexed,
        c1_0.max_students,
        c1_0.semester,
        c1_0.teacher_id,
        c1_0.updated_at,
        c1_0.year 
    from
        courses c1_0 
    where
        c1_0.course_id=?
2026-03-18T14:13:00.990+05:30 DEBUG 22488 --- [course-service] [http-nio-8082-exec-9] org.hibernate.SQL                        : 
    select
        e1_0.enrollment_id,
        e1_0.course_id,
        e1_0.enrollment_date,
        e1_0.semester,
        e1_0.enrollment_status,
        e1_0.student_id 
    from
        enrollments e1_0 
    where
        e1_0.student_id=?
2026-03-18T14:13:00.998+05:30 DEBUG 22488 --- [course-service] [http-nio-8082-exec-9] org.hibernate.SQL                        : 
    select
        c1_0.course_id,
        c1_0.course_code,
        c1_0.course_name,
        c1_0.created_at,
        c1_0.credits,
        c1_0.description,
        c1_0.is_active,
        c1_0.is_indexed,
        c1_0.max_students,
        c1_0.semester,
        c1_0.teacher_id,
        c1_0.updated_at,
        c1_0.year 
    from
        courses c1_0 
    where
        c1_0.course_id=?
2026-03-18T14:13:02.364+05:30 DEBUG 22488 --- [course-service] [http-nio-8082-exec-2] org.hibernate.SQL                        : 
    select
        e1_0.enrollment_id,
        e1_0.course_id,
        e1_0.enrollment_date,
        e1_0.semester,
        e1_0.enrollment_status,
        e1_0.student_id 
    from
        enrollments e1_0 
    where
        e1_0.student_id=?
2026-03-18T14:13:02.405+05:30 DEBUG 22488 --- [course-service] [http-nio-8082-exec-10] org.hibernate.SQL                        : 
    select
        e1_0.enrollment_id,
        e1_0.course_id,
        e1_0.enrollment_date,
        e1_0.semester,
        e1_0.enrollment_status,
        e1_0.student_id 
    from
        enrollments e1_0 
    where
        e1_0.student_id=?
2026-03-18T14:13:04.980+05:30 DEBUG 22488 --- [course-service] [http-nio-8082-exec-3] org.hibernate.SQL                        : 
    select
        c1_0.course_id,
        c1_0.course_code,
        c1_0.course_name,
        c1_0.created_at,
        c1_0.credits,
        c1_0.description,
        c1_0.is_active,
        c1_0.is_indexed,
        c1_0.max_students,
        c1_0.semester,
        c1_0.teacher_id,
        c1_0.updated_at,
        c1_0.year 
    from
        courses c1_0
2026-03-18T14:13:05.024+05:30 DEBUG 22488 --- [course-service] [http-nio-8082-exec-6] org.hibernate.SQL                        : 
    select
        c1_0.course_id,
        c1_0.course_code,
        c1_0.course_name,
        c1_0.created_at,
        c1_0.credits,
        c1_0.description,
        c1_0.is_active,
        c1_0.is_indexed,
        c1_0.max_students,
        c1_0.semester,
        c1_0.teacher_id,
        c1_0.updated_at,
        c1_0.year 
    from
        courses c1_0
2026-03-18T14:13:05.032+05:30 DEBUG 22488 --- [course-service] [http-nio-8082-exec-7] org.hibernate.SQL                        : 
    select
        e1_0.enrollment_id,
        e1_0.course_id,
        e1_0.enrollment_date,
        e1_0.semester,
        e1_0.enrollment_status,
        e1_0.student_id 
    from
        enrollments e1_0 
    where
        e1_0.student_id=?
2026-03-18T14:13:05.035+05:30 DEBUG 22488 --- [course-service] [http-nio-8082-exec-7] org.hibernate.SQL                        : 
    select
        c1_0.course_id,
        c1_0.course_code,
        c1_0.course_name,
        c1_0.created_at,
        c1_0.credits,
        c1_0.description,
        c1_0.is_active,
        c1_0.is_indexed,
        c1_0.max_students,
        c1_0.semester,
        c1_0.teacher_id,
        c1_0.updated_at,
        c1_0.year 
    from
        courses c1_0 
    where
        c1_0.course_id=?
2026-03-18T14:13:05.059+05:30 DEBUG 22488 --- [course-service] [http-nio-8082-exec-1] org.hibernate.SQL                        : 
    select
        e1_0.enrollment_id,
        e1_0.course_id,
        e1_0.enrollment_date,
        e1_0.semester,
        e1_0.enrollment_status,
        e1_0.student_id 
    from
        enrollments e1_0 
    where
        e1_0.student_id=?
2026-03-18T14:13:05.065+05:30 DEBUG 22488 --- [course-service] [http-nio-8082-exec-1] org.hibernate.SQL                        : 
    select
        c1_0.course_id,
        c1_0.course_code,
        c1_0.course_name,
        c1_0.created_at,
        c1_0.credits,
        c1_0.description,
        c1_0.is_active,
        c1_0.is_indexed,
        c1_0.max_students,
        c1_0.semester,
        c1_0.teacher_id,
        c1_0.updated_at,
        c1_0.year 
    from
        courses c1_0 
    where
        c1_0.course_id=?
2026-03-18T14:13:06.644+05:30 DEBUG 22488 --- [course-service] [http-nio-8082-exec-4] org.hibernate.SQL                        : 
    select
        e1_0.enrollment_id,
        e1_0.course_id,
        e1_0.enrollment_date,
        e1_0.semester,
        e1_0.enrollment_status,
        e1_0.student_id 
    from
        enrollments e1_0 
    where
        e1_0.student_id=?
2026-03-18T14:13:06.650+05:30 DEBUG 22488 --- [course-service] [http-nio-8082-exec-4] org.hibernate.SQL                        : 
    select
        c1_0.course_id,
        c1_0.course_code,
        c1_0.course_name,
        c1_0.created_at,
        c1_0.credits,
        c1_0.description,
        c1_0.is_active,
        c1_0.is_indexed,
        c1_0.max_students,
        c1_0.semester,
        c1_0.teacher_id,
        c1_0.updated_at,
        c1_0.year 
    from
        courses c1_0 
    where
        c1_0.course_id=?
2026-03-18T14:13:06.683+05:30 DEBUG 22488 --- [course-service] [http-nio-8082-exec-5] org.hibernate.SQL                        : 
    select
        e1_0.enrollment_id,
        e1_0.course_id,
        e1_0.enrollment_date,
        e1_0.semester,
        e1_0.enrollment_status,
        e1_0.student_id 
    from
        enrollments e1_0 
    where
        e1_0.student_id=?
2026-03-18T14:13:06.686+05:30 DEBUG 22488 --- [course-service] [http-nio-8082-exec-5] org.hibernate.SQL                        : 
    select
        c1_0.course_id,
        c1_0.course_code,
        c1_0.course_name,
        c1_0.created_at,
        c1_0.credits,
        c1_0.description,
        c1_0.is_active,
        c1_0.is_indexed,
        c1_0.max_students,
        c1_0.semester,
        c1_0.teacher_id,
        c1_0.updated_at,
        c1_0.year 
    from
        courses c1_0 
    where
        c1_0.course_id=?
2026-03-18T14:13:08.122+05:30 DEBUG 22488 --- [course-service] [http-nio-8082-exec-8] org.hibernate.SQL                        : 
    select
        e1_0.enrollment_id,
        e1_0.course_id,
        e1_0.enrollment_date,
        e1_0.semester,
        e1_0.enrollment_status,
        e1_0.student_id 
    from
        enrollments e1_0 
    where
        e1_0.student_id=?
2026-03-18T14:13:08.156+05:30 DEBUG 22488 --- [course-service] [http-nio-8082-exec-9] org.hibernate.SQL                        : 
    select
        e1_0.enrollment_id,
        e1_0.course_id,
        e1_0.enrollment_date,
        e1_0.semester,
        e1_0.enrollment_status,
        e1_0.student_id 
    from
        enrollments e1_0 
    where
        e1_0.student_id=?
2026-03-18T14:13:18.878+05:30  INFO 22488 --- [course-service] [AsyncResolver-bootstrap-executor-0] c.n.d.s.r.aws.ConfigClusterResolver      : Resolving eureka endpoints via configuration
2026-03-18T14:14:45.070+05:30 DEBUG 22488 --- [course-service] [http-nio-8082-exec-3] org.hibernate.SQL                        : 
    select
        e1_0.enrollment_id,
        e1_0.course_id,
        e1_0.enrollment_date,
        e1_0.semester,
        e1_0.enrollment_status,
        e1_0.student_id 
    from
        enrollments e1_0 
    where
        e1_0.student_id=?
2026-03-18T14:14:45.080+05:30 DEBUG 22488 --- [course-service] [http-nio-8082-exec-3] org.hibernate.SQL                        : 
    select
        c1_0.course_id,
        c1_0.course_code,
        c1_0.course_name,
        c1_0.created_at,
        c1_0.credits,
        c1_0.description,
        c1_0.is_active,
        c1_0.is_indexed,
        c1_0.max_students,
        c1_0.semester,
        c1_0.teacher_id,
        c1_0.updated_at,
        c1_0.year 
    from
        courses c1_0 
    where
        c1_0.course_id=?
2026-03-18T14:14:45.108+05:30 DEBUG 22488 --- [course-service] [http-nio-8082-exec-6] org.hibernate.SQL                        : 
    select
        e1_0.enrollment_id,
        e1_0.course_id,
        e1_0.enrollment_date,
        e1_0.semester,
        e1_0.enrollment_status,
        e1_0.student_id 
    from
        enrollments e1_0 
    where
        e1_0.student_id=?
2026-03-18T14:14:45.113+05:30 DEBUG 22488 --- [course-service] [http-nio-8082-exec-6] org.hibernate.SQL                        : 
    select
        c1_0.course_id,
        c1_0.course_code,
        c1_0.course_name,
        c1_0.created_at,
        c1_0.credits,
        c1_0.description,
        c1_0.is_active,
        c1_0.is_indexed,
        c1_0.max_students,
        c1_0.semester,
        c1_0.teacher_id,
        c1_0.updated_at,
        c1_0.year 
    from
        courses c1_0 
    where
        c1_0.course_id=?
2026-03-18T14:17:39.698+05:30 DEBUG 22488 --- [course-service] [http-nio-8082-exec-1] org.hibernate.SQL                        : 
    select
        e1_0.enrollment_id,
        e1_0.course_id,
        e1_0.enrollment_date,
        e1_0.semester,
        e1_0.enrollment_status,
        e1_0.student_id 
    from
        enrollments e1_0 
    where
        e1_0.student_id=?
2026-03-18T14:17:39.753+05:30 DEBUG 22488 --- [course-service] [http-nio-8082-exec-4] org.hibernate.SQL                        : 
    select
        e1_0.enrollment_id,
        e1_0.course_id,
        e1_0.enrollment_date,
        e1_0.semester,
        e1_0.enrollment_status,
        e1_0.student_id 
    from
        enrollments e1_0 
    where
        e1_0.student_id=?
2026-03-18T14:18:18.884+05:30  INFO 22488 --- [course-service] [AsyncResolver-bootstrap-executor-0] c.n.d.s.r.aws.ConfigClusterResolver      : Resolving eureka endpoints via configuration
2026-03-18T14:18:31.336+05:30 DEBUG 22488 --- [course-service] [http-nio-8082-exec-5] org.hibernate.SQL                        : 
    select
        e1_0.enrollment_id,
        e1_0.course_id,
        e1_0.enrollment_date,
        e1_0.semester,
        e1_0.enrollment_status,
        e1_0.student_id 
    from
        enrollments e1_0 
    where
        e1_0.student_id=?
2026-03-18T14:18:31.340+05:30 DEBUG 22488 --- [course-service] [http-nio-8082-exec-5] org.hibernate.SQL                        : 
    select
        c1_0.course_id,
        c1_0.course_code,
        c1_0.course_name,
        c1_0.created_at,
        c1_0.credits,
        c1_0.description,
        c1_0.is_active,
        c1_0.is_indexed,
        c1_0.max_students,
        c1_0.semester,
        c1_0.teacher_id,
        c1_0.updated_at,
        c1_0.year 
    from
        courses c1_0 
    where
        c1_0.course_id=?
2026-03-18T14:18:31.372+05:30 DEBUG 22488 --- [course-service] [http-nio-8082-exec-8] org.hibernate.SQL                        : 
    select
        e1_0.enrollment_id,
        e1_0.course_id,
        e1_0.enrollment_date,
        e1_0.semester,
        e1_0.enrollment_status,
        e1_0.student_id 
    from
        enrollments e1_0 
    where
        e1_0.student_id=?
2026-03-18T14:18:31.375+05:30 DEBUG 22488 --- [course-service] [http-nio-8082-exec-8] org.hibernate.SQL                        : 
    select
        c1_0.course_id,
        c1_0.course_code,
        c1_0.course_name,
        c1_0.created_at,
        c1_0.credits,
        c1_0.description,
        c1_0.is_active,
        c1_0.is_indexed,
        c1_0.max_students,
        c1_0.semester,
        c1_0.teacher_id,
        c1_0.updated_at,
        c1_0.year 
    from
        courses c1_0 
    where
        c1_0.course_id=?
2026-03-18T14:20:28.009+05:30 DEBUG 22488 --- [course-service] [http-nio-8082-exec-2] org.hibernate.SQL                        : 
    select
        e1_0.enrollment_id,
        e1_0.course_id,
        e1_0.enrollment_date,
        e1_0.semester,
        e1_0.enrollment_status,
        e1_0.student_id 
    from
        enrollments e1_0 
    where
        e1_0.student_id=?
2026-03-18T14:20:28.039+05:30 DEBUG 22488 --- [course-service] [http-nio-8082-exec-10] org.hibernate.SQL                        : 
    select
        e1_0.enrollment_id,
        e1_0.course_id,
        e1_0.enrollment_date,
        e1_0.semester,
        e1_0.enrollment_status,
        e1_0.student_id 
    from
        enrollments e1_0 
    where
        e1_0.student_id=?
2026-03-18T14:23:07.691+05:30 DEBUG 22488 --- [course-service] [http-nio-8082-exec-6] org.hibernate.SQL                        : 
    select
        e1_0.enrollment_id,
        e1_0.course_id,
        e1_0.enrollment_date,
        e1_0.semester,
        e1_0.enrollment_status,
        e1_0.student_id 
    from
        enrollments e1_0 
    where
        e1_0.student_id=?
2026-03-18T14:23:07.700+05:30 DEBUG 22488 --- [course-service] [http-nio-8082-exec-6] org.hibernate.SQL                        : 
    select
        c1_0.course_id,
        c1_0.course_code,
        c1_0.course_name,
        c1_0.created_at,
        c1_0.credits,
        c1_0.description,
        c1_0.is_active,
        c1_0.is_indexed,
        c1_0.max_students,
        c1_0.semester,
        c1_0.teacher_id,
        c1_0.updated_at,
        c1_0.year 
    from
        courses c1_0 
    where
        c1_0.course_id=?
2026-03-18T14:23:07.744+05:30 DEBUG 22488 --- [course-service] [http-nio-8082-exec-7] org.hibernate.SQL                        : 
    select
        e1_0.enrollment_id,
        e1_0.course_id,
        e1_0.enrollment_date,
        e1_0.semester,
        e1_0.enrollment_status,
        e1_0.student_id 
    from
        enrollments e1_0 
    where
        e1_0.student_id=?
2026-03-18T14:23:07.752+05:30 DEBUG 22488 --- [course-service] [http-nio-8082-exec-7] org.hibernate.SQL                        : 
    select
        c1_0.course_id,
        c1_0.course_code,
        c1_0.course_name,
        c1_0.created_at,
        c1_0.credits,
        c1_0.description,
        c1_0.is_active,
        c1_0.is_indexed,
        c1_0.max_students,
        c1_0.semester,
        c1_0.teacher_id,
        c1_0.updated_at,
        c1_0.year 
    from
        courses c1_0 
    where
        c1_0.course_id=?
2026-03-18T14:23:18.898+05:30  INFO 22488 --- [course-service] [AsyncResolver-bootstrap-executor-0] c.n.d.s.r.aws.ConfigClusterResolver      : Resolving eureka endpoints via configuration
2026-03-18T14:23:39.070+05:30 DEBUG 22488 --- [course-service] [http-nio-8082-exec-1] org.hibernate.SQL                        : 
    select
        e1_0.enrollment_id,
        e1_0.course_id,
        e1_0.enrollment_date,
        e1_0.semester,
        e1_0.enrollment_status,
        e1_0.student_id 
    from
        enrollments e1_0 
    where
        e1_0.student_id=?
2026-03-18T14:23:39.162+05:30 DEBUG 22488 --- [course-service] [http-nio-8082-exec-4] org.hibernate.SQL                        : 
    select
        e1_0.enrollment_id,
        e1_0.course_id,
        e1_0.enrollment_date,
        e1_0.semester,
        e1_0.enrollment_status,
        e1_0.student_id 
    from
        enrollments e1_0 
    where
        e1_0.student_id=?
2026-03-18T14:28:18.907+05:30  INFO 22488 --- [course-service] [AsyncResolver-bootstrap-executor-0] c.n.d.s.r.aws.ConfigClusterResolver      : Resolving eureka endpoints via configuration
2026-03-18T14:29:08.235+05:30 DEBUG 22488 --- [course-service] [http-nio-8082-exec-8] org.hibernate.SQL                        : 
    select
        e1_0.enrollment_id,
        e1_0.course_id,
        e1_0.enrollment_date,
        e1_0.semester,
        e1_0.enrollment_status,
        e1_0.student_id 
    from
        enrollments e1_0 
    where
        e1_0.student_id=?
2026-03-18T14:29:08.243+05:30 DEBUG 22488 --- [course-service] [http-nio-8082-exec-8] org.hibernate.SQL                        : 
    select
        c1_0.course_id,
        c1_0.course_code,
        c1_0.course_name,
        c1_0.created_at,
        c1_0.credits,
        c1_0.description,
        c1_0.is_active,
        c1_0.is_indexed,
        c1_0.max_students,
        c1_0.semester,
        c1_0.teacher_id,
        c1_0.updated_at,
        c1_0.year 
    from
        courses c1_0 
    where
        c1_0.course_id=?
2026-03-18T14:29:08.263+05:30 DEBUG 22488 --- [course-service] [http-nio-8082-exec-9] org.hibernate.SQL                        : 
    select
        e1_0.enrollment_id,
        e1_0.course_id,
        e1_0.enrollment_date,
        e1_0.semester,
        e1_0.enrollment_status,
        e1_0.student_id 
    from
        enrollments e1_0 
    where
        e1_0.student_id=?
2026-03-18T14:29:08.267+05:30 DEBUG 22488 --- [course-service] [http-nio-8082-exec-9] org.hibernate.SQL                        : 
    select
        c1_0.course_id,
        c1_0.course_code,
        c1_0.course_name,
        c1_0.created_at,
        c1_0.credits,
        c1_0.description,
        c1_0.is_active,
        c1_0.is_indexed,
        c1_0.max_students,
        c1_0.semester,
        c1_0.teacher_id,
        c1_0.updated_at,
        c1_0.year 
    from
        courses c1_0 
    where
        c1_0.course_id=?
2026-03-18T14:29:09.929+05:30 DEBUG 22488 --- [course-service] [http-nio-8082-exec-2] org.hibernate.SQL                        : 
    select
        e1_0.enrollment_id,
        e1_0.course_id,
        e1_0.enrollment_date,
        e1_0.semester,
        e1_0.enrollment_status,
        e1_0.student_id 
    from
        enrollments e1_0 
    where
        e1_0.student_id=?
2026-03-18T14:29:09.969+05:30 DEBUG 22488 --- [course-service] [http-nio-8082-exec-10] org.hibernate.SQL                        : 
    select
        e1_0.enrollment_id,
        e1_0.course_id,
        e1_0.enrollment_date,
        e1_0.semester,
        e1_0.enrollment_status,
        e1_0.student_id 
    from
        enrollments e1_0 
    where
        e1_0.student_id=?
2026-03-18T14:32:14.286+05:30 DEBUG 22488 --- [course-service] [http-nio-8082-exec-6] org.hibernate.SQL                        : 
    select
        e1_0.enrollment_id,
        e1_0.course_id,
        e1_0.enrollment_date,
        e1_0.semester,
        e1_0.enrollment_status,
        e1_0.student_id 
    from
        enrollments e1_0 
    where
        e1_0.student_id=?
2026-03-18T14:32:14.293+05:30 DEBUG 22488 --- [course-service] [http-nio-8082-exec-6] org.hibernate.SQL                        : 
    select
        c1_0.course_id,
        c1_0.course_code,
        c1_0.course_name,
        c1_0.created_at,
        c1_0.credits,
        c1_0.description,
        c1_0.is_active,
        c1_0.is_indexed,
        c1_0.max_students,
        c1_0.semester,
        c1_0.teacher_id,
        c1_0.updated_at,
        c1_0.year 
    from
        courses c1_0 
    where
        c1_0.course_id=?
2026-03-18T14:32:14.326+05:30 DEBUG 22488 --- [course-service] [http-nio-8082-exec-7] org.hibernate.SQL                        : 
    select
        e1_0.enrollment_id,
        e1_0.course_id,
        e1_0.enrollment_date,
        e1_0.semester,
        e1_0.enrollment_status,
        e1_0.student_id 
    from
        enrollments e1_0 
    where
        e1_0.student_id=?
2026-03-18T14:32:14.330+05:30 DEBUG 22488 --- [course-service] [http-nio-8082-exec-7] org.hibernate.SQL                        : 
    select
        c1_0.course_id,
        c1_0.course_code,
        c1_0.course_name,
        c1_0.created_at,
        c1_0.credits,
        c1_0.description,
        c1_0.is_active,
        c1_0.is_indexed,
        c1_0.max_students,
        c1_0.semester,
        c1_0.teacher_id,
        c1_0.updated_at,
        c1_0.year 
    from
        courses c1_0 
    where
        c1_0.course_id=?
2026-03-18T14:33:18.945+05:30  INFO 22488 --- [course-service] [AsyncResolver-bootstrap-executor-0] c.n.d.s.r.aws.ConfigClusterResolver      : Resolving eureka endpoints via configuration
2026-03-18T14:38:18.992+05:30  INFO 22488 --- [course-service] [AsyncResolver-bootstrap-executor-0] c.n.d.s.r.aws.ConfigClusterResolver      : Resolving eureka endpoints via configuration
2026-03-18T14:43:19.002+05:30  INFO 22488 --- [course-service] [AsyncResolver-bootstrap-executor-0] c.n.d.s.r.aws.ConfigClusterResolver      : Resolving eureka endpoints via configuration
2026-03-18T14:48:19.017+05:30  INFO 22488 --- [course-service] [AsyncResolver-bootstrap-executor-0] c.n.d.s.r.aws.ConfigClusterResolver      : Resolving eureka endpoints via configuration
2026-03-18T14:53:19.035+05:30  INFO 22488 --- [course-service] [AsyncResolver-bootstrap-executor-0] c.n.d.s.r.aws.ConfigClusterResolver      : Resolving eureka endpoints via configuration
2026-03-18T14:54:30.027+05:30 DEBUG 22488 --- [course-service] [http-nio-8082-exec-4] org.hibernate.SQL                        : 
    select
        e1_0.enrollment_id,
        e1_0.course_id,
        e1_0.enrollment_date,
        e1_0.semester,
        e1_0.enrollment_status,
        e1_0.student_id 
    from
        enrollments e1_0 
    where
        e1_0.student_id=?
2026-03-18T14:54:30.064+05:30 DEBUG 22488 --- [course-service] [http-nio-8082-exec-4] org.hibernate.SQL                        : 
    select
        c1_0.course_id,
        c1_0.course_code,
        c1_0.course_name,
        c1_0.created_at,
        c1_0.credits,
        c1_0.description,
        c1_0.is_active,
        c1_0.is_indexed,
        c1_0.max_students,
        c1_0.semester,
        c1_0.teacher_id,
        c1_0.updated_at,
        c1_0.year 
    from
        courses c1_0 
    where
        c1_0.course_id=?
2026-03-18T14:54:30.144+05:30 DEBUG 22488 --- [course-service] [http-nio-8082-exec-5] org.hibernate.SQL                        : 
    select
        e1_0.enrollment_id,
        e1_0.course_id,
        e1_0.enrollment_date,
        e1_0.semester,
        e1_0.enrollment_status,
        e1_0.student_id 
    from
        enrollments e1_0 
    where
        e1_0.student_id=?
2026-03-18T14:54:30.146+05:30 DEBUG 22488 --- [course-service] [http-nio-8082-exec-5] org.hibernate.SQL                        : 
    select
        c1_0.course_id,
        c1_0.course_code,
        c1_0.course_name,
        c1_0.created_at,
        c1_0.credits,
        c1_0.description,
        c1_0.is_active,
        c1_0.is_indexed,
        c1_0.max_students,
        c1_0.semester,
        c1_0.teacher_id,
        c1_0.updated_at,
        c1_0.year 
    from
        courses c1_0 
    where
        c1_0.course_id=?
2026-03-18T14:54:32.172+05:30 DEBUG 22488 --- [course-service] [http-nio-8082-exec-8] org.hibernate.SQL                        : 
    select
        c1_0.course_id,
        c1_0.course_code,
        c1_0.course_name,
        c1_0.created_at,
        c1_0.credits,
        c1_0.description,
        c1_0.is_active,
        c1_0.is_indexed,
        c1_0.max_students,
        c1_0.semester,
        c1_0.teacher_id,
        c1_0.updated_at,
        c1_0.year 
    from
        courses c1_0
2026-03-18T14:54:32.219+05:30 DEBUG 22488 --- [course-service] [http-nio-8082-exec-9] org.hibernate.SQL                        : 
    select
        c1_0.course_id,
        c1_0.course_code,
        c1_0.course_name,
        c1_0.created_at,
        c1_0.credits,
        c1_0.description,
        c1_0.is_active,
        c1_0.is_indexed,
        c1_0.max_students,
        c1_0.semester,
        c1_0.teacher_id,
        c1_0.updated_at,
        c1_0.year 
    from
        courses c1_0
2026-03-18T14:54:32.237+05:30 DEBUG 22488 --- [course-service] [http-nio-8082-exec-2] org.hibernate.SQL                        : 
    select
        e1_0.enrollment_id,
        e1_0.course_id,
        e1_0.enrollment_date,
        e1_0.semester,
        e1_0.enrollment_status,
        e1_0.student_id 
    from
        enrollments e1_0 
    where
        e1_0.student_id=?
2026-03-18T14:54:32.243+05:30 DEBUG 22488 --- [course-service] [http-nio-8082-exec-2] org.hibernate.SQL                        : 
    select
        c1_0.course_id,
        c1_0.course_code,
        c1_0.course_name,
        c1_0.created_at,
        c1_0.credits,
        c1_0.description,
        c1_0.is_active,
        c1_0.is_indexed,
        c1_0.max_students,
        c1_0.semester,
        c1_0.teacher_id,
        c1_0.updated_at,
        c1_0.year 
    from
        courses c1_0 
    where
        c1_0.course_id=?
2026-03-18T14:54:32.266+05:30 DEBUG 22488 --- [course-service] [http-nio-8082-exec-10] org.hibernate.SQL                        : 
    select
        e1_0.enrollment_id,
        e1_0.course_id,
        e1_0.enrollment_date,
        e1_0.semester,
        e1_0.enrollment_status,
        e1_0.student_id 
    from
        enrollments e1_0 
    where
        e1_0.student_id=?
2026-03-18T14:54:32.272+05:30 DEBUG 22488 --- [course-service] [http-nio-8082-exec-10] org.hibernate.SQL                        : 
    select
        c1_0.course_id,
        c1_0.course_code,
        c1_0.course_name,
        c1_0.created_at,
        c1_0.credits,
        c1_0.description,
        c1_0.is_active,
        c1_0.is_indexed,
        c1_0.max_students,
        c1_0.semester,
        c1_0.teacher_id,
        c1_0.updated_at,
        c1_0.year 
    from
        courses c1_0 
    where
        c1_0.course_id=?
2026-03-18T14:54:32.825+05:30 DEBUG 22488 --- [course-service] [http-nio-8082-exec-3] org.hibernate.SQL                        : 
    select
        e1_0.enrollment_id,
        e1_0.course_id,
        e1_0.enrollment_date,
        e1_0.semester,
        e1_0.enrollment_status,
        e1_0.student_id 
    from
        enrollments e1_0 
    where
        e1_0.student_id=?
2026-03-18T14:54:32.985+05:30 DEBUG 22488 --- [course-service] [http-nio-8082-exec-6] org.hibernate.SQL                        : 
    select
        e1_0.enrollment_id,
        e1_0.course_id,
        e1_0.enrollment_date,
        e1_0.semester,
        e1_0.enrollment_status,
        e1_0.student_id 
    from
        enrollments e1_0 
    where
        e1_0.student_id=?
2026-03-18T14:55:32.455+05:30 DEBUG 22488 --- [course-service] [http-nio-8082-exec-7] org.hibernate.SQL                        : 
    select
        e1_0.enrollment_id,
        e1_0.course_id,
        e1_0.enrollment_date,
        e1_0.semester,
        e1_0.enrollment_status,
        e1_0.student_id 
    from
        enrollments e1_0 
    where
        e1_0.student_id=?
2026-03-18T14:55:32.465+05:30 DEBUG 22488 --- [course-service] [http-nio-8082-exec-7] org.hibernate.SQL                        : 
    select
        c1_0.course_id,
        c1_0.course_code,
        c1_0.course_name,
        c1_0.created_at,
        c1_0.credits,
        c1_0.description,
        c1_0.is_active,
        c1_0.is_indexed,
        c1_0.max_students,
        c1_0.semester,
        c1_0.teacher_id,
        c1_0.updated_at,
        c1_0.year 
    from
        courses c1_0 
    where
        c1_0.course_id=?
2026-03-18T14:55:32.558+05:30 DEBUG 22488 --- [course-service] [http-nio-8082-exec-1] org.hibernate.SQL                        : 
    select
        e1_0.enrollment_id,
        e1_0.course_id,
        e1_0.enrollment_date,
        e1_0.semester,
        e1_0.enrollment_status,
        e1_0.student_id 
    from
        enrollments e1_0 
    where
        e1_0.student_id=?
2026-03-18T14:55:32.569+05:30 DEBUG 22488 --- [course-service] [http-nio-8082-exec-1] org.hibernate.SQL                        : 
    select
        c1_0.course_id,
        c1_0.course_code,
        c1_0.course_name,
        c1_0.created_at,
        c1_0.credits,
        c1_0.description,
        c1_0.is_active,
        c1_0.is_indexed,
        c1_0.max_students,
        c1_0.semester,
        c1_0.teacher_id,
        c1_0.updated_at,
        c1_0.year 
    from
        courses c1_0 
    where
        c1_0.course_id=?
2026-03-18T14:56:06.848+05:30 DEBUG 22488 --- [course-service] [http-nio-8082-exec-4] org.hibernate.SQL                        : 
    select
        e1_0.enrollment_id,
        e1_0.course_id,
        e1_0.enrollment_date,
        e1_0.semester,
        e1_0.enrollment_status,
        e1_0.student_id 
    from
        enrollments e1_0 
    where
        e1_0.student_id=?
2026-03-18T14:56:06.896+05:30 DEBUG 22488 --- [course-service] [http-nio-8082-exec-5] org.hibernate.SQL                        : 
    select
        e1_0.enrollment_id,
        e1_0.course_id,
        e1_0.enrollment_date,
        e1_0.semester,
        e1_0.enrollment_status,
        e1_0.student_id 
    from
        enrollments e1_0 
    where
        e1_0.student_id=?
2026-03-18T14:57:16.142+05:30 DEBUG 22488 --- [course-service] [http-nio-8082-exec-2] org.hibernate.SQL                        : 
    select
        e1_0.enrollment_id,
        e1_0.course_id,
        e1_0.enrollment_date,
        e1_0.semester,
        e1_0.enrollment_status,
        e1_0.student_id 
    from
        enrollments e1_0 
    where
        e1_0.student_id=?
2026-03-18T14:57:16.150+05:30 DEBUG 22488 --- [course-service] [http-nio-8082-exec-2] org.hibernate.SQL                        : 
    select
        c1_0.course_id,
        c1_0.course_code,
        c1_0.course_name,
        c1_0.created_at,
        c1_0.credits,
        c1_0.description,
        c1_0.is_active,
        c1_0.is_indexed,
        c1_0.max_students,
        c1_0.semester,
        c1_0.teacher_id,
        c1_0.updated_at,
        c1_0.year 
    from
        courses c1_0 
    where
        c1_0.course_id=?
2026-03-18T14:57:16.185+05:30 DEBUG 22488 --- [course-service] [http-nio-8082-exec-10] org.hibernate.SQL                        : 
    select
        e1_0.enrollment_id,
        e1_0.course_id,
        e1_0.enrollment_date,
        e1_0.semester,
        e1_0.enrollment_status,
        e1_0.student_id 
    from
        enrollments e1_0 
    where
        e1_0.student_id=?
2026-03-18T14:57:16.186+05:30 DEBUG 22488 --- [course-service] [http-nio-8082-exec-10] org.hibernate.SQL                        : 
    select
        c1_0.course_id,
        c1_0.course_code,
        c1_0.course_name,
        c1_0.created_at,
        c1_0.credits,
        c1_0.description,
        c1_0.is_active,
        c1_0.is_indexed,
        c1_0.max_students,
        c1_0.semester,
        c1_0.teacher_id,
        c1_0.updated_at,
        c1_0.year 
    from
        courses c1_0 
    where
        c1_0.course_id=?
2026-03-18T14:58:19.045+05:30  INFO 22488 --- [course-service] [AsyncResolver-bootstrap-executor-0] c.n.d.s.r.aws.ConfigClusterResolver      : Resolving eureka endpoints via configuration
2026-03-18T15:03:19.060+05:30  INFO 22488 --- [course-service] [AsyncResolver-bootstrap-executor-0] c.n.d.s.r.aws.ConfigClusterResolver      : Resolving eureka endpoints via configuration
2026-03-18T15:05:32.978+05:30 DEBUG 22488 --- [course-service] [http-nio-8082-exec-6] org.hibernate.SQL                        : 
    select
        e1_0.enrollment_id,
        e1_0.course_id,
        e1_0.enrollment_date,
        e1_0.semester,
        e1_0.enrollment_status,
        e1_0.student_id 
    from
        enrollments e1_0 
    where
        e1_0.student_id=?
2026-03-18T15:05:33.030+05:30 DEBUG 22488 --- [course-service] [http-nio-8082-exec-7] org.hibernate.SQL                        : 
    select
        e1_0.enrollment_id,
        e1_0.course_id,
        e1_0.enrollment_date,
        e1_0.semester,
        e1_0.enrollment_status,
        e1_0.student_id 
    from
        enrollments e1_0 
    where
        e1_0.student_id=?
2026-03-18T15:08:19.069+05:30  INFO 22488 --- [course-service] [AsyncResolver-bootstrap-executor-0] c.n.d.s.r.aws.ConfigClusterResolver      : Resolving eureka endpoints via configuration
2026-03-18T15:13:19.085+05:30  INFO 22488 --- [course-service] [AsyncResolver-bootstrap-executor-0] c.n.d.s.r.aws.ConfigClusterResolver      : Resolving eureka endpoints via configuration
2026-03-18T15:18:19.131+05:30  INFO 22488 --- [course-service] [AsyncResolver-bootstrap-executor-0] c.n.d.s.r.aws.ConfigClusterResolver      : Resolving eureka endpoints via configuration
2026-03-18T15:23:19.181+05:30  INFO 22488 --- [course-service] [AsyncResolver-bootstrap-executor-0] c.n.d.s.r.aws.ConfigClusterResolver      : Resolving eureka endpoints via configuration
2026-03-18T15:28:19.194+05:30  INFO 22488 --- [course-service] [AsyncResolver-bootstrap-executor-0] c.n.d.s.r.aws.ConfigClusterResolver      : Resolving eureka endpoints via configuration
2026-03-18T15:28:25.220+05:30 DEBUG 22488 --- [course-service] [http-nio-8082-exec-4] org.hibernate.SQL                        : 
    select
        e1_0.enrollment_id,
        e1_0.course_id,
        e1_0.enrollment_date,
        e1_0.semester,
        e1_0.enrollment_status,
        e1_0.student_id 
    from
        enrollments e1_0 
    where
        e1_0.student_id=?
2026-03-18T15:28:25.255+05:30 DEBUG 22488 --- [course-service] [http-nio-8082-exec-4] org.hibernate.SQL                        : 
    select
        c1_0.course_id,
        c1_0.course_code,
        c1_0.course_name,
        c1_0.created_at,
        c1_0.credits,
        c1_0.description,
        c1_0.is_active,
        c1_0.is_indexed,
        c1_0.max_students,
        c1_0.semester,
        c1_0.teacher_id,
        c1_0.updated_at,
        c1_0.year 
    from
        courses c1_0 
    where
        c1_0.course_id=?
2026-03-18T15:28:25.300+05:30 DEBUG 22488 --- [course-service] [http-nio-8082-exec-5] org.hibernate.SQL                        : 
    select
        e1_0.enrollment_id,
        e1_0.course_id,
        e1_0.enrollment_date,
        e1_0.semester,
        e1_0.enrollment_status,
        e1_0.student_id 
    from
        enrollments e1_0 
    where
        e1_0.student_id=?
2026-03-18T15:28:25.306+05:30 DEBUG 22488 --- [course-service] [http-nio-8082-exec-5] org.hibernate.SQL                        : 
    select
        c1_0.course_id,
        c1_0.course_code,
        c1_0.course_name,
        c1_0.created_at,
        c1_0.credits,
        c1_0.description,
        c1_0.is_active,
        c1_0.is_indexed,
        c1_0.max_students,
        c1_0.semester,
        c1_0.teacher_id,
        c1_0.updated_at,
        c1_0.year 
    from
        courses c1_0 
    where
        c1_0.course_id=?
2026-03-18T15:28:27.679+05:30 DEBUG 22488 --- [course-service] [http-nio-8082-exec-8] org.hibernate.SQL                        : 
    select
        e1_0.enrollment_id,
        e1_0.course_id,
        e1_0.enrollment_date,
        e1_0.semester,
        e1_0.enrollment_status,
        e1_0.student_id 
    from
        enrollments e1_0 
    where
        e1_0.student_id=?
2026-03-18T15:28:27.685+05:30 DEBUG 22488 --- [course-service] [http-nio-8082-exec-8] org.hibernate.SQL                        : 
    select
        c1_0.course_id,
        c1_0.course_code,
        c1_0.course_name,
        c1_0.created_at,
        c1_0.credits,
        c1_0.description,
        c1_0.is_active,
        c1_0.is_indexed,
        c1_0.max_students,
        c1_0.semester,
        c1_0.teacher_id,
        c1_0.updated_at,
        c1_0.year 
    from
        courses c1_0 
    where
        c1_0.course_id=?
2026-03-18T15:28:27.728+05:30 DEBUG 22488 --- [course-service] [http-nio-8082-exec-9] org.hibernate.SQL                        : 
    select
        e1_0.enrollment_id,
        e1_0.course_id,
        e1_0.enrollment_date,
        e1_0.semester,
        e1_0.enrollment_status,
        e1_0.student_id 
    from
        enrollments e1_0 
    where
        e1_0.student_id=?
2026-03-18T15:28:27.734+05:30 DEBUG 22488 --- [course-service] [http-nio-8082-exec-9] org.hibernate.SQL                        : 
    select
        c1_0.course_id,
        c1_0.course_code,
        c1_0.course_name,
        c1_0.created_at,
        c1_0.credits,
        c1_0.description,
        c1_0.is_active,
        c1_0.is_indexed,
        c1_0.max_students,
        c1_0.semester,
        c1_0.teacher_id,
        c1_0.updated_at,
        c1_0.year 
    from
        courses c1_0 
    where
        c1_0.course_id=?
2026-03-18T15:32:50.644+05:30 DEBUG 22488 --- [course-service] [http-nio-8082-exec-10] org.hibernate.SQL                        : 
    select
        e1_0.enrollment_id,
        e1_0.course_id,
        e1_0.enrollment_date,
        e1_0.semester,
        e1_0.enrollment_status,
        e1_0.student_id 
    from
        enrollments e1_0 
    where
        e1_0.student_id=?
2026-03-18T15:32:50.656+05:30 DEBUG 22488 --- [course-service] [http-nio-8082-exec-10] org.hibernate.SQL                        : 
    select
        c1_0.course_id,
        c1_0.course_code,
        c1_0.course_name,
        c1_0.created_at,
        c1_0.credits,
        c1_0.description,
        c1_0.is_active,
        c1_0.is_indexed,
        c1_0.max_students,
        c1_0.semester,
        c1_0.teacher_id,
        c1_0.updated_at,
        c1_0.year 
    from
        courses c1_0 
    where
        c1_0.course_id=?
2026-03-18T15:32:50.697+05:30 DEBUG 22488 --- [course-service] [http-nio-8082-exec-3] org.hibernate.SQL                        : 
    select
        e1_0.enrollment_id,
        e1_0.course_id,
        e1_0.enrollment_date,
        e1_0.semester,
        e1_0.enrollment_status,
        e1_0.student_id 
    from
        enrollments e1_0 
    where
        e1_0.student_id=?
2026-03-18T15:32:50.702+05:30 DEBUG 22488 --- [course-service] [http-nio-8082-exec-3] org.hibernate.SQL                        : 
    select
        c1_0.course_id,
        c1_0.course_code,
        c1_0.course_name,
        c1_0.created_at,
        c1_0.credits,
        c1_0.description,
        c1_0.is_active,
        c1_0.is_indexed,
        c1_0.max_students,
        c1_0.semester,
        c1_0.teacher_id,
        c1_0.updated_at,
        c1_0.year 
    from
        courses c1_0 
    where
        c1_0.course_id=?
2026-03-18T15:33:19.202+05:30  INFO 22488 --- [course-service] [AsyncResolver-bootstrap-executor-0] c.n.d.s.r.aws.ConfigClusterResolver      : Resolving eureka endpoints via configuration
2026-03-18T15:38:19.244+05:30  INFO 22488 --- [course-service] [AsyncResolver-bootstrap-executor-0] c.n.d.s.r.aws.ConfigClusterResolver      : Resolving eureka endpoints via configuration
2026-03-18T15:43:19.290+05:30  INFO 22488 --- [course-service] [AsyncResolver-bootstrap-executor-0] c.n.d.s.r.aws.ConfigClusterResolver      : Resolving eureka endpoints via configuration
2026-03-18T15:43:37.879+05:30 DEBUG 22488 --- [course-service] [http-nio-8082-exec-7] org.hibernate.SQL                        : 
    select
        e1_0.enrollment_id,
        e1_0.course_id,
        e1_0.enrollment_date,
        e1_0.semester,
        e1_0.enrollment_status,
        e1_0.student_id 
    from
        enrollments e1_0 
    where
        e1_0.student_id=?
2026-03-18T15:43:37.893+05:30 DEBUG 22488 --- [course-service] [http-nio-8082-exec-7] org.hibernate.SQL                        : 
    select
        c1_0.course_id,
        c1_0.course_code,
        c1_0.course_name,
        c1_0.created_at,
        c1_0.credits,
        c1_0.description,
        c1_0.is_active,
        c1_0.is_indexed,
        c1_0.max_students,
        c1_0.semester,
        c1_0.teacher_id,
        c1_0.updated_at,
        c1_0.year 
    from
        courses c1_0 
    where
        c1_0.course_id=?
2026-03-18T15:43:37.928+05:30 DEBUG 22488 --- [course-service] [http-nio-8082-exec-1] org.hibernate.SQL                        : 
    select
        e1_0.enrollment_id,
        e1_0.course_id,
        e1_0.enrollment_date,
        e1_0.semester,
        e1_0.enrollment_status,
        e1_0.student_id 
    from
        enrollments e1_0 
    where
        e1_0.student_id=?
2026-03-18T15:43:37.933+05:30 DEBUG 22488 --- [course-service] [http-nio-8082-exec-1] org.hibernate.SQL                        : 
    select
        c1_0.course_id,
        c1_0.course_code,
        c1_0.course_name,
        c1_0.created_at,
        c1_0.credits,
        c1_0.description,
        c1_0.is_active,
        c1_0.is_indexed,
        c1_0.max_students,
        c1_0.semester,
        c1_0.teacher_id,
        c1_0.updated_at,
        c1_0.year 
    from
        courses c1_0 
    where
        c1_0.course_id=?
2026-03-18T15:43:57.392+05:30 DEBUG 22488 --- [course-service] [http-nio-8082-exec-4] org.hibernate.SQL                        : 
    select
        e1_0.enrollment_id,
        e1_0.course_id,
        e1_0.enrollment_date,
        e1_0.semester,
        e1_0.enrollment_status,
        e1_0.student_id 
    from
        enrollments e1_0 
    where
        e1_0.student_id=?
2026-03-18T15:43:57.399+05:30 DEBUG 22488 --- [course-service] [http-nio-8082-exec-4] org.hibernate.SQL                        : 
    select
        c1_0.course_id,
        c1_0.course_code,
        c1_0.course_name,
        c1_0.created_at,
        c1_0.credits,
        c1_0.description,
        c1_0.is_active,
        c1_0.is_indexed,
        c1_0.max_students,
        c1_0.semester,
        c1_0.teacher_id,
        c1_0.updated_at,
        c1_0.year 
    from
        courses c1_0 
    where
        c1_0.course_id=?
2026-03-18T15:43:57.426+05:30 DEBUG 22488 --- [course-service] [http-nio-8082-exec-5] org.hibernate.SQL                        : 
    select
        e1_0.enrollment_id,
        e1_0.course_id,
        e1_0.enrollment_date,
        e1_0.semester,
        e1_0.enrollment_status,
        e1_0.student_id 
    from
        enrollments e1_0 
    where
        e1_0.student_id=?
2026-03-18T15:43:57.432+05:30 DEBUG 22488 --- [course-service] [http-nio-8082-exec-5] org.hibernate.SQL                        : 
    select
        c1_0.course_id,
        c1_0.course_code,
        c1_0.course_name,
        c1_0.created_at,
        c1_0.credits,
        c1_0.description,
        c1_0.is_active,
        c1_0.is_indexed,
        c1_0.max_students,
        c1_0.semester,
        c1_0.teacher_id,
        c1_0.updated_at,
        c1_0.year 
    from
        courses c1_0 
    where
        c1_0.course_id=?
2026-03-18T15:47:48.114+05:30 DEBUG 22488 --- [course-service] [http-nio-8082-exec-9] org.hibernate.SQL                        : 
    select
        e1_0.enrollment_id,
        e1_0.course_id,
        e1_0.enrollment_date,
        e1_0.semester,
        e1_0.enrollment_status,
        e1_0.student_id 
    from
        enrollments e1_0 
    where
        e1_0.student_id=?
2026-03-18T15:47:48.125+05:30 DEBUG 22488 --- [course-service] [http-nio-8082-exec-9] org.hibernate.SQL                        : 
    select
        c1_0.course_id,
        c1_0.course_code,
        c1_0.course_name,
        c1_0.created_at,
        c1_0.credits,
        c1_0.description,
        c1_0.is_active,
        c1_0.is_indexed,
        c1_0.max_students,
        c1_0.semester,
        c1_0.teacher_id,
        c1_0.updated_at,
        c1_0.year 
    from
        courses c1_0 
    where
        c1_0.course_id=?
2026-03-18T15:47:48.153+05:30 DEBUG 22488 --- [course-service] [http-nio-8082-exec-2] org.hibernate.SQL                        : 
    select
        e1_0.enrollment_id,
        e1_0.course_id,
        e1_0.enrollment_date,
        e1_0.semester,
        e1_0.enrollment_status,
        e1_0.student_id 
    from
        enrollments e1_0 
    where
        e1_0.student_id=?
2026-03-18T15:47:48.156+05:30 DEBUG 22488 --- [course-service] [http-nio-8082-exec-2] org.hibernate.SQL                        : 
    select
        c1_0.course_id,
        c1_0.course_code,
        c1_0.course_name,
        c1_0.created_at,
        c1_0.credits,
        c1_0.description,
        c1_0.is_active,
        c1_0.is_indexed,
        c1_0.max_students,
        c1_0.semester,
        c1_0.teacher_id,
        c1_0.updated_at,
        c1_0.year 
    from
        courses c1_0 
    where
        c1_0.course_id=?
2026-03-18T15:47:52.844+05:30 DEBUG 22488 --- [course-service] [http-nio-8082-exec-10] org.hibernate.SQL                        : 
    select
        e1_0.enrollment_id,
        e1_0.course_id,
        e1_0.enrollment_date,
        e1_0.semester,
        e1_0.enrollment_status,
        e1_0.student_id 
    from
        enrollments e1_0 
    where
        e1_0.student_id=?
2026-03-18T15:47:53.139+05:30 DEBUG 22488 --- [course-service] [http-nio-8082-exec-3] org.hibernate.SQL                        : 
    select
        e1_0.enrollment_id,
        e1_0.course_id,
        e1_0.enrollment_date,
        e1_0.semester,
        e1_0.enrollment_status,
        e1_0.student_id 
    from
        enrollments e1_0 
    where
        e1_0.student_id=?
2026-03-18T15:47:53.450+05:30 DEBUG 22488 --- [course-service] [http-nio-8082-exec-6] org.hibernate.SQL                        : 
    select
        e1_0.enrollment_id,
        e1_0.course_id,
        e1_0.enrollment_date,
        e1_0.semester,
        e1_0.enrollment_status,
        e1_0.student_id 
    from
        enrollments e1_0 
    where
        e1_0.student_id=?
2026-03-18T15:47:53.456+05:30 DEBUG 22488 --- [course-service] [http-nio-8082-exec-6] org.hibernate.SQL                        : 
    select
        c1_0.course_id,
        c1_0.course_code,
        c1_0.course_name,
        c1_0.created_at,
        c1_0.credits,
        c1_0.description,
        c1_0.is_active,
        c1_0.is_indexed,
        c1_0.max_students,
        c1_0.semester,
        c1_0.teacher_id,
        c1_0.updated_at,
        c1_0.year 
    from
        courses c1_0 
    where
        c1_0.course_id=?
2026-03-18T15:47:53.484+05:30 DEBUG 22488 --- [course-service] [http-nio-8082-exec-7] org.hibernate.SQL                        : 
    select
        e1_0.enrollment_id,
        e1_0.course_id,
        e1_0.enrollment_date,
        e1_0.semester,
        e1_0.enrollment_status,
        e1_0.student_id 
    from
        enrollments e1_0 
    where
        e1_0.student_id=?
2026-03-18T15:47:53.486+05:30 DEBUG 22488 --- [course-service] [http-nio-8082-exec-7] org.hibernate.SQL                        : 
    select
        c1_0.course_id,
        c1_0.course_code,
        c1_0.course_name,
        c1_0.created_at,
        c1_0.credits,
        c1_0.description,
        c1_0.is_active,
        c1_0.is_indexed,
        c1_0.max_students,
        c1_0.semester,
        c1_0.teacher_id,
        c1_0.updated_at,
        c1_0.year 
    from
        courses c1_0 
    where
        c1_0.course_id=?
2026-03-18T15:48:19.298+05:30  INFO 22488 --- [course-service] [AsyncResolver-bootstrap-executor-0] c.n.d.s.r.aws.ConfigClusterResolver      : Resolving eureka endpoints via configuration
2026-03-18T15:51:37.472+05:30 DEBUG 22488 --- [course-service] [http-nio-8082-exec-4] org.hibernate.SQL                        : 
    select
        e1_0.enrollment_id,
        e1_0.course_id,
        e1_0.enrollment_date,
        e1_0.semester,
        e1_0.enrollment_status,
        e1_0.student_id 
    from
        enrollments e1_0 
    where
        e1_0.student_id=?
2026-03-18T15:51:37.477+05:30 DEBUG 22488 --- [course-service] [http-nio-8082-exec-4] org.hibernate.SQL                        : 
    select
        c1_0.course_id,
        c1_0.course_code,
        c1_0.course_name,
        c1_0.created_at,
        c1_0.credits,
        c1_0.description,
        c1_0.is_active,
        c1_0.is_indexed,
        c1_0.max_students,
        c1_0.semester,
        c1_0.teacher_id,
        c1_0.updated_at,
        c1_0.year 
    from
        courses c1_0 
    where
        c1_0.course_id=?
2026-03-18T15:51:37.506+05:30 DEBUG 22488 --- [course-service] [http-nio-8082-exec-5] org.hibernate.SQL                        : 
    select
        e1_0.enrollment_id,
        e1_0.course_id,
        e1_0.enrollment_date,
        e1_0.semester,
        e1_0.enrollment_status,
        e1_0.student_id 
    from
        enrollments e1_0 
    where
        e1_0.student_id=?
2026-03-18T15:51:37.506+05:30 DEBUG 22488 --- [course-service] [http-nio-8082-exec-5] org.hibernate.SQL                        : 
    select
        c1_0.course_id,
        c1_0.course_code,
        c1_0.course_name,
        c1_0.created_at,
        c1_0.credits,
        c1_0.description,
        c1_0.is_active,
        c1_0.is_indexed,
        c1_0.max_students,
        c1_0.semester,
        c1_0.teacher_id,
        c1_0.updated_at,
        c1_0.year 
    from
        courses c1_0 
    where
        c1_0.course_id=?
2026-03-18T15:53:19.334+05:30  INFO 22488 --- [course-service] [AsyncResolver-bootstrap-executor-0] c.n.d.s.r.aws.ConfigClusterResolver      : Resolving eureka endpoints via configuration
2026-03-18T15:58:19.344+05:30  INFO 22488 --- [course-service] [AsyncResolver-bootstrap-executor-0] c.n.d.s.r.aws.ConfigClusterResolver      : Resolving eureka endpoints via configuration
2026-03-18T16:03:19.348+05:30  INFO 22488 --- [course-service] [AsyncResolver-bootstrap-executor-0] c.n.d.s.r.aws.ConfigClusterResolver      : Resolving eureka endpoints via configuration
2026-03-18T16:08:19.391+05:30  INFO 22488 --- [course-service] [AsyncResolver-bootstrap-executor-0] c.n.d.s.r.aws.ConfigClusterResolver      : Resolving eureka endpoints via configuration
2026-03-18T16:13:19.402+05:30  INFO 22488 --- [course-service] [AsyncResolver-bootstrap-executor-0] c.n.d.s.r.aws.ConfigClusterResolver      : Resolving eureka endpoints via configuration
2026-03-18T16:18:19.420+05:30  INFO 22488 --- [course-service] [AsyncResolver-bootstrap-executor-0] c.n.d.s.r.aws.ConfigClusterResolver      : Resolving eureka endpoints via configuration
2026-03-18T16:23:19.443+05:30  INFO 22488 --- [course-service] [AsyncResolver-bootstrap-executor-0] c.n.d.s.r.aws.ConfigClusterResolver      : Resolving eureka endpoints via configuration
2026-03-18T16:23:52.160+05:30 DEBUG 22488 --- [course-service] [http-nio-8082-exec-9] org.hibernate.SQL                        : 
    select
        e1_0.enrollment_id,
        e1_0.course_id,
        e1_0.enrollment_date,
        e1_0.semester,
        e1_0.enrollment_status,
        e1_0.student_id 
    from
        enrollments e1_0 
    where
        e1_0.student_id=?
2026-03-18T16:23:52.170+05:30 DEBUG 22488 --- [course-service] [http-nio-8082-exec-9] org.hibernate.SQL                        : 
    select
        c1_0.course_id,
        c1_0.course_code,
        c1_0.course_name,
        c1_0.created_at,
        c1_0.credits,
        c1_0.description,
        c1_0.is_active,
        c1_0.is_indexed,
        c1_0.max_students,
        c1_0.semester,
        c1_0.teacher_id,
        c1_0.updated_at,
        c1_0.year 
    from
        courses c1_0 
    where
        c1_0.course_id=?
2026-03-18T16:23:52.201+05:30 DEBUG 22488 --- [course-service] [http-nio-8082-exec-2] org.hibernate.SQL                        : 
    select
        e1_0.enrollment_id,
        e1_0.course_id,
        e1_0.enrollment_date,
        e1_0.semester,
        e1_0.enrollment_status,
        e1_0.student_id 
    from
        enrollments e1_0 
    where
        e1_0.student_id=?
2026-03-18T16:23:52.204+05:30 DEBUG 22488 --- [course-service] [http-nio-8082-exec-2] org.hibernate.SQL                        : 
    select
        c1_0.course_id,
        c1_0.course_code,
        c1_0.course_name,
        c1_0.created_at,
        c1_0.credits,
        c1_0.description,
        c1_0.is_active,
        c1_0.is_indexed,
        c1_0.max_students,
        c1_0.semester,
        c1_0.teacher_id,
        c1_0.updated_at,
        c1_0.year 
    from
        courses c1_0 
    where
        c1_0.course_id=?
2026-03-18T16:23:54.620+05:30 DEBUG 22488 --- [course-service] [http-nio-8082-exec-10] org.hibernate.SQL                        : 
    select
        c1_0.course_id,
        c1_0.course_code,
        c1_0.course_name,
        c1_0.created_at,
        c1_0.credits,
        c1_0.description,
        c1_0.is_active,
        c1_0.is_indexed,
        c1_0.max_students,
        c1_0.semester,
        c1_0.teacher_id,
        c1_0.updated_at,
        c1_0.year 
    from
        courses c1_0
2026-03-18T16:23:54.640+05:30 DEBUG 22488 --- [course-service] [http-nio-8082-exec-3] org.hibernate.SQL                        : 
    select
        c1_0.course_id,
        c1_0.course_code,
        c1_0.course_name,
        c1_0.created_at,
        c1_0.credits,
        c1_0.description,
        c1_0.is_active,
        c1_0.is_indexed,
        c1_0.max_students,
        c1_0.semester,
        c1_0.teacher_id,
        c1_0.updated_at,
        c1_0.year 
    from
        courses c1_0
2026-03-18T16:23:54.640+05:30 DEBUG 22488 --- [course-service] [http-nio-8082-exec-6] org.hibernate.SQL                        : 
    select
        e1_0.enrollment_id,
        e1_0.course_id,
        e1_0.enrollment_date,
        e1_0.semester,
        e1_0.enrollment_status,
        e1_0.student_id 
    from
        enrollments e1_0 
    where
        e1_0.student_id=?
2026-03-18T16:23:54.652+05:30 DEBUG 22488 --- [course-service] [http-nio-8082-exec-6] org.hibernate.SQL                        : 
    select
        c1_0.course_id,
        c1_0.course_code,
        c1_0.course_name,
        c1_0.created_at,
        c1_0.credits,
        c1_0.description,
        c1_0.is_active,
        c1_0.is_indexed,
        c1_0.max_students,
        c1_0.semester,
        c1_0.teacher_id,
        c1_0.updated_at,
        c1_0.year 
    from
        courses c1_0 
    where
        c1_0.course_id=?
2026-03-18T16:23:54.671+05:30 DEBUG 22488 --- [course-service] [http-nio-8082-exec-7] org.hibernate.SQL                        : 
    select
        e1_0.enrollment_id,
        e1_0.course_id,
        e1_0.enrollment_date,
        e1_0.semester,
        e1_0.enrollment_status,
        e1_0.student_id 
    from
        enrollments e1_0 
    where
        e1_0.student_id=?
2026-03-18T16:23:54.671+05:30 DEBUG 22488 --- [course-service] [http-nio-8082-exec-7] org.hibernate.SQL                        : 
    select
        c1_0.course_id,
        c1_0.course_code,
        c1_0.course_name,
        c1_0.created_at,
        c1_0.credits,
        c1_0.description,
        c1_0.is_active,
        c1_0.is_indexed,
        c1_0.max_students,
        c1_0.semester,
        c1_0.teacher_id,
        c1_0.updated_at,
        c1_0.year 
    from
        courses c1_0 
    where
        c1_0.course_id=?
2026-03-18T16:23:56.272+05:30 DEBUG 22488 --- [course-service] [http-nio-8082-exec-1] org.hibernate.SQL                        : 
    select
        e1_0.enrollment_id,
        e1_0.course_id,
        e1_0.enrollment_date,
        e1_0.semester,
        e1_0.enrollment_status,
        e1_0.student_id 
    from
        enrollments e1_0 
    where
        e1_0.student_id=?
2026-03-18T16:23:56.276+05:30 DEBUG 22488 --- [course-service] [http-nio-8082-exec-1] org.hibernate.SQL                        : 
    select
        c1_0.course_id,
        c1_0.course_code,
        c1_0.course_name,
        c1_0.created_at,
        c1_0.credits,
        c1_0.description,
        c1_0.is_active,
        c1_0.is_indexed,
        c1_0.max_students,
        c1_0.semester,
        c1_0.teacher_id,
        c1_0.updated_at,
        c1_0.year 
    from
        courses c1_0 
    where
        c1_0.course_id=?
2026-03-18T16:23:56.312+05:30 DEBUG 22488 --- [course-service] [http-nio-8082-exec-4] org.hibernate.SQL                        : 
    select
        e1_0.enrollment_id,
        e1_0.course_id,
        e1_0.enrollment_date,
        e1_0.semester,
        e1_0.enrollment_status,
        e1_0.student_id 
    from
        enrollments e1_0 
    where
        e1_0.student_id=?
2026-03-18T16:23:56.338+05:30 DEBUG 22488 --- [course-service] [http-nio-8082-exec-4] org.hibernate.SQL                        : 
    select
        c1_0.course_id,
        c1_0.course_code,
        c1_0.course_name,
        c1_0.created_at,
        c1_0.credits,
        c1_0.description,
        c1_0.is_active,
        c1_0.is_indexed,
        c1_0.max_students,
        c1_0.semester,
        c1_0.teacher_id,
        c1_0.updated_at,
        c1_0.year 
    from
        courses c1_0 
    where
        c1_0.course_id=?
2026-03-18T16:23:59.792+05:30 DEBUG 22488 --- [course-service] [http-nio-8082-exec-5] org.hibernate.SQL                        : 
    select
        e1_0.enrollment_id,
        e1_0.course_id,
        e1_0.enrollment_date,
        e1_0.semester,
        e1_0.enrollment_status,
        e1_0.student_id 
    from
        enrollments e1_0 
    where
        e1_0.student_id=?
2026-03-18T16:23:59.795+05:30 DEBUG 22488 --- [course-service] [http-nio-8082-exec-5] org.hibernate.SQL                        : 
    select
        c1_0.course_id,
        c1_0.course_code,
        c1_0.course_name,
        c1_0.created_at,
        c1_0.credits,
        c1_0.description,
        c1_0.is_active,
        c1_0.is_indexed,
        c1_0.max_students,
        c1_0.semester,
        c1_0.teacher_id,
        c1_0.updated_at,
        c1_0.year 
    from
        courses c1_0 
    where
        c1_0.course_id=?
2026-03-18T16:23:59.905+05:30 DEBUG 22488 --- [course-service] [http-nio-8082-exec-8] org.hibernate.SQL                        : 
    select
        e1_0.enrollment_id,
        e1_0.course_id,
        e1_0.enrollment_date,
        e1_0.semester,
        e1_0.enrollment_status,
        e1_0.student_id 
    from
        enrollments e1_0 
    where
        e1_0.student_id=?
2026-03-18T16:23:59.905+05:30 DEBUG 22488 --- [course-service] [http-nio-8082-exec-8] org.hibernate.SQL                        : 
    select
        c1_0.course_id,
        c1_0.course_code,
        c1_0.course_name,
        c1_0.created_at,
        c1_0.credits,
        c1_0.description,
        c1_0.is_active,
        c1_0.is_indexed,
        c1_0.max_students,
        c1_0.semester,
        c1_0.teacher_id,
        c1_0.updated_at,
        c1_0.year 
    from
        courses c1_0 
    where
        c1_0.course_id=?
2026-03-18T16:25:17.442+05:30 DEBUG 22488 --- [course-service] [http-nio-8082-exec-10] org.hibernate.SQL                        : 
    select
        e1_0.enrollment_id,
        e1_0.course_id,
        e1_0.enrollment_date,
        e1_0.semester,
        e1_0.enrollment_status,
        e1_0.student_id 
    from
        enrollments e1_0 
    where
        e1_0.student_id=?
2026-03-18T16:25:17.449+05:30 DEBUG 22488 --- [course-service] [http-nio-8082-exec-10] org.hibernate.SQL                        : 
    select
        c1_0.course_id,
        c1_0.course_code,
        c1_0.course_name,
        c1_0.created_at,
        c1_0.credits,
        c1_0.description,
        c1_0.is_active,
        c1_0.is_indexed,
        c1_0.max_students,
        c1_0.semester,
        c1_0.teacher_id,
        c1_0.updated_at,
        c1_0.year 
    from
        courses c1_0 
    where
        c1_0.course_id=?
2026-03-18T16:25:17.507+05:30 DEBUG 22488 --- [course-service] [http-nio-8082-exec-3] org.hibernate.SQL                        : 
    select
        e1_0.enrollment_id,
        e1_0.course_id,
        e1_0.enrollment_date,
        e1_0.semester,
        e1_0.enrollment_status,
        e1_0.student_id 
    from
        enrollments e1_0 
    where
        e1_0.student_id=?
2026-03-18T16:25:17.511+05:30 DEBUG 22488 --- [course-service] [http-nio-8082-exec-3] org.hibernate.SQL                        : 
    select
        c1_0.course_id,
        c1_0.course_code,
        c1_0.course_name,
        c1_0.created_at,
        c1_0.credits,
        c1_0.description,
        c1_0.is_active,
        c1_0.is_indexed,
        c1_0.max_students,
        c1_0.semester,
        c1_0.teacher_id,
        c1_0.updated_at,
        c1_0.year 
    from
        courses c1_0 
    where
        c1_0.course_id=?
2026-03-18T16:28:19.457+05:30  INFO 22488 --- [course-service] [AsyncResolver-bootstrap-executor-0] c.n.d.s.r.aws.ConfigClusterResolver      : Resolving eureka endpoints via configuration
2026-03-18T16:40:17.610+05:30  INFO 9124 --- [course-service] [main] c.e.c.CourseServiceApplication           : Starting CourseServiceApplication using Java 21.0.9 with PID 9124 (C:\Users\170529\Documents\workspace-spring-tools-for-eclipse-4.32.2.RELEASE\course-service\target\classes started by 170529 in C:\Users\170529\Documents\workspace-spring-tools-for-eclipse-4.32.2.RELEASE\course-service)
2026-03-18T16:40:17.619+05:30 DEBUG 9124 --- [course-service] [main] c.e.c.CourseServiceApplication           : Running with Spring Boot v3.2.0, Spring v6.1.1
2026-03-18T16:40:17.620+05:30  INFO 9124 --- [course-service] [main] c.e.c.CourseServiceApplication           : No active profile set, falling back to 1 default profile: "default"
2026-03-18T16:40:22.800+05:30  INFO 9124 --- [course-service] [main] .s.d.r.c.RepositoryConfigurationDelegate : Bootstrapping Spring Data JPA repositories in DEFAULT mode.
2026-03-18T16:40:23.383+05:30  INFO 9124 --- [course-service] [main] .s.d.r.c.RepositoryConfigurationDelegate : Finished Spring Data repository scanning in 523 ms. Found 4 JPA repository interfaces.
2026-03-18T16:40:25.534+05:30  INFO 9124 --- [course-service] [main] o.s.cloud.context.scope.GenericScope     : BeanFactory id=8e67e5e2-643f-3755-9e7d-bb356cbb7fbf
2026-03-18T16:40:26.596+05:30  WARN 9124 --- [course-service] [main] trationDelegate$BeanPostProcessorChecker : Bean 'org.springframework.cloud.client.loadbalancer.LoadBalancerAutoConfiguration$LoadBalancerInterceptorConfig' of type [org.springframework.cloud.client.loadbalancer.LoadBalancerAutoConfiguration$LoadBalancerInterceptorConfig] is not eligible for getting processed by all BeanPostProcessors (for example: not eligible for auto-proxying). The currently created BeanPostProcessor [lbRestClientPostProcessor] is declared through a non-static factory method on that class; consider declaring it as static instead.
2026-03-18T16:40:26.614+05:30  WARN 9124 --- [course-service] [main] trationDelegate$BeanPostProcessorChecker : Bean 'org.springframework.cloud.loadbalancer.config.BlockingLoadBalancerClientAutoConfiguration' of type [org.springframework.cloud.loadbalancer.config.BlockingLoadBalancerClientAutoConfiguration] is not eligible for getting processed by all BeanPostProcessors (for example: not eligible for auto-proxying). Is this bean getting eagerly injected into a currently created BeanPostProcessor [lbRestClientPostProcessor]? Check the corresponding BeanPostProcessor declaration and its dependencies.
2026-03-18T16:40:26.642+05:30  WARN 9124 --- [course-service] [main] trationDelegate$BeanPostProcessorChecker : Bean 'org.springframework.cloud.loadbalancer.config.LoadBalancerAutoConfiguration' of type [org.springframework.cloud.loadbalancer.config.LoadBalancerAutoConfiguration] is not eligible for getting processed by all BeanPostProcessors (for example: not eligible for auto-proxying). Is this bean getting eagerly injected into a currently created BeanPostProcessor [lbRestClientPostProcessor]? Check the corresponding BeanPostProcessor declaration and its dependencies.
2026-03-18T16:40:26.668+05:30  WARN 9124 --- [course-service] [main] trationDelegate$BeanPostProcessorChecker : Bean 'org.springframework.cloud.commons.config.CommonsConfigAutoConfiguration' of type [org.springframework.cloud.commons.config.CommonsConfigAutoConfiguration] is not eligible for getting processed by all BeanPostProcessors (for example: not eligible for auto-proxying). Is this bean getting eagerly injected into a currently created BeanPostProcessor [lbRestClientPostProcessor]? Check the corresponding BeanPostProcessor declaration and its dependencies.
2026-03-18T16:40:26.677+05:30  WARN 9124 --- [course-service] [main] trationDelegate$BeanPostProcessorChecker : Bean 'org.springframework.cloud.client.loadbalancer.LoadBalancerDefaultMappingsProviderAutoConfiguration' of type [org.springframework.cloud.client.loadbalancer.LoadBalancerDefaultMappingsProviderAutoConfiguration] is not eligible for getting processed by all BeanPostProcessors (for example: not eligible for auto-proxying). Is this bean getting eagerly injected into a currently created BeanPostProcessor [lbRestClientPostProcessor]? Check the corresponding BeanPostProcessor declaration and its dependencies.
2026-03-18T16:40:26.735+05:30  WARN 9124 --- [course-service] [main] trationDelegate$BeanPostProcessorChecker : Bean 'loadBalancerClientsDefaultsMappingsProvider' of type [org.springframework.cloud.client.loadbalancer.LoadBalancerDefaultMappingsProviderAutoConfiguration$$Lambda/0x0000020251494600] is not eligible for getting processed by all BeanPostProcessors (for example: not eligible for auto-proxying). Is this bean getting eagerly injected into a currently created BeanPostProcessor [lbRestClientPostProcessor]? Check the corresponding BeanPostProcessor declaration and its dependencies.
2026-03-18T16:40:26.738+05:30  WARN 9124 --- [course-service] [main] trationDelegate$BeanPostProcessorChecker : Bean 'defaultsBindHandlerAdvisor' of type [org.springframework.cloud.commons.config.DefaultsBindHandlerAdvisor] is not eligible for getting processed by all BeanPostProcessors (for example: not eligible for auto-proxying). Is this bean getting eagerly injected into a currently created BeanPostProcessor [lbRestClientPostProcessor]? Check the corresponding BeanPostProcessor declaration and its dependencies.
2026-03-18T16:40:26.752+05:30  WARN 9124 --- [course-service] [main] trationDelegate$BeanPostProcessorChecker : Bean 'spring.cloud.loadbalancer-org.springframework.cloud.client.loadbalancer.LoadBalancerClientsProperties' of type [org.springframework.cloud.client.loadbalancer.LoadBalancerClientsProperties] is not eligible for getting processed by all BeanPostProcessors (for example: not eligible for auto-proxying). Is this bean getting eagerly injected into a currently created BeanPostProcessor [lbRestClientPostProcessor]? Check the corresponding BeanPostProcessor declaration and its dependencies.
2026-03-18T16:40:26.784+05:30  WARN 9124 --- [course-service] [main] trationDelegate$BeanPostProcessorChecker : Bean 'default.org.springframework.cloud.loadbalancer.config.LoadBalancerAutoConfiguration.LoadBalancerClientSpecification' of type [org.springframework.cloud.loadbalancer.annotation.LoadBalancerClientSpecification] is not eligible for getting processed by all BeanPostProcessors (for example: not eligible for auto-proxying). Is this bean getting eagerly injected into a currently created BeanPostProcessor [lbRestClientPostProcessor]? Check the corresponding BeanPostProcessor declaration and its dependencies.
2026-03-18T16:40:26.786+05:30  WARN 9124 --- [course-service] [main] trationDelegate$BeanPostProcessorChecker : Bean 'default.org.springframework.cloud.loadbalancer.config.BlockingLoadBalancerClientAutoConfiguration.LoadBalancerClientSpecification' of type [org.springframework.cloud.loadbalancer.annotation.LoadBalancerClientSpecification] is not eligible for getting processed by all BeanPostProcessors (for example: not eligible for auto-proxying). Is this bean getting eagerly injected into a currently created BeanPostProcessor [lbRestClientPostProcessor]? Check the corresponding BeanPostProcessor declaration and its dependencies.
2026-03-18T16:40:26.803+05:30  WARN 9124 --- [course-service] [main] trationDelegate$BeanPostProcessorChecker : Bean 'default.org.springframework.cloud.netflix.eureka.loadbalancer.LoadBalancerEurekaAutoConfiguration.LoadBalancerClientSpecification' of type [org.springframework.cloud.loadbalancer.annotation.LoadBalancerClientSpecification] is not eligible for getting processed by all BeanPostProcessors (for example: not eligible for auto-proxying). Is this bean getting eagerly injected into a currently created BeanPostProcessor [lbRestClientPostProcessor]? Check the corresponding BeanPostProcessor declaration and its dependencies.
2026-03-18T16:40:26.836+05:30  WARN 9124 --- [course-service] [main] trationDelegate$BeanPostProcessorChecker : Bean 'loadBalancerClientFactory' of type [org.springframework.cloud.loadbalancer.support.LoadBalancerClientFactory] is not eligible for getting processed by all BeanPostProcessors (for example: not eligible for auto-proxying). Is this bean getting eagerly injected into a currently created BeanPostProcessor [lbRestClientPostProcessor]? Check the corresponding BeanPostProcessor declaration and its dependencies.
2026-03-18T16:40:26.849+05:30  WARN 9124 --- [course-service] [main] trationDelegate$BeanPostProcessorChecker : Bean 'blockingLoadBalancerClient' of type [org.springframework.cloud.loadbalancer.blocking.client.BlockingLoadBalancerClient] is not eligible for getting processed by all BeanPostProcessors (for example: not eligible for auto-proxying). Is this bean getting eagerly injected into a currently created BeanPostProcessor [lbRestClientPostProcessor]? Check the corresponding BeanPostProcessor declaration and its dependencies.
2026-03-18T16:40:26.881+05:30  WARN 9124 --- [course-service] [main] trationDelegate$BeanPostProcessorChecker : Bean 'restTemplateConfig' of type [com.example.course_service.config.RestTemplateConfig$$SpringCGLIB$$0] is not eligible for getting processed by all BeanPostProcessors (for example: not eligible for auto-proxying). Is this bean getting eagerly injected into a currently created BeanPostProcessor [lbRestClientPostProcessor]? Check the corresponding BeanPostProcessor declaration and its dependencies.
2026-03-18T16:40:27.096+05:30  WARN 9124 --- [course-service] [main] trationDelegate$BeanPostProcessorChecker : Bean 'restTemplate' of type [org.springframework.web.client.RestTemplate] is not eligible for getting processed by all BeanPostProcessors (for example: not eligible for auto-proxying). Is this bean getting eagerly injected into a currently created BeanPostProcessor [lbRestClientPostProcessor]? Check the corresponding BeanPostProcessor declaration and its dependencies.
2026-03-18T16:40:27.114+05:30  WARN 9124 --- [course-service] [main] trationDelegate$BeanPostProcessorChecker : Bean 'loadBalancerServiceInstanceCookieTransformer' of type [org.springframework.cloud.loadbalancer.core.LoadBalancerServiceInstanceCookieTransformer] is not eligible for getting processed by all BeanPostProcessors (for example: not eligible for auto-proxying). Is this bean getting eagerly injected into a currently created BeanPostProcessor [lbRestClientPostProcessor]? Check the corresponding BeanPostProcessor declaration and its dependencies.
2026-03-18T16:40:27.118+05:30  WARN 9124 --- [course-service] [main] trationDelegate$BeanPostProcessorChecker : Bean 'xForwarderHeadersTransformer' of type [org.springframework.cloud.loadbalancer.blocking.XForwardedHeadersTransformer] is not eligible for getting processed by all BeanPostProcessors (for example: not eligible for auto-proxying). Is this bean getting eagerly injected into a currently created BeanPostProcessor [lbRestClientPostProcessor]? Check the corresponding BeanPostProcessor declaration and its dependencies.
2026-03-18T16:40:27.121+05:30  WARN 9124 --- [course-service] [main] trationDelegate$BeanPostProcessorChecker : Bean 'org.springframework.cloud.client.loadbalancer.LoadBalancerAutoConfiguration' of type [org.springframework.cloud.client.loadbalancer.LoadBalancerAutoConfiguration] is not eligible for getting processed by all BeanPostProcessors (for example: not eligible for auto-proxying). Is this bean getting eagerly injected into a currently created BeanPostProcessor [lbRestClientPostProcessor]? Check the corresponding BeanPostProcessor declaration and its dependencies.
2026-03-18T16:40:27.131+05:30  WARN 9124 --- [course-service] [main] trationDelegate$BeanPostProcessorChecker : Bean 'loadBalancerRequestFactory' of type [org.springframework.cloud.client.loadbalancer.LoadBalancerRequestFactory] is not eligible for getting processed by all BeanPostProcessors (for example: not eligible for auto-proxying). Is this bean getting eagerly injected into a currently created BeanPostProcessor [lbRestClientPostProcessor]? Check the corresponding BeanPostProcessor declaration and its dependencies.
2026-03-18T16:40:27.133+05:30  WARN 9124 --- [course-service] [main] trationDelegate$BeanPostProcessorChecker : Bean 'loadBalancerInterceptor' of type [org.springframework.cloud.client.loadbalancer.LoadBalancerInterceptor] is not eligible for getting processed by all BeanPostProcessors (for example: not eligible for auto-proxying). Is this bean getting eagerly injected into a currently created BeanPostProcessor [lbRestClientPostProcessor]? Check the corresponding BeanPostProcessor declaration and its dependencies.
2026-03-18T16:40:28.038+05:30  INFO 9124 --- [course-service] [main] o.s.b.w.embedded.tomcat.TomcatWebServer  : Tomcat initialized with port 8082 (http)
2026-03-18T16:40:28.109+05:30  INFO 9124 --- [course-service] [main] o.apache.catalina.core.StandardService   : Starting service [Tomcat]
2026-03-18T16:40:28.110+05:30  INFO 9124 --- [course-service] [main] o.apache.catalina.core.StandardEngine    : Starting Servlet engine: [Apache Tomcat/10.1.16]
2026-03-18T16:40:28.356+05:30  INFO 9124 --- [course-service] [main] o.a.c.c.C.[Tomcat].[localhost].[/]       : Initializing Spring embedded WebApplicationContext
2026-03-18T16:40:28.357+05:30  INFO 9124 --- [course-service] [main] w.s.c.ServletWebServerApplicationContext : Root WebApplicationContext: initialization completed in 10540 ms
2026-03-18T16:40:28.987+05:30  INFO 9124 --- [course-service] [main] o.hibernate.jpa.internal.util.LogHelper  : HHH000204: Processing PersistenceUnitInfo [name: default]
2026-03-18T16:40:37.377+05:30  INFO 9124 --- [course-service] [main] org.hibernate.Version                    : HHH000412: Hibernate ORM core version 6.3.1.Final
2026-03-18T16:40:37.506+05:30  INFO 9124 --- [course-service] [main] o.h.c.internal.RegionFactoryInitiator    : HHH000026: Second-level cache disabled
2026-03-18T16:40:38.334+05:30  INFO 9124 --- [course-service] [main] o.s.o.j.p.SpringPersistenceUnitInfo      : No LoadTimeWeaver setup: ignoring JPA class transformer
2026-03-18T16:40:38.417+05:30  INFO 9124 --- [course-service] [main] com.zaxxer.hikari.HikariDataSource       : HikariPool-1 - Starting...
2026-03-18T16:40:39.115+05:30  INFO 9124 --- [course-service] [main] com.zaxxer.hikari.pool.HikariPool        : HikariPool-1 - Added connection com.mysql.cj.jdbc.ConnectionImpl@fbe8fd3
2026-03-18T16:40:39.120+05:30  INFO 9124 --- [course-service] [main] com.zaxxer.hikari.HikariDataSource       : HikariPool-1 - Start completed.
2026-03-18T16:40:39.473+05:30  WARN 9124 --- [course-service] [main] org.hibernate.orm.deprecation            : HHH90000025: MySQL8Dialect does not need to be specified explicitly using 'hibernate.dialect' (remove the property setting and it will be selected by default)
2026-03-18T16:40:39.477+05:30  WARN 9124 --- [course-service] [main] org.hibernate.orm.deprecation            : HHH90000026: MySQL8Dialect has been deprecated; use org.hibernate.dialect.MySQLDialect instead
2026-03-18T16:40:45.417+05:30  INFO 9124 --- [course-service] [main] o.h.e.t.j.p.i.JtaPlatformInitiator       : HHH000489: No JTA platform available (set 'hibernate.transaction.jta.platform' to enable JTA platform integration)
2026-03-18T16:40:45.993+05:30  INFO 9124 --- [course-service] [main] j.LocalContainerEntityManagerFactoryBean : Initialized JPA EntityManagerFactory for persistence unit 'default'
2026-03-18T16:40:50.651+05:30  INFO 9124 --- [course-service] [main] DiscoveryClientOptionalArgsConfiguration : Eureka HTTP Client uses RestTemplate.
2026-03-18T16:40:50.941+05:30  WARN 9124 --- [course-service] [main] iguration$LoadBalancerCaffeineWarnLogger : Spring Cloud LoadBalancer is currently working with the default cache. While this cache implementation is useful for development and tests, it's recommended to use Caffeine cache in production.You can switch to using Caffeine cache, by adding it and org.springframework.cache.caffeine.CaffeineCacheManager to the classpath.
2026-03-18T16:40:51.223+05:30  INFO 9124 --- [course-service] [main] o.s.c.n.eureka.InstanceInfoFactory       : Setting initial instance status as: STARTING
2026-03-18T16:40:51.501+05:30  INFO 9124 --- [course-service] [main] com.netflix.discovery.DiscoveryClient    : Initializing Eureka in region us-east-1
2026-03-18T16:40:51.514+05:30  INFO 9124 --- [course-service] [main] c.n.d.s.r.aws.ConfigClusterResolver      : Resolving eureka endpoints via configuration
2026-03-18T16:40:51.611+05:30  INFO 9124 --- [course-service] [main] com.netflix.discovery.DiscoveryClient    : Disable delta property : false
2026-03-18T16:40:51.616+05:30  INFO 9124 --- [course-service] [main] com.netflix.discovery.DiscoveryClient    : Single vip registry refresh property : null
2026-03-18T16:40:51.616+05:30  INFO 9124 --- [course-service] [main] com.netflix.discovery.DiscoveryClient    : Force full registry fetch : false
2026-03-18T16:40:51.616+05:30  INFO 9124 --- [course-service] [main] com.netflix.discovery.DiscoveryClient    : Application is null : false
2026-03-18T16:40:51.617+05:30  INFO 9124 --- [course-service] [main] com.netflix.discovery.DiscoveryClient    : Registered Applications size is zero : true
2026-03-18T16:40:51.618+05:30  INFO 9124 --- [course-service] [main] com.netflix.discovery.DiscoveryClient    : Application version is -1: true
2026-03-18T16:40:51.619+05:30  INFO 9124 --- [course-service] [main] com.netflix.discovery.DiscoveryClient    : Getting all instance registry info from the eureka server
2026-03-18T16:40:52.934+05:30  INFO 9124 --- [course-service] [main] com.netflix.discovery.DiscoveryClient    : The response status is 200
2026-03-18T16:40:52.939+05:30  INFO 9124 --- [course-service] [main] com.netflix.discovery.DiscoveryClient    : Starting heartbeat executor: renew interval is: 30
2026-03-18T16:40:52.951+05:30  INFO 9124 --- [course-service] [main] c.n.discovery.InstanceInfoReplicator     : InstanceInfoReplicator onDemand update allowed rate per min is 4
2026-03-18T16:40:52.966+05:30  INFO 9124 --- [course-service] [main] com.netflix.discovery.DiscoveryClient    : Discovery Client initialized at timestamp 1773832252964 with initial instances count: 0
2026-03-18T16:40:52.974+05:30  INFO 9124 --- [course-service] [main] o.s.c.n.e.s.EurekaServiceRegistry        : Registering application COURSE-SERVICE with eureka with status UP
2026-03-18T16:40:52.983+05:30  INFO 9124 --- [course-service] [main] com.netflix.discovery.DiscoveryClient    : Saw local status change event StatusChangeEvent [timestamp=1773832252983, current=UP, previous=STARTING]
2026-03-18T16:40:52.988+05:30  INFO 9124 --- [course-service] [DiscoveryClient-InstanceInfoReplicator-0] com.netflix.discovery.DiscoveryClient    : DiscoveryClient_COURSE-SERVICE/81DH353.mshome.net:course-service:8082: registering service...
2026-03-18T16:40:53.037+05:30  INFO 9124 --- [course-service] [main] o.s.b.w.embedded.tomcat.TomcatWebServer  : Tomcat started on port 8082 (http) with context path ''
2026-03-18T16:40:53.038+05:30  INFO 9124 --- [course-service] [main] .s.c.n.e.s.EurekaAutoServiceRegistration : Updating port to 8082
2026-03-18T16:40:53.112+05:30  INFO 9124 --- [course-service] [DiscoveryClient-InstanceInfoReplicator-0] com.netflix.discovery.DiscoveryClient    : DiscoveryClient_COURSE-SERVICE/81DH353.mshome.net:course-service:8082 - registration status: 204
2026-03-18T16:40:53.173+05:30  INFO 9124 --- [course-service] [main] c.e.c.CourseServiceApplication           : Started CourseServiceApplication in 38.575 seconds (process running for 44.609)
2026-03-18T16:41:22.949+05:30  INFO 9124 --- [course-service] [DiscoveryClient-CacheRefreshExecutor-0] com.netflix.discovery.DiscoveryClient    : Disable delta property : false
2026-03-18T16:41:22.949+05:30  INFO 9124 --- [course-service] [DiscoveryClient-CacheRefreshExecutor-0] com.netflix.discovery.DiscoveryClient    : Single vip registry refresh property : null
2026-03-18T16:41:22.951+05:30  INFO 9124 --- [course-service] [DiscoveryClient-CacheRefreshExecutor-0] com.netflix.discovery.DiscoveryClient    : Force full registry fetch : false
2026-03-18T16:41:22.951+05:30  INFO 9124 --- [course-service] [DiscoveryClient-CacheRefreshExecutor-0] com.netflix.discovery.DiscoveryClient    : Application is null : false
2026-03-18T16:41:22.951+05:30  INFO 9124 --- [course-service] [DiscoveryClient-CacheRefreshExecutor-0] com.netflix.discovery.DiscoveryClient    : Registered Applications size is zero : true
2026-03-18T16:41:22.951+05:30  INFO 9124 --- [course-service] [DiscoveryClient-CacheRefreshExecutor-0] com.netflix.discovery.DiscoveryClient    : Application version is -1: false
2026-03-18T16:41:22.951+05:30  INFO 9124 --- [course-service] [DiscoveryClient-CacheRefreshExecutor-0] com.netflix.discovery.DiscoveryClient    : Getting all instance registry info from the eureka server
2026-03-18T16:41:22.987+05:30  INFO 9124 --- [course-service] [DiscoveryClient-CacheRefreshExecutor-0] com.netflix.discovery.DiscoveryClient    : The response status is 200
2026-03-18T16:41:37.671+05:30  INFO 9124 --- [course-service] [http-nio-8082-exec-6] o.a.c.c.C.[Tomcat].[localhost].[/]       : Initializing Spring DispatcherServlet 'dispatcherServlet'
2026-03-18T16:41:37.675+05:30  INFO 9124 --- [course-service] [http-nio-8082-exec-6] o.s.web.servlet.DispatcherServlet        : Initializing Servlet 'dispatcherServlet'
2026-03-18T16:41:37.677+05:30  INFO 9124 --- [course-service] [http-nio-8082-exec-6] o.s.web.servlet.DispatcherServlet        : Completed initialization in 2 ms
2026-03-18T16:41:38.088+05:30 DEBUG 9124 --- [course-service] [http-nio-8082-exec-6] org.hibernate.SQL                        : 
    select
        e1_0.enrollment_id,
        e1_0.course_id,
        e1_0.enrollment_date,
        e1_0.semester,
        e1_0.enrollment_status,
        e1_0.student_id 
    from
        enrollments e1_0 
    where
        e1_0.student_id=?
2026-03-18T16:41:38.183+05:30 DEBUG 9124 --- [course-service] [http-nio-8082-exec-6] org.hibernate.SQL                        : 
    select
        c1_0.course_id,
        c1_0.course_code,
        c1_0.course_name,
        c1_0.created_at,
        c1_0.credits,
        c1_0.description,
        c1_0.is_active,
        c1_0.is_indexed,
        c1_0.max_students,
        c1_0.semester,
        c1_0.teacher_id,
        c1_0.updated_at,
        c1_0.year 
    from
        courses c1_0 
    where
        c1_0.course_id=?
2026-03-18T16:41:38.242+05:30 DEBUG 9124 --- [course-service] [http-nio-8082-exec-5] org.hibernate.SQL                        : 
    select
        e1_0.enrollment_id,
        e1_0.course_id,
        e1_0.enrollment_date,
        e1_0.semester,
        e1_0.enrollment_status,
        e1_0.student_id 
    from
        enrollments e1_0 
    where
        e1_0.student_id=?
2026-03-18T16:41:38.247+05:30 DEBUG 9124 --- [course-service] [http-nio-8082-exec-5] org.hibernate.SQL                        : 
    select
        c1_0.course_id,
        c1_0.course_code,
        c1_0.course_name,
        c1_0.created_at,
        c1_0.credits,
        c1_0.description,
        c1_0.is_active,
        c1_0.is_indexed,
        c1_0.max_students,
        c1_0.semester,
        c1_0.teacher_id,
        c1_0.updated_at,
        c1_0.year 
    from
        courses c1_0 
    where
        c1_0.course_id=?
2026-03-18T16:41:43.263+05:30 DEBUG 9124 --- [course-service] [http-nio-8082-exec-9] org.hibernate.SQL                        : 
    select
        c1_0.course_id,
        c1_0.course_code,
        c1_0.course_name,
        c1_0.created_at,
        c1_0.credits,
        c1_0.description,
        c1_0.is_active,
        c1_0.is_indexed,
        c1_0.max_students,
        c1_0.semester,
        c1_0.teacher_id,
        c1_0.updated_at,
        c1_0.year 
    from
        courses c1_0
2026-03-18T16:41:43.296+05:30 DEBUG 9124 --- [course-service] [http-nio-8082-exec-1] org.hibernate.SQL                        : 
    select
        c1_0.course_id,
        c1_0.course_code,
        c1_0.course_name,
        c1_0.created_at,
        c1_0.credits,
        c1_0.description,
        c1_0.is_active,
        c1_0.is_indexed,
        c1_0.max_students,
        c1_0.semester,
        c1_0.teacher_id,
        c1_0.updated_at,
        c1_0.year 
    from
        courses c1_0
2026-03-18T16:41:43.296+05:30 DEBUG 9124 --- [course-service] [http-nio-8082-exec-10] org.hibernate.SQL                        : 
    select
        e1_0.enrollment_id,
        e1_0.course_id,
        e1_0.enrollment_date,
        e1_0.semester,
        e1_0.enrollment_status,
        e1_0.student_id 
    from
        enrollments e1_0 
    where
        e1_0.student_id=?
2026-03-18T16:41:43.310+05:30 DEBUG 9124 --- [course-service] [http-nio-8082-exec-10] org.hibernate.SQL                        : 
    select
        c1_0.course_id,
        c1_0.course_code,
        c1_0.course_name,
        c1_0.created_at,
        c1_0.credits,
        c1_0.description,
        c1_0.is_active,
        c1_0.is_indexed,
        c1_0.max_students,
        c1_0.semester,
        c1_0.teacher_id,
        c1_0.updated_at,
        c1_0.year 
    from
        courses c1_0 
    where
        c1_0.course_id=?
2026-03-18T16:41:43.339+05:30 DEBUG 9124 --- [course-service] [http-nio-8082-exec-2] org.hibernate.SQL                        : 
    select
        e1_0.enrollment_id,
        e1_0.course_id,
        e1_0.enrollment_date,
        e1_0.semester,
        e1_0.enrollment_status,
        e1_0.student_id 
    from
        enrollments e1_0 
    where
        e1_0.student_id=?
2026-03-18T16:41:43.345+05:30 DEBUG 9124 --- [course-service] [http-nio-8082-exec-2] org.hibernate.SQL                        : 
    select
        c1_0.course_id,
        c1_0.course_code,
        c1_0.course_name,
        c1_0.created_at,
        c1_0.credits,
        c1_0.description,
        c1_0.is_active,
        c1_0.is_indexed,
        c1_0.max_students,
        c1_0.semester,
        c1_0.teacher_id,
        c1_0.updated_at,
        c1_0.year 
    from
        courses c1_0 
    where
        c1_0.course_id=?
2026-03-18T16:41:44.530+05:30 DEBUG 9124 --- [course-service] [http-nio-8082-exec-3] org.hibernate.SQL                        : 
    select
        e1_0.enrollment_id,
        e1_0.course_id,
        e1_0.enrollment_date,
        e1_0.semester,
        e1_0.enrollment_status,
        e1_0.student_id 
    from
        enrollments e1_0 
    where
        e1_0.student_id=?
2026-03-18T16:41:44.558+05:30 DEBUG 9124 --- [course-service] [http-nio-8082-exec-4] org.hibernate.SQL                        : 
    select
        e1_0.enrollment_id,
        e1_0.course_id,
        e1_0.enrollment_date,
        e1_0.semester,
        e1_0.enrollment_status,
        e1_0.student_id 
    from
        enrollments e1_0 
    where
        e1_0.student_id=?
2026-03-18T16:41:49.301+05:30 DEBUG 9124 --- [course-service] [http-nio-8082-exec-7] org.hibernate.SQL                        : 
    select
        c1_0.course_id,
        c1_0.course_code,
        c1_0.course_name,
        c1_0.created_at,
        c1_0.credits,
        c1_0.description,
        c1_0.is_active,
        c1_0.is_indexed,
        c1_0.max_students,
        c1_0.semester,
        c1_0.teacher_id,
        c1_0.updated_at,
        c1_0.year 
    from
        courses c1_0
2026-03-18T16:41:49.328+05:30 DEBUG 9124 --- [course-service] [http-nio-8082-exec-8] org.hibernate.SQL                        : 
    select
        c1_0.course_id,
        c1_0.course_code,
        c1_0.course_name,
        c1_0.created_at,
        c1_0.credits,
        c1_0.description,
        c1_0.is_active,
        c1_0.is_indexed,
        c1_0.max_students,
        c1_0.semester,
        c1_0.teacher_id,
        c1_0.updated_at,
        c1_0.year 
    from
        courses c1_0
2026-03-18T16:41:49.339+05:30 DEBUG 9124 --- [course-service] [http-nio-8082-exec-6] org.hibernate.SQL                        : 
    select
        e1_0.enrollment_id,
        e1_0.course_id,
        e1_0.enrollment_date,
        e1_0.semester,
        e1_0.enrollment_status,
        e1_0.student_id 
    from
        enrollments e1_0 
    where
        e1_0.student_id=?
2026-03-18T16:41:49.346+05:30 DEBUG 9124 --- [course-service] [http-nio-8082-exec-6] org.hibernate.SQL                        : 
    select
        c1_0.course_id,
        c1_0.course_code,
        c1_0.course_name,
        c1_0.created_at,
        c1_0.credits,
        c1_0.description,
        c1_0.is_active,
        c1_0.is_indexed,
        c1_0.max_students,
        c1_0.semester,
        c1_0.teacher_id,
        c1_0.updated_at,
        c1_0.year 
    from
        courses c1_0 
    where
        c1_0.course_id=?
2026-03-18T16:41:49.389+05:30 DEBUG 9124 --- [course-service] [http-nio-8082-exec-5] org.hibernate.SQL                        : 
    select
        e1_0.enrollment_id,
        e1_0.course_id,
        e1_0.enrollment_date,
        e1_0.semester,
        e1_0.enrollment_status,
        e1_0.student_id 
    from
        enrollments e1_0 
    where
        e1_0.student_id=?
2026-03-18T16:41:49.398+05:30 DEBUG 9124 --- [course-service] [http-nio-8082-exec-5] org.hibernate.SQL                        : 
    select
        c1_0.course_id,
        c1_0.course_code,
        c1_0.course_name,
        c1_0.created_at,
        c1_0.credits,
        c1_0.description,
        c1_0.is_active,
        c1_0.is_indexed,
        c1_0.max_students,
        c1_0.semester,
        c1_0.teacher_id,
        c1_0.updated_at,
        c1_0.year 
    from
        courses c1_0 
    where
        c1_0.course_id=?
2026-03-18T16:42:50.203+05:30 DEBUG 9124 --- [course-service] [http-nio-8082-exec-10] org.hibernate.SQL                        : 
    select
        e1_0.enrollment_id,
        e1_0.course_id,
        e1_0.enrollment_date,
        e1_0.semester,
        e1_0.enrollment_status,
        e1_0.student_id 
    from
        enrollments e1_0 
    where
        e1_0.student_id=?
2026-03-18T16:42:50.249+05:30 DEBUG 9124 --- [course-service] [http-nio-8082-exec-2] org.hibernate.SQL                        : 
    select
        e1_0.enrollment_id,
        e1_0.course_id,
        e1_0.enrollment_date,
        e1_0.semester,
        e1_0.enrollment_status,
        e1_0.student_id 
    from
        enrollments e1_0 
    where
        e1_0.student_id=?
2026-03-18T16:42:56.423+05:30 DEBUG 9124 --- [course-service] [http-nio-8082-exec-3] org.hibernate.SQL                        : 
    select
        e1_0.enrollment_id,
        e1_0.course_id,
        e1_0.enrollment_date,
        e1_0.semester,
        e1_0.enrollment_status,
        e1_0.student_id 
    from
        enrollments e1_0 
    where
        e1_0.student_id=?
2026-03-18T16:42:56.438+05:30 DEBUG 9124 --- [course-service] [http-nio-8082-exec-3] org.hibernate.SQL                        : 
    select
        c1_0.course_id,
        c1_0.course_code,
        c1_0.course_name,
        c1_0.created_at,
        c1_0.credits,
        c1_0.description,
        c1_0.is_active,
        c1_0.is_indexed,
        c1_0.max_students,
        c1_0.semester,
        c1_0.teacher_id,
        c1_0.updated_at,
        c1_0.year 
    from
        courses c1_0 
    where
        c1_0.course_id=?
2026-03-18T16:42:56.466+05:30 DEBUG 9124 --- [course-service] [http-nio-8082-exec-4] org.hibernate.SQL                        : 
    select
        e1_0.enrollment_id,
        e1_0.course_id,
        e1_0.enrollment_date,
        e1_0.semester,
        e1_0.enrollment_status,
        e1_0.student_id 
    from
        enrollments e1_0 
    where
        e1_0.student_id=?
2026-03-18T16:42:56.471+05:30 DEBUG 9124 --- [course-service] [http-nio-8082-exec-4] org.hibernate.SQL                        : 
    select
        c1_0.course_id,
        c1_0.course_code,
        c1_0.course_name,
        c1_0.created_at,
        c1_0.credits,
        c1_0.description,
        c1_0.is_active,
        c1_0.is_indexed,
        c1_0.max_students,
        c1_0.semester,
        c1_0.teacher_id,
        c1_0.updated_at,
        c1_0.year 
    from
        courses c1_0 
    where
        c1_0.course_id=?
2026-03-18T16:43:20.348+05:30 DEBUG 9124 --- [course-service] [http-nio-8082-exec-7] org.hibernate.SQL                        : 
    select
        e1_0.enrollment_id,
        e1_0.course_id,
        e1_0.enrollment_date,
        e1_0.semester,
        e1_0.enrollment_status,
        e1_0.student_id 
    from
        enrollments e1_0 
    where
        e1_0.student_id=?
2026-03-18T16:43:20.355+05:30 DEBUG 9124 --- [course-service] [http-nio-8082-exec-7] org.hibernate.SQL                        : 
    select
        c1_0.course_id,
        c1_0.course_code,
        c1_0.course_name,
        c1_0.created_at,
        c1_0.credits,
        c1_0.description,
        c1_0.is_active,
        c1_0.is_indexed,
        c1_0.max_students,
        c1_0.semester,
        c1_0.teacher_id,
        c1_0.updated_at,
        c1_0.year 
    from
        courses c1_0 
    where
        c1_0.course_id=?
2026-03-18T16:43:20.387+05:30 DEBUG 9124 --- [course-service] [http-nio-8082-exec-8] org.hibernate.SQL                        : 
    select
        e1_0.enrollment_id,
        e1_0.course_id,
        e1_0.enrollment_date,
        e1_0.semester,
        e1_0.enrollment_status,
        e1_0.student_id 
    from
        enrollments e1_0 
    where
        e1_0.student_id=?
2026-03-18T16:43:20.393+05:30 DEBUG 9124 --- [course-service] [http-nio-8082-exec-8] org.hibernate.SQL                        : 
    select
        c1_0.course_id,
        c1_0.course_code,
        c1_0.course_name,
        c1_0.created_at,
        c1_0.credits,
        c1_0.description,
        c1_0.is_active,
        c1_0.is_indexed,
        c1_0.max_students,
        c1_0.semester,
        c1_0.teacher_id,
        c1_0.updated_at,
        c1_0.year 
    from
        courses c1_0 
    where
        c1_0.course_id=?
2026-03-18T16:43:22.577+05:30 DEBUG 9124 --- [course-service] [http-nio-8082-exec-6] org.hibernate.SQL                        : 
    select
        e1_0.enrollment_id,
        e1_0.course_id,
        e1_0.enrollment_date,
        e1_0.semester,
        e1_0.enrollment_status,
        e1_0.student_id 
    from
        enrollments e1_0 
    where
        e1_0.student_id=?
2026-03-18T16:43:22.577+05:30 DEBUG 9124 --- [course-service] [http-nio-8082-exec-6] org.hibernate.SQL                        : 
    select
        c1_0.course_id,
        c1_0.course_code,
        c1_0.course_name,
        c1_0.created_at,
        c1_0.credits,
        c1_0.description,
        c1_0.is_active,
        c1_0.is_indexed,
        c1_0.max_students,
        c1_0.semester,
        c1_0.teacher_id,
        c1_0.updated_at,
        c1_0.year 
    from
        courses c1_0 
    where
        c1_0.course_id=?
2026-03-18T16:43:22.605+05:30 DEBUG 9124 --- [course-service] [http-nio-8082-exec-5] org.hibernate.SQL                        : 
    select
        e1_0.enrollment_id,
        e1_0.course_id,
        e1_0.enrollment_date,
        e1_0.semester,
        e1_0.enrollment_status,
        e1_0.student_id 
    from
        enrollments e1_0 
    where
        e1_0.student_id=?
2026-03-18T16:43:22.610+05:30 DEBUG 9124 --- [course-service] [http-nio-8082-exec-5] org.hibernate.SQL                        : 
    select
        c1_0.course_id,
        c1_0.course_code,
        c1_0.course_name,
        c1_0.created_at,
        c1_0.credits,
        c1_0.description,
        c1_0.is_active,
        c1_0.is_indexed,
        c1_0.max_students,
        c1_0.semester,
        c1_0.teacher_id,
        c1_0.updated_at,
        c1_0.year 
    from
        courses c1_0 
    where
        c1_0.course_id=?
2026-03-18T16:43:23.903+05:30 DEBUG 9124 --- [course-service] [http-nio-8082-exec-9] org.hibernate.SQL                        : 
    select
        e1_0.enrollment_id,
        e1_0.course_id,
        e1_0.enrollment_date,
        e1_0.semester,
        e1_0.enrollment_status,
        e1_0.student_id 
    from
        enrollments e1_0 
    where
        e1_0.student_id=?
2026-03-18T16:43:23.930+05:30 DEBUG 9124 --- [course-service] [http-nio-8082-exec-1] org.hibernate.SQL                        : 
    select
        e1_0.enrollment_id,
        e1_0.course_id,
        e1_0.enrollment_date,
        e1_0.semester,
        e1_0.enrollment_status,
        e1_0.student_id 
    from
        enrollments e1_0 
    where
        e1_0.student_id=?
2026-03-18T16:44:18.000+05:30 DEBUG 9124 --- [course-service] [http-nio-8082-exec-10] org.hibernate.SQL                        : 
    select
        e1_0.enrollment_id,
        e1_0.course_id,
        e1_0.enrollment_date,
        e1_0.semester,
        e1_0.enrollment_status,
        e1_0.student_id 
    from
        enrollments e1_0 
    where
        e1_0.student_id=?
2026-03-18T16:44:18.006+05:30 DEBUG 9124 --- [course-service] [http-nio-8082-exec-10] org.hibernate.SQL                        : 
    select
        c1_0.course_id,
        c1_0.course_code,
        c1_0.course_name,
        c1_0.created_at,
        c1_0.credits,
        c1_0.description,
        c1_0.is_active,
        c1_0.is_indexed,
        c1_0.max_students,
        c1_0.semester,
        c1_0.teacher_id,
        c1_0.updated_at,
        c1_0.year 
    from
        courses c1_0 
    where
        c1_0.course_id=?
2026-03-18T16:44:18.085+05:30 DEBUG 9124 --- [course-service] [http-nio-8082-exec-2] org.hibernate.SQL                        : 
    select
        e1_0.enrollment_id,
        e1_0.course_id,
        e1_0.enrollment_date,
        e1_0.semester,
        e1_0.enrollment_status,
        e1_0.student_id 
    from
        enrollments e1_0 
    where
        e1_0.student_id=?
2026-03-18T16:44:18.099+05:30 DEBUG 9124 --- [course-service] [http-nio-8082-exec-2] org.hibernate.SQL                        : 
    select
        c1_0.course_id,
        c1_0.course_code,
        c1_0.course_name,
        c1_0.created_at,
        c1_0.credits,
        c1_0.description,
        c1_0.is_active,
        c1_0.is_indexed,
        c1_0.max_students,
        c1_0.semester,
        c1_0.teacher_id,
        c1_0.updated_at,
        c1_0.year 
    from
        courses c1_0 
    where
        c1_0.course_id=?
2026-03-18T16:44:20.675+05:30 DEBUG 9124 --- [course-service] [http-nio-8082-exec-3] org.hibernate.SQL                        : 
    select
        e1_0.enrollment_id,
        e1_0.course_id,
        e1_0.enrollment_date,
        e1_0.semester,
        e1_0.enrollment_status,
        e1_0.student_id 
    from
        enrollments e1_0 
    where
        e1_0.student_id=?
2026-03-18T16:44:20.707+05:30 DEBUG 9124 --- [course-service] [http-nio-8082-exec-4] org.hibernate.SQL                        : 
    select
        e1_0.enrollment_id,
        e1_0.course_id,
        e1_0.enrollment_date,
        e1_0.semester,
        e1_0.enrollment_status,
        e1_0.student_id 
    from
        enrollments e1_0 
    where
        e1_0.student_id=?
2026-03-18T16:45:36.126+05:30 DEBUG 9124 --- [course-service] [http-nio-8082-exec-6] org.hibernate.SQL                        : 
    select
        e1_0.enrollment_id,
        e1_0.course_id,
        e1_0.enrollment_date,
        e1_0.semester,
        e1_0.enrollment_status,
        e1_0.student_id 
    from
        enrollments e1_0 
    where
        e1_0.student_id=?
2026-03-18T16:45:36.132+05:30 DEBUG 9124 --- [course-service] [http-nio-8082-exec-6] org.hibernate.SQL                        : 
    select
        c1_0.course_id,
        c1_0.course_code,
        c1_0.course_name,
        c1_0.created_at,
        c1_0.credits,
        c1_0.description,
        c1_0.is_active,
        c1_0.is_indexed,
        c1_0.max_students,
        c1_0.semester,
        c1_0.teacher_id,
        c1_0.updated_at,
        c1_0.year 
    from
        courses c1_0 
    where
        c1_0.course_id=?
2026-03-18T16:45:36.172+05:30 DEBUG 9124 --- [course-service] [http-nio-8082-exec-5] org.hibernate.SQL                        : 
    select
        e1_0.enrollment_id,
        e1_0.course_id,
        e1_0.enrollment_date,
        e1_0.semester,
        e1_0.enrollment_status,
        e1_0.student_id 
    from
        enrollments e1_0 
    where
        e1_0.student_id=?
2026-03-18T16:45:36.175+05:30 DEBUG 9124 --- [course-service] [http-nio-8082-exec-5] org.hibernate.SQL                        : 
    select
        c1_0.course_id,
        c1_0.course_code,
        c1_0.course_name,
        c1_0.created_at,
        c1_0.credits,
        c1_0.description,
        c1_0.is_active,
        c1_0.is_indexed,
        c1_0.max_students,
        c1_0.semester,
        c1_0.teacher_id,
        c1_0.updated_at,
        c1_0.year 
    from
        courses c1_0 
    where
        c1_0.course_id=?
2026-03-18T16:45:38.555+05:30 DEBUG 9124 --- [course-service] [http-nio-8082-exec-9] org.hibernate.SQL                        : 
    select
        e1_0.enrollment_id,
        e1_0.course_id,
        e1_0.enrollment_date,
        e1_0.semester,
        e1_0.enrollment_status,
        e1_0.student_id 
    from
        enrollments e1_0 
    where
        e1_0.student_id=?
2026-03-18T16:45:38.576+05:30 DEBUG 9124 --- [course-service] [http-nio-8082-exec-1] org.hibernate.SQL                        : 
    select
        e1_0.enrollment_id,
        e1_0.course_id,
        e1_0.enrollment_date,
        e1_0.semester,
        e1_0.enrollment_status,
        e1_0.student_id 
    from
        enrollments e1_0 
    where
        e1_0.student_id=?
2026-03-18T16:45:51.638+05:30  INFO 9124 --- [course-service] [AsyncResolver-bootstrap-executor-0] c.n.d.s.r.aws.ConfigClusterResolver      : Resolving eureka endpoints via configuration
2026-03-18T16:47:15.145+05:30 DEBUG 9124 --- [course-service] [http-nio-8082-exec-2] org.hibernate.SQL                        : 
    select
        e1_0.enrollment_id,
        e1_0.course_id,
        e1_0.enrollment_date,
        e1_0.semester,
        e1_0.enrollment_status,
        e1_0.student_id 
    from
        enrollments e1_0 
    where
        e1_0.student_id=?
2026-03-18T16:47:15.152+05:30 DEBUG 9124 --- [course-service] [http-nio-8082-exec-2] org.hibernate.SQL                        : 
    select
        c1_0.course_id,
        c1_0.course_code,
        c1_0.course_name,
        c1_0.created_at,
        c1_0.credits,
        c1_0.description,
        c1_0.is_active,
        c1_0.is_indexed,
        c1_0.max_students,
        c1_0.semester,
        c1_0.teacher_id,
        c1_0.updated_at,
        c1_0.year 
    from
        courses c1_0 
    where
        c1_0.course_id=?
2026-03-18T16:47:15.189+05:30 DEBUG 9124 --- [course-service] [http-nio-8082-exec-3] org.hibernate.SQL                        : 
    select
        e1_0.enrollment_id,
        e1_0.course_id,
        e1_0.enrollment_date,
        e1_0.semester,
        e1_0.enrollment_status,
        e1_0.student_id 
    from
        enrollments e1_0 
    where
        e1_0.student_id=?
2026-03-18T16:47:15.192+05:30 DEBUG 9124 --- [course-service] [http-nio-8082-exec-3] org.hibernate.SQL                        : 
    select
        c1_0.course_id,
        c1_0.course_code,
        c1_0.course_name,
        c1_0.created_at,
        c1_0.credits,
        c1_0.description,
        c1_0.is_active,
        c1_0.is_indexed,
        c1_0.max_students,
        c1_0.semester,
        c1_0.teacher_id,
        c1_0.updated_at,
        c1_0.year 
    from
        courses c1_0 
    where
        c1_0.course_id=?
2026-03-18T16:47:19.857+05:30 DEBUG 9124 --- [course-service] [http-nio-8082-exec-4] org.hibernate.SQL                        : 
    select
        e1_0.enrollment_id,
        e1_0.course_id,
        e1_0.enrollment_date,
        e1_0.semester,
        e1_0.enrollment_status,
        e1_0.student_id 
    from
        enrollments e1_0 
    where
        e1_0.student_id=?
2026-03-18T16:47:19.865+05:30 DEBUG 9124 --- [course-service] [http-nio-8082-exec-4] org.hibernate.SQL                        : 
    select
        c1_0.course_id,
        c1_0.course_code,
        c1_0.course_name,
        c1_0.created_at,
        c1_0.credits,
        c1_0.description,
        c1_0.is_active,
        c1_0.is_indexed,
        c1_0.max_students,
        c1_0.semester,
        c1_0.teacher_id,
        c1_0.updated_at,
        c1_0.year 
    from
        courses c1_0 
    where
        c1_0.course_id=?
2026-03-18T16:47:19.883+05:30 DEBUG 9124 --- [course-service] [http-nio-8082-exec-8] org.hibernate.SQL                        : 
    select
        e1_0.enrollment_id,
        e1_0.course_id,
        e1_0.enrollment_date,
        e1_0.semester,
        e1_0.enrollment_status,
        e1_0.student_id 
    from
        enrollments e1_0 
    where
        e1_0.student_id=?
2026-03-18T16:47:19.888+05:30 DEBUG 9124 --- [course-service] [http-nio-8082-exec-8] org.hibernate.SQL                        : 
    select
        c1_0.course_id,
        c1_0.course_code,
        c1_0.course_name,
        c1_0.created_at,
        c1_0.credits,
        c1_0.description,
        c1_0.is_active,
        c1_0.is_indexed,
        c1_0.max_students,
        c1_0.semester,
        c1_0.teacher_id,
        c1_0.updated_at,
        c1_0.year 
    from
        courses c1_0 
    where
        c1_0.course_id=?
2026-03-18T16:48:13.541+05:30 DEBUG 9124 --- [course-service] [http-nio-8082-exec-7] org.hibernate.SQL                        : 
    select
        e1_0.enrollment_id,
        e1_0.course_id,
        e1_0.enrollment_date,
        e1_0.semester,
        e1_0.enrollment_status,
        e1_0.student_id 
    from
        enrollments e1_0 
    where
        e1_0.student_id=?
2026-03-18T16:48:13.546+05:30 DEBUG 9124 --- [course-service] [http-nio-8082-exec-7] org.hibernate.SQL                        : 
    select
        c1_0.course_id,
        c1_0.course_code,
        c1_0.course_name,
        c1_0.created_at,
        c1_0.credits,
        c1_0.description,
        c1_0.is_active,
        c1_0.is_indexed,
        c1_0.max_students,
        c1_0.semester,
        c1_0.teacher_id,
        c1_0.updated_at,
        c1_0.year 
    from
        courses c1_0 
    where
        c1_0.course_id=?
2026-03-18T16:48:13.583+05:30 DEBUG 9124 --- [course-service] [http-nio-8082-exec-6] org.hibernate.SQL                        : 
    select
        e1_0.enrollment_id,
        e1_0.course_id,
        e1_0.enrollment_date,
        e1_0.semester,
        e1_0.enrollment_status,
        e1_0.student_id 
    from
        enrollments e1_0 
    where
        e1_0.student_id=?
2026-03-18T16:48:13.586+05:30 DEBUG 9124 --- [course-service] [http-nio-8082-exec-6] org.hibernate.SQL                        : 
    select
        c1_0.course_id,
        c1_0.course_code,
        c1_0.course_name,
        c1_0.created_at,
        c1_0.credits,
        c1_0.description,
        c1_0.is_active,
        c1_0.is_indexed,
        c1_0.max_students,
        c1_0.semester,
        c1_0.teacher_id,
        c1_0.updated_at,
        c1_0.year 
    from
        courses c1_0 
    where
        c1_0.course_id=?
2026-03-18T16:48:16.120+05:30 DEBUG 9124 --- [course-service] [http-nio-8082-exec-5] org.hibernate.SQL                        : 
    select
        e1_0.enrollment_id,
        e1_0.course_id,
        e1_0.enrollment_date,
        e1_0.semester,
        e1_0.enrollment_status,
        e1_0.student_id 
    from
        enrollments e1_0 
    where
        e1_0.student_id=?
2026-03-18T16:48:16.125+05:30 DEBUG 9124 --- [course-service] [http-nio-8082-exec-5] org.hibernate.SQL                        : 
    select
        c1_0.course_id,
        c1_0.course_code,
        c1_0.course_name,
        c1_0.created_at,
        c1_0.credits,
        c1_0.description,
        c1_0.is_active,
        c1_0.is_indexed,
        c1_0.max_students,
        c1_0.semester,
        c1_0.teacher_id,
        c1_0.updated_at,
        c1_0.year 
    from
        courses c1_0 
    where
        c1_0.course_id=?
2026-03-18T16:48:16.136+05:30 DEBUG 9124 --- [course-service] [http-nio-8082-exec-9] org.hibernate.SQL                        : 
    select
        e1_0.enrollment_id,
        e1_0.course_id,
        e1_0.enrollment_date,
        e1_0.semester,
        e1_0.enrollment_status,
        e1_0.student_id 
    from
        enrollments e1_0 
    where
        e1_0.student_id=?
2026-03-18T16:48:16.149+05:30 DEBUG 9124 --- [course-service] [http-nio-8082-exec-9] org.hibernate.SQL                        : 
    select
        c1_0.course_id,
        c1_0.course_code,
        c1_0.course_name,
        c1_0.created_at,
        c1_0.credits,
        c1_0.description,
        c1_0.is_active,
        c1_0.is_indexed,
        c1_0.max_students,
        c1_0.semester,
        c1_0.teacher_id,
        c1_0.updated_at,
        c1_0.year 
    from
        courses c1_0 
    where
        c1_0.course_id=?
2026-03-18T16:50:51.649+05:30  INFO 9124 --- [course-service] [AsyncResolver-bootstrap-executor-0] c.n.d.s.r.aws.ConfigClusterResolver      : Resolving eureka endpoints via configuration
2026-03-18T16:52:04.585+05:30 DEBUG 9124 --- [course-service] [http-nio-8082-exec-10] org.hibernate.SQL                        : 
    select
        e1_0.enrollment_id,
        e1_0.course_id,
        e1_0.enrollment_date,
        e1_0.semester,
        e1_0.enrollment_status,
        e1_0.student_id 
    from
        enrollments e1_0 
    where
        e1_0.student_id=?
2026-03-18T16:52:04.591+05:30 DEBUG 9124 --- [course-service] [http-nio-8082-exec-10] org.hibernate.SQL                        : 
    select
        c1_0.course_id,
        c1_0.course_code,
        c1_0.course_name,
        c1_0.created_at,
        c1_0.credits,
        c1_0.description,
        c1_0.is_active,
        c1_0.is_indexed,
        c1_0.max_students,
        c1_0.semester,
        c1_0.teacher_id,
        c1_0.updated_at,
        c1_0.year 
    from
        courses c1_0 
    where
        c1_0.course_id=?
2026-03-18T16:52:04.627+05:30 DEBUG 9124 --- [course-service] [http-nio-8082-exec-2] org.hibernate.SQL                        : 
    select
        e1_0.enrollment_id,
        e1_0.course_id,
        e1_0.enrollment_date,
        e1_0.semester,
        e1_0.enrollment_status,
        e1_0.student_id 
    from
        enrollments e1_0 
    where
        e1_0.student_id=?
2026-03-18T16:52:04.630+05:30 DEBUG 9124 --- [course-service] [http-nio-8082-exec-2] org.hibernate.SQL                        : 
    select
        c1_0.course_id,
        c1_0.course_code,
        c1_0.course_name,
        c1_0.created_at,
        c1_0.credits,
        c1_0.description,
        c1_0.is_active,
        c1_0.is_indexed,
        c1_0.max_students,
        c1_0.semester,
        c1_0.teacher_id,
        c1_0.updated_at,
        c1_0.year 
    from
        courses c1_0 
    where
        c1_0.course_id=?
2026-03-18T16:55:51.664+05:30  INFO 9124 --- [course-service] [AsyncResolver-bootstrap-executor-0] c.n.d.s.r.aws.ConfigClusterResolver      : Resolving eureka endpoints via configuration
2026-03-18T16:57:09.173+05:30 DEBUG 9124 --- [course-service] [http-nio-8082-exec-4] org.hibernate.SQL                        : 
    select
        e1_0.enrollment_id,
        e1_0.course_id,
        e1_0.enrollment_date,
        e1_0.semester,
        e1_0.enrollment_status,
        e1_0.student_id 
    from
        enrollments e1_0 
    where
        e1_0.student_id=?
2026-03-18T16:57:09.181+05:30 DEBUG 9124 --- [course-service] [http-nio-8082-exec-4] org.hibernate.SQL                        : 
    select
        c1_0.course_id,
        c1_0.course_code,
        c1_0.course_name,
        c1_0.created_at,
        c1_0.credits,
        c1_0.description,
        c1_0.is_active,
        c1_0.is_indexed,
        c1_0.max_students,
        c1_0.semester,
        c1_0.teacher_id,
        c1_0.updated_at,
        c1_0.year 
    from
        courses c1_0 
    where
        c1_0.course_id=?
2026-03-18T16:57:09.209+05:30 DEBUG 9124 --- [course-service] [http-nio-8082-exec-8] org.hibernate.SQL                        : 
    select
        e1_0.enrollment_id,
        e1_0.course_id,
        e1_0.enrollment_date,
        e1_0.semester,
        e1_0.enrollment_status,
        e1_0.student_id 
    from
        enrollments e1_0 
    where
        e1_0.student_id=?
2026-03-18T16:57:09.214+05:30 DEBUG 9124 --- [course-service] [http-nio-8082-exec-8] org.hibernate.SQL                        : 
    select
        c1_0.course_id,
        c1_0.course_code,
        c1_0.course_name,
        c1_0.created_at,
        c1_0.credits,
        c1_0.description,
        c1_0.is_active,
        c1_0.is_indexed,
        c1_0.max_students,
        c1_0.semester,
        c1_0.teacher_id,
        c1_0.updated_at,
        c1_0.year 
    from
        courses c1_0 
    where
        c1_0.course_id=?
2026-03-18T16:57:32.317+05:30 DEBUG 9124 --- [course-service] [http-nio-8082-exec-7] org.hibernate.SQL                        : 
    select
        e1_0.enrollment_id,
        e1_0.course_id,
        e1_0.enrollment_date,
        e1_0.semester,
        e1_0.enrollment_status,
        e1_0.student_id 
    from
        enrollments e1_0 
    where
        e1_0.student_id=?
2026-03-18T16:57:32.327+05:30 DEBUG 9124 --- [course-service] [http-nio-8082-exec-7] org.hibernate.SQL                        : 
    select
        c1_0.course_id,
        c1_0.course_code,
        c1_0.course_name,
        c1_0.created_at,
        c1_0.credits,
        c1_0.description,
        c1_0.is_active,
        c1_0.is_indexed,
        c1_0.max_students,
        c1_0.semester,
        c1_0.teacher_id,
        c1_0.updated_at,
        c1_0.year 
    from
        courses c1_0 
    where
        c1_0.course_id=?
2026-03-18T16:57:32.349+05:30 DEBUG 9124 --- [course-service] [http-nio-8082-exec-6] org.hibernate.SQL                        : 
    select
        e1_0.enrollment_id,
        e1_0.course_id,
        e1_0.enrollment_date,
        e1_0.semester,
        e1_0.enrollment_status,
        e1_0.student_id 
    from
        enrollments e1_0 
    where
        e1_0.student_id=?
2026-03-18T16:57:32.353+05:30 DEBUG 9124 --- [course-service] [http-nio-8082-exec-6] org.hibernate.SQL                        : 
    select
        c1_0.course_id,
        c1_0.course_code,
        c1_0.course_name,
        c1_0.created_at,
        c1_0.credits,
        c1_0.description,
        c1_0.is_active,
        c1_0.is_indexed,
        c1_0.max_students,
        c1_0.semester,
        c1_0.teacher_id,
        c1_0.updated_at,
        c1_0.year 
    from
        courses c1_0 
    where
        c1_0.course_id=?
2026-03-18T17:00:51.668+05:30  INFO 9124 --- [course-service] [AsyncResolver-bootstrap-executor-0] c.n.d.s.r.aws.ConfigClusterResolver      : Resolving eureka endpoints via configuration
2026-03-18T17:01:54.673+05:30 DEBUG 9124 --- [course-service] [http-nio-8082-exec-9] org.hibernate.SQL                        : 
    select
        e1_0.enrollment_id,
        e1_0.course_id,
        e1_0.enrollment_date,
        e1_0.semester,
        e1_0.enrollment_status,
        e1_0.student_id 
    from
        enrollments e1_0 
    where
        e1_0.student_id=?
2026-03-18T17:01:54.677+05:30 DEBUG 9124 --- [course-service] [http-nio-8082-exec-9] org.hibernate.SQL                        : 
    select
        c1_0.course_id,
        c1_0.course_code,
        c1_0.course_name,
        c1_0.created_at,
        c1_0.credits,
        c1_0.description,
        c1_0.is_active,
        c1_0.is_indexed,
        c1_0.max_students,
        c1_0.semester,
        c1_0.teacher_id,
        c1_0.updated_at,
        c1_0.year 
    from
        courses c1_0 
    where
        c1_0.course_id=?
2026-03-18T17:01:54.695+05:30 DEBUG 9124 --- [course-service] [http-nio-8082-exec-1] org.hibernate.SQL                        : 
    select
        e1_0.enrollment_id,
        e1_0.course_id,
        e1_0.enrollment_date,
        e1_0.semester,
        e1_0.enrollment_status,
        e1_0.student_id 
    from
        enrollments e1_0 
    where
        e1_0.student_id=?
2026-03-18T17:01:54.703+05:30 DEBUG 9124 --- [course-service] [http-nio-8082-exec-1] org.hibernate.SQL                        : 
    select
        c1_0.course_id,
        c1_0.course_code,
        c1_0.course_name,
        c1_0.created_at,
        c1_0.credits,
        c1_0.description,
        c1_0.is_active,
        c1_0.is_indexed,
        c1_0.max_students,
        c1_0.semester,
        c1_0.teacher_id,
        c1_0.updated_at,
        c1_0.year 
    from
        courses c1_0 
    where
        c1_0.course_id=?
2026-03-18T17:02:31.343+05:30 DEBUG 9124 --- [course-service] [http-nio-8082-exec-10] org.hibernate.SQL                        : 
    select
        e1_0.enrollment_id,
        e1_0.course_id,
        e1_0.enrollment_date,
        e1_0.semester,
        e1_0.enrollment_status,
        e1_0.student_id 
    from
        enrollments e1_0 
    where
        e1_0.student_id=?
2026-03-18T17:02:31.467+05:30 DEBUG 9124 --- [course-service] [http-nio-8082-exec-2] org.hibernate.SQL                        : 
    select
        e1_0.enrollment_id,
        e1_0.course_id,
        e1_0.enrollment_date,
        e1_0.semester,
        e1_0.enrollment_status,
        e1_0.student_id 
    from
        enrollments e1_0 
    where
        e1_0.student_id=?
2026-03-18T17:02:32.536+05:30 DEBUG 9124 --- [course-service] [http-nio-8082-exec-3] org.hibernate.SQL                        : 
    select
        e1_0.enrollment_id,
        e1_0.course_id,
        e1_0.enrollment_date,
        e1_0.semester,
        e1_0.enrollment_status,
        e1_0.student_id 
    from
        enrollments e1_0 
    where
        e1_0.student_id=?
2026-03-18T17:02:32.540+05:30 DEBUG 9124 --- [course-service] [http-nio-8082-exec-3] org.hibernate.SQL                        : 
    select
        c1_0.course_id,
        c1_0.course_code,
        c1_0.course_name,
        c1_0.created_at,
        c1_0.credits,
        c1_0.description,
        c1_0.is_active,
        c1_0.is_indexed,
        c1_0.max_students,
        c1_0.semester,
        c1_0.teacher_id,
        c1_0.updated_at,
        c1_0.year 
    from
        courses c1_0 
    where
        c1_0.course_id=?
2026-03-18T17:02:32.704+05:30 DEBUG 9124 --- [course-service] [http-nio-8082-exec-4] org.hibernate.SQL                        : 
    select
        e1_0.enrollment_id,
        e1_0.course_id,
        e1_0.enrollment_date,
        e1_0.semester,
        e1_0.enrollment_status,
        e1_0.student_id 
    from
        enrollments e1_0 
    where
        e1_0.student_id=?
2026-03-18T17:02:32.712+05:30 DEBUG 9124 --- [course-service] [http-nio-8082-exec-4] org.hibernate.SQL                        : 
    select
        c1_0.course_id,
        c1_0.course_code,
        c1_0.course_name,
        c1_0.created_at,
        c1_0.credits,
        c1_0.description,
        c1_0.is_active,
        c1_0.is_indexed,
        c1_0.max_students,
        c1_0.semester,
        c1_0.teacher_id,
        c1_0.updated_at,
        c1_0.year 
    from
        courses c1_0 
    where
        c1_0.course_id=?
2026-03-18T17:02:35.916+05:30 DEBUG 9124 --- [course-service] [http-nio-8082-exec-8] org.hibernate.SQL                        : 
    select
        e1_0.enrollment_id,
        e1_0.course_id,
        e1_0.enrollment_date,
        e1_0.semester,
        e1_0.enrollment_status,
        e1_0.student_id 
    from
        enrollments e1_0 
    where
        e1_0.student_id=?
2026-03-18T17:02:35.921+05:30 DEBUG 9124 --- [course-service] [http-nio-8082-exec-8] org.hibernate.SQL                        : 
    select
        c1_0.course_id,
        c1_0.course_code,
        c1_0.course_name,
        c1_0.created_at,
        c1_0.credits,
        c1_0.description,
        c1_0.is_active,
        c1_0.is_indexed,
        c1_0.max_students,
        c1_0.semester,
        c1_0.teacher_id,
        c1_0.updated_at,
        c1_0.year 
    from
        courses c1_0 
    where
        c1_0.course_id=?
2026-03-18T17:02:35.949+05:30 DEBUG 9124 --- [course-service] [http-nio-8082-exec-7] org.hibernate.SQL                        : 
    select
        e1_0.enrollment_id,
        e1_0.course_id,
        e1_0.enrollment_date,
        e1_0.semester,
        e1_0.enrollment_status,
        e1_0.student_id 
    from
        enrollments e1_0 
    where
        e1_0.student_id=?
2026-03-18T17:02:35.953+05:30 DEBUG 9124 --- [course-service] [http-nio-8082-exec-7] org.hibernate.SQL                        : 
    select
        c1_0.course_id,
        c1_0.course_code,
        c1_0.course_name,
        c1_0.created_at,
        c1_0.credits,
        c1_0.description,
        c1_0.is_active,
        c1_0.is_indexed,
        c1_0.max_students,
        c1_0.semester,
        c1_0.teacher_id,
        c1_0.updated_at,
        c1_0.year 
    from
        courses c1_0 
    where
        c1_0.course_id=?
2026-03-18T17:03:26.303+05:30 DEBUG 9124 --- [course-service] [http-nio-8082-exec-6] org.hibernate.SQL                        : 
    select
        e1_0.enrollment_id,
        e1_0.course_id,
        e1_0.enrollment_date,
        e1_0.semester,
        e1_0.enrollment_status,
        e1_0.student_id 
    from
        enrollments e1_0 
    where
        e1_0.student_id=?
2026-03-18T17:03:26.316+05:30 DEBUG 9124 --- [course-service] [http-nio-8082-exec-6] org.hibernate.SQL                        : 
    select
        c1_0.course_id,
        c1_0.course_code,
        c1_0.course_name,
        c1_0.created_at,
        c1_0.credits,
        c1_0.description,
        c1_0.is_active,
        c1_0.is_indexed,
        c1_0.max_students,
        c1_0.semester,
        c1_0.teacher_id,
        c1_0.updated_at,
        c1_0.year 
    from
        courses c1_0 
    where
        c1_0.course_id=?
2026-03-18T17:03:26.372+05:30 DEBUG 9124 --- [course-service] [http-nio-8082-exec-5] org.hibernate.SQL                        : 
    select
        e1_0.enrollment_id,
        e1_0.course_id,
        e1_0.enrollment_date,
        e1_0.semester,
        e1_0.enrollment_status,
        e1_0.student_id 
    from
        enrollments e1_0 
    where
        e1_0.student_id=?
2026-03-18T17:03:26.380+05:30 DEBUG 9124 --- [course-service] [http-nio-8082-exec-5] org.hibernate.SQL                        : 
    select
        c1_0.course_id,
        c1_0.course_code,
        c1_0.course_name,
        c1_0.created_at,
        c1_0.credits,
        c1_0.description,
        c1_0.is_active,
        c1_0.is_indexed,
        c1_0.max_students,
        c1_0.semester,
        c1_0.teacher_id,
        c1_0.updated_at,
        c1_0.year 
    from
        courses c1_0 
    where
        c1_0.course_id=?
2026-03-18T17:03:28.680+05:30 DEBUG 9124 --- [course-service] [http-nio-8082-exec-9] org.hibernate.SQL                        : 
    select
        e1_0.enrollment_id,
        e1_0.course_id,
        e1_0.enrollment_date,
        e1_0.semester,
        e1_0.enrollment_status,
        e1_0.student_id 
    from
        enrollments e1_0 
    where
        e1_0.student_id=?
2026-03-18T17:03:28.687+05:30 DEBUG 9124 --- [course-service] [http-nio-8082-exec-9] org.hibernate.SQL                        : 
    select
        c1_0.course_id,
        c1_0.course_code,
        c1_0.course_name,
        c1_0.created_at,
        c1_0.credits,
        c1_0.description,
        c1_0.is_active,
        c1_0.is_indexed,
        c1_0.max_students,
        c1_0.semester,
        c1_0.teacher_id,
        c1_0.updated_at,
        c1_0.year 
    from
        courses c1_0 
    where
        c1_0.course_id=?
2026-03-18T17:03:28.724+05:30 DEBUG 9124 --- [course-service] [http-nio-8082-exec-1] org.hibernate.SQL                        : 
    select
        e1_0.enrollment_id,
        e1_0.course_id,
        e1_0.enrollment_date,
        e1_0.semester,
        e1_0.enrollment_status,
        e1_0.student_id 
    from
        enrollments e1_0 
    where
        e1_0.student_id=?
2026-03-18T17:03:28.729+05:30 DEBUG 9124 --- [course-service] [http-nio-8082-exec-1] org.hibernate.SQL                        : 
    select
        c1_0.course_id,
        c1_0.course_code,
        c1_0.course_name,
        c1_0.created_at,
        c1_0.credits,
        c1_0.description,
        c1_0.is_active,
        c1_0.is_indexed,
        c1_0.max_students,
        c1_0.semester,
        c1_0.teacher_id,
        c1_0.updated_at,
        c1_0.year 
    from
        courses c1_0 
    where
        c1_0.course_id=?
2026-03-18T17:05:51.679+05:30  INFO 9124 --- [course-service] [AsyncResolver-bootstrap-executor-0] c.n.d.s.r.aws.ConfigClusterResolver      : Resolving eureka endpoints via configuration
2026-03-18T17:10:51.692+05:30  INFO 9124 --- [course-service] [AsyncResolver-bootstrap-executor-0] c.n.d.s.r.aws.ConfigClusterResolver      : Resolving eureka endpoints via configuration
2026-03-18T17:12:39.552+05:30 DEBUG 9124 --- [course-service] [http-nio-8082-exec-2] org.hibernate.SQL                        : 
    select
        e1_0.enrollment_id,
        e1_0.course_id,
        e1_0.enrollment_date,
        e1_0.semester,
        e1_0.enrollment_status,
        e1_0.student_id 
    from
        enrollments e1_0 
    where
        e1_0.student_id=?
2026-03-18T17:12:39.563+05:30 DEBUG 9124 --- [course-service] [http-nio-8082-exec-2] org.hibernate.SQL                        : 
    select
        c1_0.course_id,
        c1_0.course_code,
        c1_0.course_name,
        c1_0.created_at,
        c1_0.credits,
        c1_0.description,
        c1_0.is_active,
        c1_0.is_indexed,
        c1_0.max_students,
        c1_0.semester,
        c1_0.teacher_id,
        c1_0.updated_at,
        c1_0.year 
    from
        courses c1_0 
    where
        c1_0.course_id=?
2026-03-18T17:12:39.596+05:30 DEBUG 9124 --- [course-service] [http-nio-8082-exec-3] org.hibernate.SQL                        : 
    select
        e1_0.enrollment_id,
        e1_0.course_id,
        e1_0.enrollment_date,
        e1_0.semester,
        e1_0.enrollment_status,
        e1_0.student_id 
    from
        enrollments e1_0 
    where
        e1_0.student_id=?
2026-03-18T17:12:39.603+05:30 DEBUG 9124 --- [course-service] [http-nio-8082-exec-3] org.hibernate.SQL                        : 
    select
        c1_0.course_id,
        c1_0.course_code,
        c1_0.course_name,
        c1_0.created_at,
        c1_0.credits,
        c1_0.description,
        c1_0.is_active,
        c1_0.is_indexed,
        c1_0.max_students,
        c1_0.semester,
        c1_0.teacher_id,
        c1_0.updated_at,
        c1_0.year 
    from
        courses c1_0 
    where
        c1_0.course_id=?
2026-03-18T17:12:44.273+05:30 DEBUG 9124 --- [course-service] [http-nio-8082-exec-4] org.hibernate.SQL                        : 
    select
        e1_0.enrollment_id,
        e1_0.course_id,
        e1_0.enrollment_date,
        e1_0.semester,
        e1_0.enrollment_status,
        e1_0.student_id 
    from
        enrollments e1_0 
    where
        e1_0.student_id=?
2026-03-18T17:12:44.278+05:30 DEBUG 9124 --- [course-service] [http-nio-8082-exec-4] org.hibernate.SQL                        : 
    select
        c1_0.course_id,
        c1_0.course_code,
        c1_0.course_name,
        c1_0.created_at,
        c1_0.credits,
        c1_0.description,
        c1_0.is_active,
        c1_0.is_indexed,
        c1_0.max_students,
        c1_0.semester,
        c1_0.teacher_id,
        c1_0.updated_at,
        c1_0.year 
    from
        courses c1_0 
    where
        c1_0.course_id=?
2026-03-18T17:12:44.308+05:30 DEBUG 9124 --- [course-service] [http-nio-8082-exec-8] org.hibernate.SQL                        : 
    select
        e1_0.enrollment_id,
        e1_0.course_id,
        e1_0.enrollment_date,
        e1_0.semester,
        e1_0.enrollment_status,
        e1_0.student_id 
    from
        enrollments e1_0 
    where
        e1_0.student_id=?
2026-03-18T17:12:44.316+05:30 DEBUG 9124 --- [course-service] [http-nio-8082-exec-8] org.hibernate.SQL                        : 
    select
        c1_0.course_id,
        c1_0.course_code,
        c1_0.course_name,
        c1_0.created_at,
        c1_0.credits,
        c1_0.description,
        c1_0.is_active,
        c1_0.is_indexed,
        c1_0.max_students,
        c1_0.semester,
        c1_0.teacher_id,
        c1_0.updated_at,
        c1_0.year 
    from
        courses c1_0 
    where
        c1_0.course_id=?
2026-03-18T17:15:51.695+05:30  INFO 9124 --- [course-service] [AsyncResolver-bootstrap-executor-0] c.n.d.s.r.aws.ConfigClusterResolver      : Resolving eureka endpoints via configuration
2026-03-18T17:20:51.713+05:30  INFO 9124 --- [course-service] [AsyncResolver-bootstrap-executor-0] c.n.d.s.r.aws.ConfigClusterResolver      : Resolving eureka endpoints via configuration
2026-03-18T17:25:51.724+05:30  INFO 9124 --- [course-service] [AsyncResolver-bootstrap-executor-0] c.n.d.s.r.aws.ConfigClusterResolver      : Resolving eureka endpoints via configuration
2026-03-18T17:33:41.663+05:30  INFO 9856 --- [course-service] [main] c.e.c.CourseServiceApplication           : Starting CourseServiceApplication using Java 21.0.9 with PID 9856 (C:\Users\170529\Documents\workspace-spring-tools-for-eclipse-4.32.2.RELEASE\course-service\target\classes started by 170529 in C:\Users\170529\Documents\workspace-spring-tools-for-eclipse-4.32.2.RELEASE\course-service)
2026-03-18T17:33:41.668+05:30 DEBUG 9856 --- [course-service] [main] c.e.c.CourseServiceApplication           : Running with Spring Boot v3.2.0, Spring v6.1.1
2026-03-18T17:33:41.669+05:30  INFO 9856 --- [course-service] [main] c.e.c.CourseServiceApplication           : No active profile set, falling back to 1 default profile: "default"
2026-03-18T17:33:46.478+05:30  INFO 9856 --- [course-service] [main] .s.d.r.c.RepositoryConfigurationDelegate : Bootstrapping Spring Data JPA repositories in DEFAULT mode.
2026-03-18T17:33:47.449+05:30  INFO 9856 --- [course-service] [main] .s.d.r.c.RepositoryConfigurationDelegate : Finished Spring Data repository scanning in 886 ms. Found 4 JPA repository interfaces.
2026-03-18T17:33:48.548+05:30  INFO 9856 --- [course-service] [main] o.s.cloud.context.scope.GenericScope     : BeanFactory id=8e67e5e2-643f-3755-9e7d-bb356cbb7fbf
2026-03-18T17:33:49.069+05:30  WARN 9856 --- [course-service] [main] trationDelegate$BeanPostProcessorChecker : Bean 'org.springframework.cloud.client.loadbalancer.LoadBalancerAutoConfiguration$LoadBalancerInterceptorConfig' of type [org.springframework.cloud.client.loadbalancer.LoadBalancerAutoConfiguration$LoadBalancerInterceptorConfig] is not eligible for getting processed by all BeanPostProcessors (for example: not eligible for auto-proxying). The currently created BeanPostProcessor [lbRestClientPostProcessor] is declared through a non-static factory method on that class; consider declaring it as static instead.
2026-03-18T17:33:49.073+05:30  WARN 9856 --- [course-service] [main] trationDelegate$BeanPostProcessorChecker : Bean 'org.springframework.cloud.loadbalancer.config.BlockingLoadBalancerClientAutoConfiguration' of type [org.springframework.cloud.loadbalancer.config.BlockingLoadBalancerClientAutoConfiguration] is not eligible for getting processed by all BeanPostProcessors (for example: not eligible for auto-proxying). Is this bean getting eagerly injected into a currently created BeanPostProcessor [lbRestClientPostProcessor]? Check the corresponding BeanPostProcessor declaration and its dependencies.
2026-03-18T17:33:49.076+05:30  WARN 9856 --- [course-service] [main] trationDelegate$BeanPostProcessorChecker : Bean 'org.springframework.cloud.loadbalancer.config.LoadBalancerAutoConfiguration' of type [org.springframework.cloud.loadbalancer.config.LoadBalancerAutoConfiguration] is not eligible for getting processed by all BeanPostProcessors (for example: not eligible for auto-proxying). Is this bean getting eagerly injected into a currently created BeanPostProcessor [lbRestClientPostProcessor]? Check the corresponding BeanPostProcessor declaration and its dependencies.
2026-03-18T17:33:49.105+05:30  WARN 9856 --- [course-service] [main] trationDelegate$BeanPostProcessorChecker : Bean 'org.springframework.cloud.commons.config.CommonsConfigAutoConfiguration' of type [org.springframework.cloud.commons.config.CommonsConfigAutoConfiguration] is not eligible for getting processed by all BeanPostProcessors (for example: not eligible for auto-proxying). Is this bean getting eagerly injected into a currently created BeanPostProcessor [lbRestClientPostProcessor]? Check the corresponding BeanPostProcessor declaration and its dependencies.
2026-03-18T17:33:49.113+05:30  WARN 9856 --- [course-service] [main] trationDelegate$BeanPostProcessorChecker : Bean 'org.springframework.cloud.client.loadbalancer.LoadBalancerDefaultMappingsProviderAutoConfiguration' of type [org.springframework.cloud.client.loadbalancer.LoadBalancerDefaultMappingsProviderAutoConfiguration] is not eligible for getting processed by all BeanPostProcessors (for example: not eligible for auto-proxying). Is this bean getting eagerly injected into a currently created BeanPostProcessor [lbRestClientPostProcessor]? Check the corresponding BeanPostProcessor declaration and its dependencies.
2026-03-18T17:33:49.114+05:30  WARN 9856 --- [course-service] [main] trationDelegate$BeanPostProcessorChecker : Bean 'loadBalancerClientsDefaultsMappingsProvider' of type [org.springframework.cloud.client.loadbalancer.LoadBalancerDefaultMappingsProviderAutoConfiguration$$Lambda/0x000002239d490eb8] is not eligible for getting processed by all BeanPostProcessors (for example: not eligible for auto-proxying). Is this bean getting eagerly injected into a currently created BeanPostProcessor [lbRestClientPostProcessor]? Check the corresponding BeanPostProcessor declaration and its dependencies.
2026-03-18T17:33:49.121+05:30  WARN 9856 --- [course-service] [main] trationDelegate$BeanPostProcessorChecker : Bean 'defaultsBindHandlerAdvisor' of type [org.springframework.cloud.commons.config.DefaultsBindHandlerAdvisor] is not eligible for getting processed by all BeanPostProcessors (for example: not eligible for auto-proxying). Is this bean getting eagerly injected into a currently created BeanPostProcessor [lbRestClientPostProcessor]? Check the corresponding BeanPostProcessor declaration and its dependencies.
2026-03-18T17:33:49.141+05:30  WARN 9856 --- [course-service] [main] trationDelegate$BeanPostProcessorChecker : Bean 'spring.cloud.loadbalancer-org.springframework.cloud.client.loadbalancer.LoadBalancerClientsProperties' of type [org.springframework.cloud.client.loadbalancer.LoadBalancerClientsProperties] is not eligible for getting processed by all BeanPostProcessors (for example: not eligible for auto-proxying). Is this bean getting eagerly injected into a currently created BeanPostProcessor [lbRestClientPostProcessor]? Check the corresponding BeanPostProcessor declaration and its dependencies.
2026-03-18T17:33:49.153+05:30  WARN 9856 --- [course-service] [main] trationDelegate$BeanPostProcessorChecker : Bean 'default.org.springframework.cloud.loadbalancer.config.LoadBalancerAutoConfiguration.LoadBalancerClientSpecification' of type [org.springframework.cloud.loadbalancer.annotation.LoadBalancerClientSpecification] is not eligible for getting processed by all BeanPostProcessors (for example: not eligible for auto-proxying). Is this bean getting eagerly injected into a currently created BeanPostProcessor [lbRestClientPostProcessor]? Check the corresponding BeanPostProcessor declaration and its dependencies.
2026-03-18T17:33:49.155+05:30  WARN 9856 --- [course-service] [main] trationDelegate$BeanPostProcessorChecker : Bean 'default.org.springframework.cloud.loadbalancer.config.BlockingLoadBalancerClientAutoConfiguration.LoadBalancerClientSpecification' of type [org.springframework.cloud.loadbalancer.annotation.LoadBalancerClientSpecification] is not eligible for getting processed by all BeanPostProcessors (for example: not eligible for auto-proxying). Is this bean getting eagerly injected into a currently created BeanPostProcessor [lbRestClientPostProcessor]? Check the corresponding BeanPostProcessor declaration and its dependencies.
2026-03-18T17:33:49.158+05:30  WARN 9856 --- [course-service] [main] trationDelegate$BeanPostProcessorChecker : Bean 'default.org.springframework.cloud.netflix.eureka.loadbalancer.LoadBalancerEurekaAutoConfiguration.LoadBalancerClientSpecification' of type [org.springframework.cloud.loadbalancer.annotation.LoadBalancerClientSpecification] is not eligible for getting processed by all BeanPostProcessors (for example: not eligible for auto-proxying). Is this bean getting eagerly injected into a currently created BeanPostProcessor [lbRestClientPostProcessor]? Check the corresponding BeanPostProcessor declaration and its dependencies.
2026-03-18T17:33:49.161+05:30  WARN 9856 --- [course-service] [main] trationDelegate$BeanPostProcessorChecker : Bean 'loadBalancerClientFactory' of type [org.springframework.cloud.loadbalancer.support.LoadBalancerClientFactory] is not eligible for getting processed by all BeanPostProcessors (for example: not eligible for auto-proxying). Is this bean getting eagerly injected into a currently created BeanPostProcessor [lbRestClientPostProcessor]? Check the corresponding BeanPostProcessor declaration and its dependencies.
2026-03-18T17:33:49.170+05:30  WARN 9856 --- [course-service] [main] trationDelegate$BeanPostProcessorChecker : Bean 'blockingLoadBalancerClient' of type [org.springframework.cloud.loadbalancer.blocking.client.BlockingLoadBalancerClient] is not eligible for getting processed by all BeanPostProcessors (for example: not eligible for auto-proxying). Is this bean getting eagerly injected into a currently created BeanPostProcessor [lbRestClientPostProcessor]? Check the corresponding BeanPostProcessor declaration and its dependencies.
2026-03-18T17:33:49.185+05:30  WARN 9856 --- [course-service] [main] trationDelegate$BeanPostProcessorChecker : Bean 'restTemplateConfig' of type [com.example.course_service.config.RestTemplateConfig$$SpringCGLIB$$0] is not eligible for getting processed by all BeanPostProcessors (for example: not eligible for auto-proxying). Is this bean getting eagerly injected into a currently created BeanPostProcessor [lbRestClientPostProcessor]? Check the corresponding BeanPostProcessor declaration and its dependencies.
2026-03-18T17:33:49.253+05:30  WARN 9856 --- [course-service] [main] trationDelegate$BeanPostProcessorChecker : Bean 'restTemplate' of type [org.springframework.web.client.RestTemplate] is not eligible for getting processed by all BeanPostProcessors (for example: not eligible for auto-proxying). Is this bean getting eagerly injected into a currently created BeanPostProcessor [lbRestClientPostProcessor]? Check the corresponding BeanPostProcessor declaration and its dependencies.
2026-03-18T17:33:49.269+05:30  WARN 9856 --- [course-service] [main] trationDelegate$BeanPostProcessorChecker : Bean 'loadBalancerServiceInstanceCookieTransformer' of type [org.springframework.cloud.loadbalancer.core.LoadBalancerServiceInstanceCookieTransformer] is not eligible for getting processed by all BeanPostProcessors (for example: not eligible for auto-proxying). Is this bean getting eagerly injected into a currently created BeanPostProcessor [lbRestClientPostProcessor]? Check the corresponding BeanPostProcessor declaration and its dependencies.
2026-03-18T17:33:49.272+05:30  WARN 9856 --- [course-service] [main] trationDelegate$BeanPostProcessorChecker : Bean 'xForwarderHeadersTransformer' of type [org.springframework.cloud.loadbalancer.blocking.XForwardedHeadersTransformer] is not eligible for getting processed by all BeanPostProcessors (for example: not eligible for auto-proxying). Is this bean getting eagerly injected into a currently created BeanPostProcessor [lbRestClientPostProcessor]? Check the corresponding BeanPostProcessor declaration and its dependencies.
2026-03-18T17:33:49.274+05:30  WARN 9856 --- [course-service] [main] trationDelegate$BeanPostProcessorChecker : Bean 'org.springframework.cloud.client.loadbalancer.LoadBalancerAutoConfiguration' of type [org.springframework.cloud.client.loadbalancer.LoadBalancerAutoConfiguration] is not eligible for getting processed by all BeanPostProcessors (for example: not eligible for auto-proxying). Is this bean getting eagerly injected into a currently created BeanPostProcessor [lbRestClientPostProcessor]? Check the corresponding BeanPostProcessor declaration and its dependencies.
2026-03-18T17:33:49.276+05:30  WARN 9856 --- [course-service] [main] trationDelegate$BeanPostProcessorChecker : Bean 'loadBalancerRequestFactory' of type [org.springframework.cloud.client.loadbalancer.LoadBalancerRequestFactory] is not eligible for getting processed by all BeanPostProcessors (for example: not eligible for auto-proxying). Is this bean getting eagerly injected into a currently created BeanPostProcessor [lbRestClientPostProcessor]? Check the corresponding BeanPostProcessor declaration and its dependencies.
2026-03-18T17:33:49.280+05:30  WARN 9856 --- [course-service] [main] trationDelegate$BeanPostProcessorChecker : Bean 'loadBalancerInterceptor' of type [org.springframework.cloud.client.loadbalancer.LoadBalancerInterceptor] is not eligible for getting processed by all BeanPostProcessors (for example: not eligible for auto-proxying). Is this bean getting eagerly injected into a currently created BeanPostProcessor [lbRestClientPostProcessor]? Check the corresponding BeanPostProcessor declaration and its dependencies.
2026-03-18T17:33:51.756+05:30  INFO 9856 --- [course-service] [main] o.s.b.w.embedded.tomcat.TomcatWebServer  : Tomcat initialized with port 8082 (http)
2026-03-18T17:33:51.923+05:30  INFO 9856 --- [course-service] [main] o.apache.catalina.core.StandardService   : Starting service [Tomcat]
2026-03-18T17:33:51.972+05:30  INFO 9856 --- [course-service] [main] o.apache.catalina.core.StandardEngine    : Starting Servlet engine: [Apache Tomcat/10.1.16]
2026-03-18T17:33:53.409+05:30  INFO 9856 --- [course-service] [main] o.a.c.c.C.[Tomcat].[localhost].[/]       : Initializing Spring embedded WebApplicationContext
2026-03-18T17:33:53.410+05:30  INFO 9856 --- [course-service] [main] w.s.c.ServletWebServerApplicationContext : Root WebApplicationContext: initialization completed in 11538 ms
2026-03-18T17:33:56.758+05:30  INFO 9856 --- [course-service] [main] o.hibernate.jpa.internal.util.LogHelper  : HHH000204: Processing PersistenceUnitInfo [name: default]
2026-03-18T17:33:56.933+05:30  INFO 9856 --- [course-service] [main] org.hibernate.Version                    : HHH000412: Hibernate ORM core version 6.3.1.Final
2026-03-18T17:33:57.110+05:30  INFO 9856 --- [course-service] [main] o.h.c.internal.RegionFactoryInitiator    : HHH000026: Second-level cache disabled
2026-03-18T17:33:58.040+05:30  INFO 9856 --- [course-service] [main] o.s.o.j.p.SpringPersistenceUnitInfo      : No LoadTimeWeaver setup: ignoring JPA class transformer
2026-03-18T17:33:58.131+05:30  INFO 9856 --- [course-service] [main] com.zaxxer.hikari.HikariDataSource       : HikariPool-1 - Starting...
2026-03-18T17:33:58.732+05:30  INFO 9856 --- [course-service] [main] com.zaxxer.hikari.pool.HikariPool        : HikariPool-1 - Added connection com.mysql.cj.jdbc.ConnectionImpl@40b54762
2026-03-18T17:33:58.737+05:30  INFO 9856 --- [course-service] [main] com.zaxxer.hikari.HikariDataSource       : HikariPool-1 - Start completed.
2026-03-18T17:33:58.866+05:30  WARN 9856 --- [course-service] [main] org.hibernate.orm.deprecation            : HHH90000025: MySQL8Dialect does not need to be specified explicitly using 'hibernate.dialect' (remove the property setting and it will be selected by default)
2026-03-18T17:33:58.871+05:30  WARN 9856 --- [course-service] [main] org.hibernate.orm.deprecation            : HHH90000026: MySQL8Dialect has been deprecated; use org.hibernate.dialect.MySQLDialect instead
2026-03-18T17:34:01.896+05:30  INFO 9856 --- [course-service] [main] o.h.e.t.j.p.i.JtaPlatformInitiator       : HHH000489: No JTA platform available (set 'hibernate.transaction.jta.platform' to enable JTA platform integration)
2026-03-18T17:34:02.226+05:30  INFO 9856 --- [course-service] [main] j.LocalContainerEntityManagerFactoryBean : Initialized JPA EntityManagerFactory for persistence unit 'default'
2026-03-18T17:34:05.832+05:30  INFO 9856 --- [course-service] [main] DiscoveryClientOptionalArgsConfiguration : Eureka HTTP Client uses RestTemplate.
2026-03-18T17:34:06.088+05:30  WARN 9856 --- [course-service] [main] iguration$LoadBalancerCaffeineWarnLogger : Spring Cloud LoadBalancer is currently working with the default cache. While this cache implementation is useful for development and tests, it's recommended to use Caffeine cache in production.You can switch to using Caffeine cache, by adding it and org.springframework.cache.caffeine.CaffeineCacheManager to the classpath.
2026-03-18T17:34:06.252+05:30  INFO 9856 --- [course-service] [main] o.s.c.n.eureka.InstanceInfoFactory       : Setting initial instance status as: STARTING
2026-03-18T17:34:06.391+05:30  INFO 9856 --- [course-service] [main] com.netflix.discovery.DiscoveryClient    : Initializing Eureka in region us-east-1
2026-03-18T17:34:06.405+05:30  INFO 9856 --- [course-service] [main] c.n.d.s.r.aws.ConfigClusterResolver      : Resolving eureka endpoints via configuration
2026-03-18T17:34:06.481+05:30  INFO 9856 --- [course-service] [main] com.netflix.discovery.DiscoveryClient    : Disable delta property : false
2026-03-18T17:34:06.482+05:30  INFO 9856 --- [course-service] [main] com.netflix.discovery.DiscoveryClient    : Single vip registry refresh property : null
2026-03-18T17:34:06.482+05:30  INFO 9856 --- [course-service] [main] com.netflix.discovery.DiscoveryClient    : Force full registry fetch : false
2026-03-18T17:34:06.482+05:30  INFO 9856 --- [course-service] [main] com.netflix.discovery.DiscoveryClient    : Application is null : false
2026-03-18T17:34:06.482+05:30  INFO 9856 --- [course-service] [main] com.netflix.discovery.DiscoveryClient    : Registered Applications size is zero : true
2026-03-18T17:34:06.482+05:30  INFO 9856 --- [course-service] [main] com.netflix.discovery.DiscoveryClient    : Application version is -1: true
2026-03-18T17:34:06.482+05:30  INFO 9856 --- [course-service] [main] com.netflix.discovery.DiscoveryClient    : Getting all instance registry info from the eureka server
2026-03-18T17:34:07.777+05:30  INFO 9856 --- [course-service] [main] com.netflix.discovery.DiscoveryClient    : The response status is 200
2026-03-18T17:34:07.785+05:30  INFO 9856 --- [course-service] [main] com.netflix.discovery.DiscoveryClient    : Starting heartbeat executor: renew interval is: 30
2026-03-18T17:34:07.792+05:30  INFO 9856 --- [course-service] [main] c.n.discovery.InstanceInfoReplicator     : InstanceInfoReplicator onDemand update allowed rate per min is 4
2026-03-18T17:34:07.805+05:30  INFO 9856 --- [course-service] [main] com.netflix.discovery.DiscoveryClient    : Discovery Client initialized at timestamp 1773835447803 with initial instances count: 1
2026-03-18T17:34:07.813+05:30  INFO 9856 --- [course-service] [main] o.s.c.n.e.s.EurekaServiceRegistry        : Registering application COURSE-SERVICE with eureka with status UP
2026-03-18T17:34:07.817+05:30  INFO 9856 --- [course-service] [main] com.netflix.discovery.DiscoveryClient    : Saw local status change event StatusChangeEvent [timestamp=1773835447817, current=UP, previous=STARTING]
2026-03-18T17:34:07.823+05:30  INFO 9856 --- [course-service] [DiscoveryClient-InstanceInfoReplicator-0] com.netflix.discovery.DiscoveryClient    : DiscoveryClient_COURSE-SERVICE/81DH353.mshome.net:course-service:8082: registering service...
2026-03-18T17:34:07.867+05:30  INFO 9856 --- [course-service] [main] o.s.b.w.embedded.tomcat.TomcatWebServer  : Tomcat started on port 8082 (http) with context path ''
2026-03-18T17:34:07.870+05:30  INFO 9856 --- [course-service] [main] .s.c.n.e.s.EurekaAutoServiceRegistration : Updating port to 8082
2026-03-18T17:34:07.940+05:30  INFO 9856 --- [course-service] [DiscoveryClient-InstanceInfoReplicator-0] com.netflix.discovery.DiscoveryClient    : DiscoveryClient_COURSE-SERVICE/81DH353.mshome.net:course-service:8082 - registration status: 204
2026-03-18T17:34:09.016+05:30  INFO 9856 --- [course-service] [main] c.e.c.CourseServiceApplication           : Started CourseServiceApplication in 29.778 seconds (process running for 39.448)
2026-03-18T17:37:13.202+05:30  INFO 9856 --- [course-service] [http-nio-8082-exec-1] o.a.c.c.C.[Tomcat].[localhost].[/]       : Initializing Spring DispatcherServlet 'dispatcherServlet'
2026-03-18T17:37:13.202+05:30  INFO 9856 --- [course-service] [http-nio-8082-exec-1] o.s.web.servlet.DispatcherServlet        : Initializing Servlet 'dispatcherServlet'
2026-03-18T17:37:13.202+05:30  INFO 9856 --- [course-service] [http-nio-8082-exec-1] o.s.web.servlet.DispatcherServlet        : Completed initialization in 0 ms
2026-03-18T17:37:13.548+05:30 DEBUG 9856 --- [course-service] [http-nio-8082-exec-1] org.hibernate.SQL                        : 
    select
        e1_0.enrollment_id,
        e1_0.course_id,
        e1_0.enrollment_date,
        e1_0.semester,
        e1_0.enrollment_status,
        e1_0.student_id 
    from
        enrollments e1_0 
    where
        e1_0.student_id=?
2026-03-18T17:37:13.635+05:30 DEBUG 9856 --- [course-service] [http-nio-8082-exec-1] org.hibernate.SQL                        : 
    select
        c1_0.course_id,
        c1_0.course_code,
        c1_0.course_name,
        c1_0.created_at,
        c1_0.credits,
        c1_0.description,
        c1_0.is_active,
        c1_0.is_indexed,
        c1_0.max_students,
        c1_0.semester,
        c1_0.teacher_id,
        c1_0.updated_at,
        c1_0.year 
    from
        courses c1_0 
    where
        c1_0.course_id=?
2026-03-18T17:37:13.700+05:30 DEBUG 9856 --- [course-service] [http-nio-8082-exec-4] org.hibernate.SQL                        : 
    select
        e1_0.enrollment_id,
        e1_0.course_id,
        e1_0.enrollment_date,
        e1_0.semester,
        e1_0.enrollment_status,
        e1_0.student_id 
    from
        enrollments e1_0 
    where
        e1_0.student_id=?
2026-03-18T17:37:13.704+05:30 DEBUG 9856 --- [course-service] [http-nio-8082-exec-4] org.hibernate.SQL                        : 
    select
        c1_0.course_id,
        c1_0.course_code,
        c1_0.course_name,
        c1_0.created_at,
        c1_0.credits,
        c1_0.description,
        c1_0.is_active,
        c1_0.is_indexed,
        c1_0.max_students,
        c1_0.semester,
        c1_0.teacher_id,
        c1_0.updated_at,
        c1_0.year 
    from
        courses c1_0 
    where
        c1_0.course_id=?
2026-03-18T17:37:16.565+05:30 DEBUG 9856 --- [course-service] [http-nio-8082-exec-5] org.hibernate.SQL                        : 
    select
        e1_0.enrollment_id,
        e1_0.course_id,
        e1_0.enrollment_date,
        e1_0.semester,
        e1_0.enrollment_status,
        e1_0.student_id 
    from
        enrollments e1_0 
    where
        e1_0.student_id=?
2026-03-18T17:37:16.565+05:30 DEBUG 9856 --- [course-service] [http-nio-8082-exec-5] org.hibernate.SQL                        : 
    select
        c1_0.course_id,
        c1_0.course_code,
        c1_0.course_name,
        c1_0.created_at,
        c1_0.credits,
        c1_0.description,
        c1_0.is_active,
        c1_0.is_indexed,
        c1_0.max_students,
        c1_0.semester,
        c1_0.teacher_id,
        c1_0.updated_at,
        c1_0.year 
    from
        courses c1_0 
    where
        c1_0.course_id=?
2026-03-18T17:37:16.597+05:30 DEBUG 9856 --- [course-service] [http-nio-8082-exec-8] org.hibernate.SQL                        : 
    select
        e1_0.enrollment_id,
        e1_0.course_id,
        e1_0.enrollment_date,
        e1_0.semester,
        e1_0.enrollment_status,
        e1_0.student_id 
    from
        enrollments e1_0 
    where
        e1_0.student_id=?
2026-03-18T17:37:16.602+05:30 DEBUG 9856 --- [course-service] [http-nio-8082-exec-8] org.hibernate.SQL                        : 
    select
        c1_0.course_id,
        c1_0.course_code,
        c1_0.course_name,
        c1_0.created_at,
        c1_0.credits,
        c1_0.description,
        c1_0.is_active,
        c1_0.is_indexed,
        c1_0.max_students,
        c1_0.semester,
        c1_0.teacher_id,
        c1_0.updated_at,
        c1_0.year 
    from
        courses c1_0 
    where
        c1_0.course_id=?
2026-03-18T17:37:17.316+05:30 DEBUG 9856 --- [course-service] [http-nio-8082-exec-9] org.hibernate.SQL                        : 
    select
        e1_0.enrollment_id,
        e1_0.course_id,
        e1_0.enrollment_date,
        e1_0.semester,
        e1_0.enrollment_status,
        e1_0.student_id 
    from
        enrollments e1_0 
    where
        e1_0.student_id=?
2026-03-18T17:37:17.325+05:30 DEBUG 9856 --- [course-service] [http-nio-8082-exec-9] org.hibernate.SQL                        : 
    select
        c1_0.course_id,
        c1_0.course_code,
        c1_0.course_name,
        c1_0.created_at,
        c1_0.credits,
        c1_0.description,
        c1_0.is_active,
        c1_0.is_indexed,
        c1_0.max_students,
        c1_0.semester,
        c1_0.teacher_id,
        c1_0.updated_at,
        c1_0.year 
    from
        courses c1_0 
    where
        c1_0.course_id=?
2026-03-18T17:37:17.356+05:30 DEBUG 9856 --- [course-service] [http-nio-8082-exec-2] org.hibernate.SQL                        : 
    select
        e1_0.enrollment_id,
        e1_0.course_id,
        e1_0.enrollment_date,
        e1_0.semester,
        e1_0.enrollment_status,
        e1_0.student_id 
    from
        enrollments e1_0 
    where
        e1_0.student_id=?
2026-03-18T17:37:17.362+05:30 DEBUG 9856 --- [course-service] [http-nio-8082-exec-2] org.hibernate.SQL                        : 
    select
        c1_0.course_id,
        c1_0.course_code,
        c1_0.course_name,
        c1_0.created_at,
        c1_0.credits,
        c1_0.description,
        c1_0.is_active,
        c1_0.is_indexed,
        c1_0.max_students,
        c1_0.semester,
        c1_0.teacher_id,
        c1_0.updated_at,
        c1_0.year 
    from
        courses c1_0 
    where
        c1_0.course_id=?
2026-03-18T17:37:19.252+05:30 DEBUG 9856 --- [course-service] [http-nio-8082-exec-3] org.hibernate.SQL                        : 
    select
        c1_0.course_id,
        c1_0.course_code,
        c1_0.course_name,
        c1_0.created_at,
        c1_0.credits,
        c1_0.description,
        c1_0.is_active,
        c1_0.is_indexed,
        c1_0.max_students,
        c1_0.semester,
        c1_0.teacher_id,
        c1_0.updated_at,
        c1_0.year 
    from
        courses c1_0
2026-03-18T17:37:19.301+05:30 DEBUG 9856 --- [course-service] [http-nio-8082-exec-7] org.hibernate.SQL                        : 
    select
        e1_0.enrollment_id,
        e1_0.course_id,
        e1_0.enrollment_date,
        e1_0.semester,
        e1_0.enrollment_status,
        e1_0.student_id 
    from
        enrollments e1_0 
    where
        e1_0.student_id=?
2026-03-18T17:37:19.301+05:30 DEBUG 9856 --- [course-service] [http-nio-8082-exec-6] org.hibernate.SQL                        : 
    select
        c1_0.course_id,
        c1_0.course_code,
        c1_0.course_name,
        c1_0.created_at,
        c1_0.credits,
        c1_0.description,
        c1_0.is_active,
        c1_0.is_indexed,
        c1_0.max_students,
        c1_0.semester,
        c1_0.teacher_id,
        c1_0.updated_at,
        c1_0.year 
    from
        courses c1_0
2026-03-18T17:37:19.301+05:30 DEBUG 9856 --- [course-service] [http-nio-8082-exec-7] org.hibernate.SQL                        : 
    select
        c1_0.course_id,
        c1_0.course_code,
        c1_0.course_name,
        c1_0.created_at,
        c1_0.credits,
        c1_0.description,
        c1_0.is_active,
        c1_0.is_indexed,
        c1_0.max_students,
        c1_0.semester,
        c1_0.teacher_id,
        c1_0.updated_at,
        c1_0.year 
    from
        courses c1_0 
    where
        c1_0.course_id=?
2026-03-18T17:37:19.333+05:30 DEBUG 9856 --- [course-service] [http-nio-8082-exec-10] org.hibernate.SQL                        : 
    select
        e1_0.enrollment_id,
        e1_0.course_id,
        e1_0.enrollment_date,
        e1_0.semester,
        e1_0.enrollment_status,
        e1_0.student_id 
    from
        enrollments e1_0 
    where
        e1_0.student_id=?
2026-03-18T17:37:19.341+05:30 DEBUG 9856 --- [course-service] [http-nio-8082-exec-10] org.hibernate.SQL                        : 
    select
        c1_0.course_id,
        c1_0.course_code,
        c1_0.course_name,
        c1_0.created_at,
        c1_0.credits,
        c1_0.description,
        c1_0.is_active,
        c1_0.is_indexed,
        c1_0.max_students,
        c1_0.semester,
        c1_0.teacher_id,
        c1_0.updated_at,
        c1_0.year 
    from
        courses c1_0 
    where
        c1_0.course_id=?
2026-03-18T17:37:20.300+05:30 DEBUG 9856 --- [course-service] [http-nio-8082-exec-1] org.hibernate.SQL                        : 
    select
        e1_0.enrollment_id,
        e1_0.course_id,
        e1_0.enrollment_date,
        e1_0.semester,
        e1_0.enrollment_status,
        e1_0.student_id 
    from
        enrollments e1_0 
    where
        e1_0.student_id=?
2026-03-18T17:37:20.501+05:30 DEBUG 9856 --- [course-service] [http-nio-8082-exec-4] org.hibernate.SQL                        : 
    select
        e1_0.enrollment_id,
        e1_0.course_id,
        e1_0.enrollment_date,
        e1_0.semester,
        e1_0.enrollment_status,
        e1_0.student_id 
    from
        enrollments e1_0 
    where
        e1_0.student_id=?
2026-03-18T17:39:04.290+05:30 DEBUG 9856 --- [course-service] [http-nio-8082-exec-9] org.hibernate.SQL                        : 
    select
        e1_0.enrollment_id,
        e1_0.course_id,
        e1_0.enrollment_date,
        e1_0.semester,
        e1_0.enrollment_status,
        e1_0.student_id 
    from
        enrollments e1_0 
    where
        e1_0.student_id=?
2026-03-18T17:39:04.298+05:30 DEBUG 9856 --- [course-service] [http-nio-8082-exec-9] org.hibernate.SQL                        : 
    select
        c1_0.course_id,
        c1_0.course_code,
        c1_0.course_name,
        c1_0.created_at,
        c1_0.credits,
        c1_0.description,
        c1_0.is_active,
        c1_0.is_indexed,
        c1_0.max_students,
        c1_0.semester,
        c1_0.teacher_id,
        c1_0.updated_at,
        c1_0.year 
    from
        courses c1_0 
    where
        c1_0.course_id=?
2026-03-18T17:39:04.324+05:30 DEBUG 9856 --- [course-service] [http-nio-8082-exec-2] org.hibernate.SQL                        : 
    select
        e1_0.enrollment_id,
        e1_0.course_id,
        e1_0.enrollment_date,
        e1_0.semester,
        e1_0.enrollment_status,
        e1_0.student_id 
    from
        enrollments e1_0 
    where
        e1_0.student_id=?
2026-03-18T17:39:04.329+05:30 DEBUG 9856 --- [course-service] [http-nio-8082-exec-2] org.hibernate.SQL                        : 
    select
        c1_0.course_id,
        c1_0.course_code,
        c1_0.course_name,
        c1_0.created_at,
        c1_0.credits,
        c1_0.description,
        c1_0.is_active,
        c1_0.is_indexed,
        c1_0.max_students,
        c1_0.semester,
        c1_0.teacher_id,
        c1_0.updated_at,
        c1_0.year 
    from
        courses c1_0 
    where
        c1_0.course_id=?
2026-03-18T17:39:06.151+05:30 DEBUG 9856 --- [course-service] [http-nio-8082-exec-3] org.hibernate.SQL                        : 
    select
        e1_0.enrollment_id,
        e1_0.course_id,
        e1_0.enrollment_date,
        e1_0.semester,
        e1_0.enrollment_status,
        e1_0.student_id 
    from
        enrollments e1_0 
    where
        e1_0.student_id=?
2026-03-18T17:39:06.180+05:30 DEBUG 9856 --- [course-service] [http-nio-8082-exec-6] org.hibernate.SQL                        : 
    select
        e1_0.enrollment_id,
        e1_0.course_id,
        e1_0.enrollment_date,
        e1_0.semester,
        e1_0.enrollment_status,
        e1_0.student_id 
    from
        enrollments e1_0 
    where
        e1_0.student_id=?
2026-03-18T17:39:06.495+05:30  INFO 9856 --- [course-service] [AsyncResolver-bootstrap-executor-0] c.n.d.s.r.aws.ConfigClusterResolver      : Resolving eureka endpoints via configuration
2026-03-18T17:44:06.508+05:30  INFO 9856 --- [course-service] [AsyncResolver-bootstrap-executor-0] c.n.d.s.r.aws.ConfigClusterResolver      : Resolving eureka endpoints via configuration
2026-03-18T17:49:06.519+05:30  INFO 9856 --- [course-service] [AsyncResolver-bootstrap-executor-0] c.n.d.s.r.aws.ConfigClusterResolver      : Resolving eureka endpoints via configuration
2026-03-18T17:49:12.534+05:30 DEBUG 9856 --- [course-service] [http-nio-8082-exec-10] org.hibernate.SQL                        : 
    select
        e1_0.enrollment_id,
        e1_0.course_id,
        e1_0.enrollment_date,
        e1_0.semester,
        e1_0.enrollment_status,
        e1_0.student_id 
    from
        enrollments e1_0 
    where
        e1_0.student_id=?
2026-03-18T17:49:12.539+05:30 DEBUG 9856 --- [course-service] [http-nio-8082-exec-10] org.hibernate.SQL                        : 
    select
        c1_0.course_id,
        c1_0.course_code,
        c1_0.course_name,
        c1_0.created_at,
        c1_0.credits,
        c1_0.description,
        c1_0.is_active,
        c1_0.is_indexed,
        c1_0.max_students,
        c1_0.semester,
        c1_0.teacher_id,
        c1_0.updated_at,
        c1_0.year 
    from
        courses c1_0 
    where
        c1_0.course_id=?
2026-03-18T17:49:12.559+05:30 DEBUG 9856 --- [course-service] [http-nio-8082-exec-1] org.hibernate.SQL                        : 
    select
        e1_0.enrollment_id,
        e1_0.course_id,
        e1_0.enrollment_date,
        e1_0.semester,
        e1_0.enrollment_status,
        e1_0.student_id 
    from
        enrollments e1_0 
    where
        e1_0.student_id=?
2026-03-18T17:49:12.564+05:30 DEBUG 9856 --- [course-service] [http-nio-8082-exec-1] org.hibernate.SQL                        : 
    select
        c1_0.course_id,
        c1_0.course_code,
        c1_0.course_name,
        c1_0.created_at,
        c1_0.credits,
        c1_0.description,
        c1_0.is_active,
        c1_0.is_indexed,
        c1_0.max_students,
        c1_0.semester,
        c1_0.teacher_id,
        c1_0.updated_at,
        c1_0.year 
    from
        courses c1_0 
    where
        c1_0.course_id=?
2026-03-18T17:54:06.530+05:30  INFO 9856 --- [course-service] [AsyncResolver-bootstrap-executor-0] c.n.d.s.r.aws.ConfigClusterResolver      : Resolving eureka endpoints via configuration
