2026-03-18T10:07:37.512+05:30  INFO 3952 --- [user-service] [main] c.e.user_service.UserServiceApplication  : Starting UserServiceApplication using Java 21.0.9 with PID 3952 (C:\Users\170529\Documents\workspace-spring-tools-for-eclipse-4.32.2.RELEASE\user-service\target\classes started by 170529 in C:\Users\170529\Documents\workspace-spring-tools-for-eclipse-4.32.2.RELEASE\user-service)
2026-03-18T10:07:37.579+05:30  INFO 3952 --- [user-service] [main] c.e.user_service.UserServiceApplication  : No active profile set, falling back to 1 default profile: "default"
2026-03-18T10:07:52.535+05:30  INFO 3952 --- [user-service] [main] .s.d.r.c.RepositoryConfigurationDelegate : Bootstrapping Spring Data JPA repositories in DEFAULT mode.
2026-03-18T10:07:53.836+05:30  INFO 3952 --- [user-service] [main] .s.d.r.c.RepositoryConfigurationDelegate : Finished Spring Data repository scanning in 1249 ms. Found 4 JPA repository interfaces.
2026-03-18T10:07:55.374+05:30  INFO 3952 --- [user-service] [main] o.s.cloud.context.scope.GenericScope     : BeanFactory id=28d6215a-ed40-3b53-a0fb-7eb293c36c30
2026-03-18T10:07:57.417+05:30  WARN 3952 --- [user-service] [main] trationDelegate$BeanPostProcessorChecker : Bean 'org.springframework.cloud.client.loadbalancer.LoadBalancerAutoConfiguration$LoadBalancerInterceptorConfig' of type [org.springframework.cloud.client.loadbalancer.LoadBalancerAutoConfiguration$LoadBalancerInterceptorConfig] is not eligible for getting processed by all BeanPostProcessors (for example: not eligible for auto-proxying). The currently created BeanPostProcessor [lbRestClientPostProcessor] is declared through a non-static factory method on that class; consider declaring it as static instead.
2026-03-18T10:07:57.427+05:30  WARN 3952 --- [user-service] [main] trationDelegate$BeanPostProcessorChecker : Bean 'org.springframework.cloud.loadbalancer.config.BlockingLoadBalancerClientAutoConfiguration' of type [org.springframework.cloud.loadbalancer.config.BlockingLoadBalancerClientAutoConfiguration] is not eligible for getting processed by all BeanPostProcessors (for example: not eligible for auto-proxying). Is this bean getting eagerly injected into a currently created BeanPostProcessor [lbRestClientPostProcessor]? Check the corresponding BeanPostProcessor declaration and its dependencies.
2026-03-18T10:07:57.442+05:30  WARN 3952 --- [user-service] [main] trationDelegate$BeanPostProcessorChecker : Bean 'org.springframework.cloud.loadbalancer.config.LoadBalancerAutoConfiguration' of type [org.springframework.cloud.loadbalancer.config.LoadBalancerAutoConfiguration] is not eligible for getting processed by all BeanPostProcessors (for example: not eligible for auto-proxying). Is this bean getting eagerly injected into a currently created BeanPostProcessor [lbRestClientPostProcessor]? Check the corresponding BeanPostProcessor declaration and its dependencies.
2026-03-18T10:07:57.502+05:30  WARN 3952 --- [user-service] [main] trationDelegate$BeanPostProcessorChecker : Bean 'org.springframework.cloud.commons.config.CommonsConfigAutoConfiguration' of type [org.springframework.cloud.commons.config.CommonsConfigAutoConfiguration] is not eligible for getting processed by all BeanPostProcessors (for example: not eligible for auto-proxying). Is this bean getting eagerly injected into a currently created BeanPostProcessor [lbRestClientPostProcessor]? Check the corresponding BeanPostProcessor declaration and its dependencies.
2026-03-18T10:07:57.510+05:30  WARN 3952 --- [user-service] [main] trationDelegate$BeanPostProcessorChecker : Bean 'org.springframework.cloud.client.loadbalancer.LoadBalancerDefaultMappingsProviderAutoConfiguration' of type [org.springframework.cloud.client.loadbalancer.LoadBalancerDefaultMappingsProviderAutoConfiguration] is not eligible for getting processed by all BeanPostProcessors (for example: not eligible for auto-proxying). Is this bean getting eagerly injected into a currently created BeanPostProcessor [lbRestClientPostProcessor]? Check the corresponding BeanPostProcessor declaration and its dependencies.
2026-03-18T10:07:57.534+05:30  WARN 3952 --- [user-service] [main] trationDelegate$BeanPostProcessorChecker : Bean 'loadBalancerClientsDefaultsMappingsProvider' of type [org.springframework.cloud.client.loadbalancer.LoadBalancerDefaultMappingsProviderAutoConfiguration$$Lambda/0x000001052554d250] is not eligible for getting processed by all BeanPostProcessors (for example: not eligible for auto-proxying). Is this bean getting eagerly injected into a currently created BeanPostProcessor [lbRestClientPostProcessor]? Check the corresponding BeanPostProcessor declaration and its dependencies.
2026-03-18T10:08:00.659+05:30  WARN 3952 --- [user-service] [main] trationDelegate$BeanPostProcessorChecker : Bean 'defaultsBindHandlerAdvisor' of type [org.springframework.cloud.commons.config.DefaultsBindHandlerAdvisor] is not eligible for getting processed by all BeanPostProcessors (for example: not eligible for auto-proxying). Is this bean getting eagerly injected into a currently created BeanPostProcessor [lbRestClientPostProcessor]? Check the corresponding BeanPostProcessor declaration and its dependencies.
2026-03-18T10:08:00.696+05:30  WARN 3952 --- [user-service] [main] trationDelegate$BeanPostProcessorChecker : Bean 'spring.cloud.loadbalancer-org.springframework.cloud.client.loadbalancer.LoadBalancerClientsProperties' of type [org.springframework.cloud.client.loadbalancer.LoadBalancerClientsProperties] is not eligible for getting processed by all BeanPostProcessors (for example: not eligible for auto-proxying). Is this bean getting eagerly injected into a currently created BeanPostProcessor [lbRestClientPostProcessor]? Check the corresponding BeanPostProcessor declaration and its dependencies.
2026-03-18T10:08:00.725+05:30  WARN 3952 --- [user-service] [main] trationDelegate$BeanPostProcessorChecker : Bean 'default.org.springframework.cloud.loadbalancer.config.LoadBalancerAutoConfiguration.LoadBalancerClientSpecification' of type [org.springframework.cloud.loadbalancer.annotation.LoadBalancerClientSpecification] is not eligible for getting processed by all BeanPostProcessors (for example: not eligible for auto-proxying). Is this bean getting eagerly injected into a currently created BeanPostProcessor [lbRestClientPostProcessor]? Check the corresponding BeanPostProcessor declaration and its dependencies.
2026-03-18T10:08:00.730+05:30  WARN 3952 --- [user-service] [main] trationDelegate$BeanPostProcessorChecker : Bean 'default.org.springframework.cloud.loadbalancer.config.BlockingLoadBalancerClientAutoConfiguration.LoadBalancerClientSpecification' of type [org.springframework.cloud.loadbalancer.annotation.LoadBalancerClientSpecification] is not eligible for getting processed by all BeanPostProcessors (for example: not eligible for auto-proxying). Is this bean getting eagerly injected into a currently created BeanPostProcessor [lbRestClientPostProcessor]? Check the corresponding BeanPostProcessor declaration and its dependencies.
2026-03-18T10:08:00.731+05:30  WARN 3952 --- [user-service] [main] trationDelegate$BeanPostProcessorChecker : Bean 'default.org.springframework.cloud.netflix.eureka.loadbalancer.LoadBalancerEurekaAutoConfiguration.LoadBalancerClientSpecification' of type [org.springframework.cloud.loadbalancer.annotation.LoadBalancerClientSpecification] is not eligible for getting processed by all BeanPostProcessors (for example: not eligible for auto-proxying). Is this bean getting eagerly injected into a currently created BeanPostProcessor [lbRestClientPostProcessor]? Check the corresponding BeanPostProcessor declaration and its dependencies.
2026-03-18T10:08:00.734+05:30  WARN 3952 --- [user-service] [main] trationDelegate$BeanPostProcessorChecker : Bean 'loadBalancerClientFactory' of type [org.springframework.cloud.loadbalancer.support.LoadBalancerClientFactory] is not eligible for getting processed by all BeanPostProcessors (for example: not eligible for auto-proxying). Is this bean getting eagerly injected into a currently created BeanPostProcessor [lbRestClientPostProcessor]? Check the corresponding BeanPostProcessor declaration and its dependencies.
2026-03-18T10:08:00.798+05:30  WARN 3952 --- [user-service] [main] trationDelegate$BeanPostProcessorChecker : Bean 'blockingLoadBalancerClient' of type [org.springframework.cloud.loadbalancer.blocking.client.BlockingLoadBalancerClient] is not eligible for getting processed by all BeanPostProcessors (for example: not eligible for auto-proxying). Is this bean getting eagerly injected into a currently created BeanPostProcessor [lbRestClientPostProcessor]? Check the corresponding BeanPostProcessor declaration and its dependencies.
2026-03-18T10:08:00.858+05:30  WARN 3952 --- [user-service] [main] trationDelegate$BeanPostProcessorChecker : Bean 'loadBalancerServiceInstanceCookieTransformer' of type [org.springframework.cloud.loadbalancer.core.LoadBalancerServiceInstanceCookieTransformer] is not eligible for getting processed by all BeanPostProcessors (for example: not eligible for auto-proxying). Is this bean getting eagerly injected into a currently created BeanPostProcessor [lbRestClientPostProcessor]? Check the corresponding BeanPostProcessor declaration and its dependencies.
2026-03-18T10:08:00.867+05:30  WARN 3952 --- [user-service] [main] trationDelegate$BeanPostProcessorChecker : Bean 'xForwarderHeadersTransformer' of type [org.springframework.cloud.loadbalancer.blocking.XForwardedHeadersTransformer] is not eligible for getting processed by all BeanPostProcessors (for example: not eligible for auto-proxying). Is this bean getting eagerly injected into a currently created BeanPostProcessor [lbRestClientPostProcessor]? Check the corresponding BeanPostProcessor declaration and its dependencies.
2026-03-18T10:08:00.878+05:30  WARN 3952 --- [user-service] [main] trationDelegate$BeanPostProcessorChecker : Bean 'org.springframework.cloud.client.loadbalancer.LoadBalancerAutoConfiguration' of type [org.springframework.cloud.client.loadbalancer.LoadBalancerAutoConfiguration] is not eligible for getting processed by all BeanPostProcessors (for example: not eligible for auto-proxying). Is this bean getting eagerly injected into a currently created BeanPostProcessor [lbRestClientPostProcessor]? Check the corresponding BeanPostProcessor declaration and its dependencies.
2026-03-18T10:08:00.905+05:30  WARN 3952 --- [user-service] [main] trationDelegate$BeanPostProcessorChecker : Bean 'loadBalancerRequestFactory' of type [org.springframework.cloud.client.loadbalancer.LoadBalancerRequestFactory] is not eligible for getting processed by all BeanPostProcessors (for example: not eligible for auto-proxying). Is this bean getting eagerly injected into a currently created BeanPostProcessor [lbRestClientPostProcessor]? Check the corresponding BeanPostProcessor declaration and its dependencies.
2026-03-18T10:08:00.915+05:30  WARN 3952 --- [user-service] [main] trationDelegate$BeanPostProcessorChecker : Bean 'loadBalancerInterceptor' of type [org.springframework.cloud.client.loadbalancer.LoadBalancerInterceptor] is not eligible for getting processed by all BeanPostProcessors (for example: not eligible for auto-proxying). Is this bean getting eagerly injected into a currently created BeanPostProcessor [lbRestClientPostProcessor]? Check the corresponding BeanPostProcessor declaration and its dependencies.
2026-03-18T10:08:02.344+05:30  INFO 3952 --- [user-service] [main] o.s.b.w.embedded.tomcat.TomcatWebServer  : Tomcat initialized with port 8080 (http)
2026-03-18T10:08:02.416+05:30  INFO 3952 --- [user-service] [main] o.apache.catalina.core.StandardService   : Starting service [Tomcat]
2026-03-18T10:08:02.416+05:30  INFO 3952 --- [user-service] [main] o.apache.catalina.core.StandardEngine    : Starting Servlet engine: [Apache Tomcat/10.1.16]
2026-03-18T10:08:02.915+05:30  INFO 3952 --- [user-service] [main] o.a.c.c.C.[Tomcat].[localhost].[/]       : Initializing Spring embedded WebApplicationContext
2026-03-18T10:08:02.915+05:30  INFO 3952 --- [user-service] [main] w.s.c.ServletWebServerApplicationContext : Root WebApplicationContext: initialization completed in 24971 ms
2026-03-18T10:08:07.224+05:30  INFO 3952 --- [user-service] [main] o.hibernate.jpa.internal.util.LogHelper  : HHH000204: Processing PersistenceUnitInfo [name: default]
2026-03-18T10:08:07.563+05:30  INFO 3952 --- [user-service] [main] org.hibernate.Version                    : HHH000412: Hibernate ORM core version 6.3.1.Final
2026-03-18T10:08:07.818+05:30  INFO 3952 --- [user-service] [main] o.h.c.internal.RegionFactoryInitiator    : HHH000026: Second-level cache disabled
2026-03-18T10:08:09.281+05:30  INFO 3952 --- [user-service] [main] o.s.o.j.p.SpringPersistenceUnitInfo      : No LoadTimeWeaver setup: ignoring JPA class transformer
2026-03-18T10:08:09.454+05:30  INFO 3952 --- [user-service] [main] com.zaxxer.hikari.HikariDataSource       : HikariPool-1 - Starting...
2026-03-18T10:08:10.287+05:30  INFO 3952 --- [user-service] [main] com.zaxxer.hikari.pool.HikariPool        : HikariPool-1 - Added connection com.mysql.cj.jdbc.ConnectionImpl@7fd32c56
2026-03-18T10:08:10.292+05:30  INFO 3952 --- [user-service] [main] com.zaxxer.hikari.HikariDataSource       : HikariPool-1 - Start completed.
2026-03-18T10:08:15.784+05:30  INFO 3952 --- [user-service] [main] o.h.e.t.j.p.i.JtaPlatformInitiator       : HHH000489: No JTA platform available (set 'hibernate.transaction.jta.platform' to enable JTA platform integration)
2026-03-18T10:08:16.209+05:30  INFO 3952 --- [user-service] [main] j.LocalContainerEntityManagerFactoryBean : Initialized JPA EntityManagerFactory for persistence unit 'default'
2026-03-18T10:08:20.158+05:30  WARN 3952 --- [user-service] [main] .s.s.UserDetailsServiceAutoConfiguration : 

Using generated security password: e78d3079-cda7-4a1e-8901-984772859196

This generated password is for development use only. Your security configuration must be updated before running your application in production.

2026-03-18T10:08:23.908+05:30  INFO 3952 --- [user-service] [main] o.s.b.a.e.web.EndpointLinksResolver      : Exposing 1 endpoint(s) beneath base path '/actuator'
2026-03-18T10:08:24.216+05:30  INFO 3952 --- [user-service] [main] o.s.s.web.DefaultSecurityFilterChain     : Will secure any request with [org.springframework.security.web.session.DisableEncodeUrlFilter@329b4814, org.springframework.security.web.context.request.async.WebAsyncManagerIntegrationFilter@26204f8f, org.springframework.security.web.context.SecurityContextHolderFilter@62f47cac, org.springframework.security.web.header.HeaderWriterFilter@32fcccd4, org.springframework.security.web.authentication.logout.LogoutFilter@47ffce5d, org.springframework.security.web.savedrequest.RequestCacheAwareFilter@171b82ea, org.springframework.security.web.servletapi.SecurityContextHolderAwareRequestFilter@6dad684f, org.springframework.security.web.authentication.AnonymousAuthenticationFilter@1419f703, org.springframework.security.web.session.SessionManagementFilter@47f50549, org.springframework.security.web.access.ExceptionTranslationFilter@d4594a8, org.springframework.security.web.access.intercept.AuthorizationFilter@68950f25]
2026-03-18T10:08:26.994+05:30  INFO 3952 --- [user-service] [main] DiscoveryClientOptionalArgsConfiguration : Eureka HTTP Client uses RestTemplate.
2026-03-18T10:08:27.211+05:30  WARN 3952 --- [user-service] [main] iguration$LoadBalancerCaffeineWarnLogger : Spring Cloud LoadBalancer is currently working with the default cache. While this cache implementation is useful for development and tests, it's recommended to use Caffeine cache in production.You can switch to using Caffeine cache, by adding it and org.springframework.cache.caffeine.CaffeineCacheManager to the classpath.
2026-03-18T10:08:27.529+05:30  INFO 3952 --- [user-service] [main] o.s.c.n.eureka.InstanceInfoFactory       : Setting initial instance status as: STARTING
2026-03-18T10:08:27.691+05:30  INFO 3952 --- [user-service] [main] com.netflix.discovery.DiscoveryClient    : Initializing Eureka in region us-east-1
2026-03-18T10:08:27.712+05:30  INFO 3952 --- [user-service] [main] c.n.d.s.r.aws.ConfigClusterResolver      : Resolving eureka endpoints via configuration
2026-03-18T10:08:27.791+05:30  INFO 3952 --- [user-service] [main] com.netflix.discovery.DiscoveryClient    : Disable delta property : false
2026-03-18T10:08:27.792+05:30  INFO 3952 --- [user-service] [main] com.netflix.discovery.DiscoveryClient    : Single vip registry refresh property : null
2026-03-18T10:08:27.793+05:30  INFO 3952 --- [user-service] [main] com.netflix.discovery.DiscoveryClient    : Force full registry fetch : false
2026-03-18T10:08:27.793+05:30  INFO 3952 --- [user-service] [main] com.netflix.discovery.DiscoveryClient    : Application is null : false
2026-03-18T10:08:27.793+05:30  INFO 3952 --- [user-service] [main] com.netflix.discovery.DiscoveryClient    : Registered Applications size is zero : true
2026-03-18T10:08:27.793+05:30  INFO 3952 --- [user-service] [main] com.netflix.discovery.DiscoveryClient    : Application version is -1: true
2026-03-18T10:08:27.793+05:30  INFO 3952 --- [user-service] [main] com.netflix.discovery.DiscoveryClient    : Getting all instance registry info from the eureka server
2026-03-18T10:08:29.032+05:30  INFO 3952 --- [user-service] [main] com.netflix.discovery.DiscoveryClient    : The response status is 200
2026-03-18T10:08:29.039+05:30  INFO 3952 --- [user-service] [main] com.netflix.discovery.DiscoveryClient    : Starting heartbeat executor: renew interval is: 30
2026-03-18T10:08:29.048+05:30  INFO 3952 --- [user-service] [main] c.n.discovery.InstanceInfoReplicator     : InstanceInfoReplicator onDemand update allowed rate per min is 4
2026-03-18T10:08:29.061+05:30  INFO 3952 --- [user-service] [main] com.netflix.discovery.DiscoveryClient    : Discovery Client initialized at timestamp 1773808709059 with initial instances count: 0
2026-03-18T10:08:29.091+05:30  INFO 3952 --- [user-service] [main] o.s.c.n.e.s.EurekaServiceRegistry        : Registering application USER-SERVICE with eureka with status UP
2026-03-18T10:08:29.093+05:30  INFO 3952 --- [user-service] [main] com.netflix.discovery.DiscoveryClient    : Saw local status change event StatusChangeEvent [timestamp=1773808709093, current=UP, previous=STARTING]
2026-03-18T10:08:29.098+05:30  INFO 3952 --- [user-service] [DiscoveryClient-InstanceInfoReplicator-0] com.netflix.discovery.DiscoveryClient    : DiscoveryClient_USER-SERVICE/81DH353.mshome.net:user-service:8080: registering service...
2026-03-18T10:08:29.210+05:30  INFO 3952 --- [user-service] [main] o.s.b.w.embedded.tomcat.TomcatWebServer  : Tomcat started on port 8080 (http) with context path ''
2026-03-18T10:08:29.214+05:30  INFO 3952 --- [user-service] [main] .s.c.n.e.s.EurekaAutoServiceRegistration : Updating port to 8080
2026-03-18T10:08:29.275+05:30  INFO 3952 --- [user-service] [main] c.e.user_service.UserServiceApplication  : Started UserServiceApplication in 55.035 seconds (process running for 61.646)
2026-03-18T10:08:29.280+05:30  INFO 3952 --- [user-service] [DiscoveryClient-InstanceInfoReplicator-0] com.netflix.discovery.DiscoveryClient    : DiscoveryClient_USER-SERVICE/81DH353.mshome.net:user-service:8080 - registration status: 204
2026-03-18T10:08:30.132+05:30  INFO 3952 --- [user-service] [RMI TCP Connection(4)-127.0.0.1] o.a.c.c.C.[Tomcat].[localhost].[/]       : Initializing Spring DispatcherServlet 'dispatcherServlet'
2026-03-18T10:08:30.134+05:30  INFO 3952 --- [user-service] [RMI TCP Connection(4)-127.0.0.1] o.s.web.servlet.DispatcherServlet        : Initializing Servlet 'dispatcherServlet'
2026-03-18T10:08:30.138+05:30  INFO 3952 --- [user-service] [RMI TCP Connection(4)-127.0.0.1] o.s.web.servlet.DispatcherServlet        : Completed initialization in 4 ms
2026-03-18T10:08:59.049+05:30  INFO 3952 --- [user-service] [DiscoveryClient-CacheRefreshExecutor-0] com.netflix.discovery.DiscoveryClient    : Disable delta property : false
2026-03-18T10:08:59.051+05:30  INFO 3952 --- [user-service] [DiscoveryClient-CacheRefreshExecutor-0] com.netflix.discovery.DiscoveryClient    : Single vip registry refresh property : null
2026-03-18T10:08:59.051+05:30  INFO 3952 --- [user-service] [DiscoveryClient-CacheRefreshExecutor-0] com.netflix.discovery.DiscoveryClient    : Force full registry fetch : false
2026-03-18T10:08:59.051+05:30  INFO 3952 --- [user-service] [DiscoveryClient-CacheRefreshExecutor-0] com.netflix.discovery.DiscoveryClient    : Application is null : false
2026-03-18T10:08:59.051+05:30  INFO 3952 --- [user-service] [DiscoveryClient-CacheRefreshExecutor-0] com.netflix.discovery.DiscoveryClient    : Registered Applications size is zero : true
2026-03-18T10:08:59.051+05:30  INFO 3952 --- [user-service] [DiscoveryClient-CacheRefreshExecutor-0] com.netflix.discovery.DiscoveryClient    : Application version is -1: false
2026-03-18T10:08:59.051+05:30  INFO 3952 --- [user-service] [DiscoveryClient-CacheRefreshExecutor-0] com.netflix.discovery.DiscoveryClient    : Getting all instance registry info from the eureka server
2026-03-18T10:08:59.121+05:30  INFO 3952 --- [user-service] [DiscoveryClient-CacheRefreshExecutor-0] com.netflix.discovery.DiscoveryClient    : The response status is 200
2026-03-18T10:13:08.030+05:30 DEBUG 3952 --- [user-service] [http-nio-8080-exec-2] o.s.security.web.FilterChainProxy        : Securing POST /api/auth/login
2026-03-18T10:13:08.075+05:30 DEBUG 3952 --- [user-service] [http-nio-8080-exec-2] o.s.s.w.a.AnonymousAuthenticationFilter  : Set SecurityContextHolder to anonymous SecurityContext
2026-03-18T10:13:08.080+05:30  WARN 3952 --- [user-service] [http-nio-8080-exec-2] o.s.w.s.h.HandlerMappingIntrospector     : Cache miss for REQUEST dispatch to '/api/auth/login' (previous null). Performing MatchableHandlerMapping lookup. This is logged once only at WARN level, and every time at TRACE.
2026-03-18T10:13:08.117+05:30 DEBUG 3952 --- [user-service] [http-nio-8080-exec-2] o.s.security.web.FilterChainProxy        : Secured POST /api/auth/login
2026-03-18T10:13:09.854+05:30 DEBUG 3952 --- [user-service] [http-nio-8080-exec-3] o.s.security.web.FilterChainProxy        : Securing GET /api/users/31
2026-03-18T10:13:09.856+05:30 DEBUG 3952 --- [user-service] [http-nio-8080-exec-3] o.s.s.w.a.AnonymousAuthenticationFilter  : Set SecurityContextHolder to anonymous SecurityContext
2026-03-18T10:13:09.867+05:30 DEBUG 3952 --- [user-service] [http-nio-8080-exec-3] o.s.security.web.FilterChainProxy        : Secured GET /api/users/31
2026-03-18T10:13:10.166+05:30 DEBUG 3952 --- [user-service] [http-nio-8080-exec-1] o.s.security.web.FilterChainProxy        : Securing GET /api/users/31
2026-03-18T10:13:10.168+05:30 DEBUG 3952 --- [user-service] [http-nio-8080-exec-1] o.s.s.w.a.AnonymousAuthenticationFilter  : Set SecurityContextHolder to anonymous SecurityContext
2026-03-18T10:13:10.175+05:30 DEBUG 3952 --- [user-service] [http-nio-8080-exec-1] o.s.security.web.FilterChainProxy        : Secured GET /api/users/31
2026-03-18T10:13:11.336+05:30 DEBUG 3952 --- [user-service] [http-nio-8080-exec-7] o.s.security.web.FilterChainProxy        : Securing GET /api/users/31
2026-03-18T10:13:11.338+05:30 DEBUG 3952 --- [user-service] [http-nio-8080-exec-7] o.s.s.w.a.AnonymousAuthenticationFilter  : Set SecurityContextHolder to anonymous SecurityContext
2026-03-18T10:13:11.347+05:30 DEBUG 3952 --- [user-service] [http-nio-8080-exec-7] o.s.security.web.FilterChainProxy        : Secured GET /api/users/31
2026-03-18T10:13:13.762+05:30 DEBUG 3952 --- [user-service] [http-nio-8080-exec-4] o.s.security.web.FilterChainProxy        : Securing GET /api/users/32
2026-03-18T10:13:13.764+05:30 DEBUG 3952 --- [user-service] [http-nio-8080-exec-4] o.s.s.w.a.AnonymousAuthenticationFilter  : Set SecurityContextHolder to anonymous SecurityContext
2026-03-18T10:13:13.769+05:30 DEBUG 3952 --- [user-service] [http-nio-8080-exec-4] o.s.security.web.FilterChainProxy        : Secured GET /api/users/32
2026-03-18T10:13:27.803+05:30  INFO 3952 --- [user-service] [AsyncResolver-bootstrap-executor-0] c.n.d.s.r.aws.ConfigClusterResolver      : Resolving eureka endpoints via configuration
2026-03-18T10:18:05.876+05:30 DEBUG 3952 --- [user-service] [http-nio-8080-exec-6] o.s.security.web.FilterChainProxy        : Securing POST /api/auth/login
2026-03-18T10:18:05.878+05:30 DEBUG 3952 --- [user-service] [http-nio-8080-exec-6] o.s.s.w.a.AnonymousAuthenticationFilter  : Set SecurityContextHolder to anonymous SecurityContext
2026-03-18T10:18:05.881+05:30 DEBUG 3952 --- [user-service] [http-nio-8080-exec-6] o.s.security.web.FilterChainProxy        : Secured POST /api/auth/login
2026-03-18T10:18:06.220+05:30 DEBUG 3952 --- [user-service] [http-nio-8080-exec-8] o.s.security.web.FilterChainProxy        : Securing GET /api/users/32
2026-03-18T10:18:06.220+05:30 DEBUG 3952 --- [user-service] [http-nio-8080-exec-8] o.s.s.w.a.AnonymousAuthenticationFilter  : Set SecurityContextHolder to anonymous SecurityContext
2026-03-18T10:18:06.223+05:30 DEBUG 3952 --- [user-service] [http-nio-8080-exec-8] o.s.security.web.FilterChainProxy        : Secured GET /api/users/32
2026-03-18T10:18:06.276+05:30 DEBUG 3952 --- [user-service] [http-nio-8080-exec-9] o.s.security.web.FilterChainProxy        : Securing GET /api/users/32
2026-03-18T10:18:06.276+05:30 DEBUG 3952 --- [user-service] [http-nio-8080-exec-9] o.s.s.w.a.AnonymousAuthenticationFilter  : Set SecurityContextHolder to anonymous SecurityContext
2026-03-18T10:18:06.280+05:30 DEBUG 3952 --- [user-service] [http-nio-8080-exec-9] o.s.security.web.FilterChainProxy        : Secured GET /api/users/32
2026-03-18T10:18:27.818+05:30  INFO 3952 --- [user-service] [AsyncResolver-bootstrap-executor-0] c.n.d.s.r.aws.ConfigClusterResolver      : Resolving eureka endpoints via configuration
2026-03-18T10:23:03.052+05:30 DEBUG 3952 --- [user-service] [http-nio-8080-exec-2] o.s.security.web.FilterChainProxy        : Securing GET /api/users/32
2026-03-18T10:23:03.058+05:30 DEBUG 3952 --- [user-service] [http-nio-8080-exec-2] o.s.s.w.a.AnonymousAuthenticationFilter  : Set SecurityContextHolder to anonymous SecurityContext
2026-03-18T10:23:03.064+05:30 DEBUG 3952 --- [user-service] [http-nio-8080-exec-2] o.s.security.web.FilterChainProxy        : Secured GET /api/users/32
2026-03-18T10:23:03.179+05:30 DEBUG 3952 --- [user-service] [http-nio-8080-exec-3] o.s.security.web.FilterChainProxy        : Securing GET /api/users/32
2026-03-18T10:23:03.181+05:30 DEBUG 3952 --- [user-service] [http-nio-8080-exec-3] o.s.s.w.a.AnonymousAuthenticationFilter  : Set SecurityContextHolder to anonymous SecurityContext
2026-03-18T10:23:03.185+05:30 DEBUG 3952 --- [user-service] [http-nio-8080-exec-3] o.s.security.web.FilterChainProxy        : Secured GET /api/users/32
2026-03-18T10:23:27.834+05:30  INFO 3952 --- [user-service] [AsyncResolver-bootstrap-executor-0] c.n.d.s.r.aws.ConfigClusterResolver      : Resolving eureka endpoints via configuration
2026-03-18T10:24:03.444+05:30 DEBUG 3952 --- [user-service] [http-nio-8080-exec-1] o.s.security.web.FilterChainProxy        : Securing GET /api/users/32
2026-03-18T10:24:03.447+05:30 DEBUG 3952 --- [user-service] [http-nio-8080-exec-1] o.s.s.w.a.AnonymousAuthenticationFilter  : Set SecurityContextHolder to anonymous SecurityContext
2026-03-18T10:24:03.460+05:30 DEBUG 3952 --- [user-service] [http-nio-8080-exec-1] o.s.security.web.FilterChainProxy        : Secured GET /api/users/32
2026-03-18T10:24:03.552+05:30 DEBUG 3952 --- [user-service] [http-nio-8080-exec-7] o.s.security.web.FilterChainProxy        : Securing GET /api/users/32
2026-03-18T10:24:03.557+05:30 DEBUG 3952 --- [user-service] [http-nio-8080-exec-7] o.s.s.w.a.AnonymousAuthenticationFilter  : Set SecurityContextHolder to anonymous SecurityContext
2026-03-18T10:24:03.573+05:30 DEBUG 3952 --- [user-service] [http-nio-8080-exec-7] o.s.security.web.FilterChainProxy        : Secured GET /api/users/32
2026-03-18T10:26:35.274+05:30 DEBUG 3952 --- [user-service] [http-nio-8080-exec-6] o.s.security.web.FilterChainProxy        : Securing GET /api/users/32
2026-03-18T10:26:35.293+05:30 DEBUG 3952 --- [user-service] [http-nio-8080-exec-6] o.s.s.w.a.AnonymousAuthenticationFilter  : Set SecurityContextHolder to anonymous SecurityContext
2026-03-18T10:26:35.299+05:30 DEBUG 3952 --- [user-service] [http-nio-8080-exec-6] o.s.security.web.FilterChainProxy        : Secured GET /api/users/32
2026-03-18T10:26:35.373+05:30 DEBUG 3952 --- [user-service] [http-nio-8080-exec-8] o.s.security.web.FilterChainProxy        : Securing GET /api/users/32
2026-03-18T10:26:35.374+05:30 DEBUG 3952 --- [user-service] [http-nio-8080-exec-8] o.s.s.w.a.AnonymousAuthenticationFilter  : Set SecurityContextHolder to anonymous SecurityContext
2026-03-18T10:26:35.380+05:30 DEBUG 3952 --- [user-service] [http-nio-8080-exec-8] o.s.security.web.FilterChainProxy        : Secured GET /api/users/32
2026-03-18T10:28:27.842+05:30  INFO 3952 --- [user-service] [AsyncResolver-bootstrap-executor-0] c.n.d.s.r.aws.ConfigClusterResolver      : Resolving eureka endpoints via configuration
2026-03-18T10:33:27.860+05:30  INFO 3952 --- [user-service] [AsyncResolver-bootstrap-executor-0] c.n.d.s.r.aws.ConfigClusterResolver      : Resolving eureka endpoints via configuration
2026-03-18T10:38:27.868+05:30  INFO 3952 --- [user-service] [AsyncResolver-bootstrap-executor-0] c.n.d.s.r.aws.ConfigClusterResolver      : Resolving eureka endpoints via configuration
2026-03-18T10:41:41.986+05:30 DEBUG 3952 --- [user-service] [http-nio-8080-exec-10] o.s.security.web.FilterChainProxy        : Securing POST /api/auth/login
2026-03-18T10:41:41.986+05:30 DEBUG 3952 --- [user-service] [http-nio-8080-exec-10] o.s.s.w.a.AnonymousAuthenticationFilter  : Set SecurityContextHolder to anonymous SecurityContext
2026-03-18T10:41:41.988+05:30 DEBUG 3952 --- [user-service] [http-nio-8080-exec-10] o.s.security.web.FilterChainProxy        : Secured POST /api/auth/login
2026-03-18T10:41:42.386+05:30 DEBUG 3952 --- [user-service] [http-nio-8080-exec-2] o.s.security.web.FilterChainProxy        : Securing GET /api/users/31
2026-03-18T10:41:42.386+05:30 DEBUG 3952 --- [user-service] [http-nio-8080-exec-2] o.s.s.w.a.AnonymousAuthenticationFilter  : Set SecurityContextHolder to anonymous SecurityContext
2026-03-18T10:41:42.392+05:30 DEBUG 3952 --- [user-service] [http-nio-8080-exec-2] o.s.security.web.FilterChainProxy        : Secured GET /api/users/31
2026-03-18T10:41:42.588+05:30 DEBUG 3952 --- [user-service] [http-nio-8080-exec-3] o.s.security.web.FilterChainProxy        : Securing GET /api/users/31
2026-03-18T10:41:42.591+05:30 DEBUG 3952 --- [user-service] [http-nio-8080-exec-3] o.s.s.w.a.AnonymousAuthenticationFilter  : Set SecurityContextHolder to anonymous SecurityContext
2026-03-18T10:41:42.597+05:30 DEBUG 3952 --- [user-service] [http-nio-8080-exec-3] o.s.security.web.FilterChainProxy        : Secured GET /api/users/31
2026-03-18T10:41:42.686+05:30 DEBUG 3952 --- [user-service] [http-nio-8080-exec-1] o.s.security.web.FilterChainProxy        : Securing GET /api/users/31
2026-03-18T10:41:42.686+05:30 DEBUG 3952 --- [user-service] [http-nio-8080-exec-1] o.s.s.w.a.AnonymousAuthenticationFilter  : Set SecurityContextHolder to anonymous SecurityContext
2026-03-18T10:41:42.686+05:30 DEBUG 3952 --- [user-service] [http-nio-8080-exec-1] o.s.security.web.FilterChainProxy        : Secured GET /api/users/31
2026-03-18T10:41:44.137+05:30 DEBUG 3952 --- [user-service] [http-nio-8080-exec-7] o.s.security.web.FilterChainProxy        : Securing GET /api/users/32
2026-03-18T10:41:44.137+05:30 DEBUG 3952 --- [user-service] [http-nio-8080-exec-7] o.s.s.w.a.AnonymousAuthenticationFilter  : Set SecurityContextHolder to anonymous SecurityContext
2026-03-18T10:41:44.137+05:30 DEBUG 3952 --- [user-service] [http-nio-8080-exec-7] o.s.security.web.FilterChainProxy        : Secured GET /api/users/32
2026-03-18T10:43:27.880+05:30  INFO 3952 --- [user-service] [AsyncResolver-bootstrap-executor-0] c.n.d.s.r.aws.ConfigClusterResolver      : Resolving eureka endpoints via configuration
2026-03-18T10:44:37.437+05:30 DEBUG 3952 --- [user-service] [http-nio-8080-exec-4] o.s.security.web.FilterChainProxy        : Securing POST /api/auth/login
2026-03-18T10:44:37.439+05:30 DEBUG 3952 --- [user-service] [http-nio-8080-exec-4] o.s.s.w.a.AnonymousAuthenticationFilter  : Set SecurityContextHolder to anonymous SecurityContext
2026-03-18T10:44:37.441+05:30 DEBUG 3952 --- [user-service] [http-nio-8080-exec-4] o.s.security.web.FilterChainProxy        : Secured POST /api/auth/login
2026-03-18T10:44:37.701+05:30 DEBUG 3952 --- [user-service] [http-nio-8080-exec-6] o.s.security.web.FilterChainProxy        : Securing GET /api/users/32
2026-03-18T10:44:37.702+05:30 DEBUG 3952 --- [user-service] [http-nio-8080-exec-6] o.s.s.w.a.AnonymousAuthenticationFilter  : Set SecurityContextHolder to anonymous SecurityContext
2026-03-18T10:44:37.704+05:30 DEBUG 3952 --- [user-service] [http-nio-8080-exec-6] o.s.security.web.FilterChainProxy        : Secured GET /api/users/32
2026-03-18T10:44:37.753+05:30 DEBUG 3952 --- [user-service] [http-nio-8080-exec-8] o.s.security.web.FilterChainProxy        : Securing GET /api/users/32
2026-03-18T10:44:37.753+05:30 DEBUG 3952 --- [user-service] [http-nio-8080-exec-8] o.s.s.w.a.AnonymousAuthenticationFilter  : Set SecurityContextHolder to anonymous SecurityContext
2026-03-18T10:44:37.759+05:30 DEBUG 3952 --- [user-service] [http-nio-8080-exec-8] o.s.security.web.FilterChainProxy        : Secured GET /api/users/32
2026-03-18T10:47:05.259+05:30 DEBUG 3952 --- [user-service] [http-nio-8080-exec-10] o.s.security.web.FilterChainProxy        : Securing GET /api/users/32
2026-03-18T10:47:05.259+05:30 DEBUG 3952 --- [user-service] [http-nio-8080-exec-10] o.s.s.w.a.AnonymousAuthenticationFilter  : Set SecurityContextHolder to anonymous SecurityContext
2026-03-18T10:47:05.264+05:30 DEBUG 3952 --- [user-service] [http-nio-8080-exec-10] o.s.security.web.FilterChainProxy        : Secured GET /api/users/32
2026-03-18T10:47:05.350+05:30 DEBUG 3952 --- [user-service] [http-nio-8080-exec-2] o.s.security.web.FilterChainProxy        : Securing GET /api/users/32
2026-03-18T10:47:05.353+05:30 DEBUG 3952 --- [user-service] [http-nio-8080-exec-2] o.s.s.w.a.AnonymousAuthenticationFilter  : Set SecurityContextHolder to anonymous SecurityContext
2026-03-18T10:47:05.357+05:30 DEBUG 3952 --- [user-service] [http-nio-8080-exec-2] o.s.security.web.FilterChainProxy        : Secured GET /api/users/32
2026-03-18T10:48:27.895+05:30  INFO 3952 --- [user-service] [AsyncResolver-bootstrap-executor-0] c.n.d.s.r.aws.ConfigClusterResolver      : Resolving eureka endpoints via configuration
2026-03-18T10:53:27.909+05:30  INFO 3952 --- [user-service] [AsyncResolver-bootstrap-executor-0] c.n.d.s.r.aws.ConfigClusterResolver      : Resolving eureka endpoints via configuration
2026-03-18T10:58:27.921+05:30  INFO 3952 --- [user-service] [AsyncResolver-bootstrap-executor-0] c.n.d.s.r.aws.ConfigClusterResolver      : Resolving eureka endpoints via configuration
2026-03-18T11:00:25.037+05:30 DEBUG 3952 --- [user-service] [http-nio-8080-exec-1] o.s.security.web.FilterChainProxy        : Securing GET /api/users/32
2026-03-18T11:00:25.041+05:30 DEBUG 3952 --- [user-service] [http-nio-8080-exec-1] o.s.s.w.a.AnonymousAuthenticationFilter  : Set SecurityContextHolder to anonymous SecurityContext
2026-03-18T11:00:25.045+05:30 DEBUG 3952 --- [user-service] [http-nio-8080-exec-1] o.s.security.web.FilterChainProxy        : Secured GET /api/users/32
2026-03-18T11:00:25.092+05:30 DEBUG 3952 --- [user-service] [http-nio-8080-exec-7] o.s.security.web.FilterChainProxy        : Securing GET /api/users/32
2026-03-18T11:00:25.094+05:30 DEBUG 3952 --- [user-service] [http-nio-8080-exec-7] o.s.s.w.a.AnonymousAuthenticationFilter  : Set SecurityContextHolder to anonymous SecurityContext
2026-03-18T11:00:25.098+05:30 DEBUG 3952 --- [user-service] [http-nio-8080-exec-7] o.s.security.web.FilterChainProxy        : Secured GET /api/users/32
2026-03-18T11:00:38.166+05:30 DEBUG 3952 --- [user-service] [http-nio-8080-exec-5] o.s.security.web.FilterChainProxy        : Securing GET /api/users/32
2026-03-18T11:00:38.166+05:30 DEBUG 3952 --- [user-service] [http-nio-8080-exec-5] o.s.s.w.a.AnonymousAuthenticationFilter  : Set SecurityContextHolder to anonymous SecurityContext
2026-03-18T11:00:38.166+05:30 DEBUG 3952 --- [user-service] [http-nio-8080-exec-5] o.s.security.web.FilterChainProxy        : Secured GET /api/users/32
2026-03-18T11:00:38.244+05:30 DEBUG 3952 --- [user-service] [http-nio-8080-exec-4] o.s.security.web.FilterChainProxy        : Securing GET /api/users/32
2026-03-18T11:00:38.245+05:30 DEBUG 3952 --- [user-service] [http-nio-8080-exec-4] o.s.s.w.a.AnonymousAuthenticationFilter  : Set SecurityContextHolder to anonymous SecurityContext
2026-03-18T11:00:38.245+05:30 DEBUG 3952 --- [user-service] [http-nio-8080-exec-4] o.s.security.web.FilterChainProxy        : Secured GET /api/users/32
2026-03-18T11:03:27.937+05:30  INFO 3952 --- [user-service] [AsyncResolver-bootstrap-executor-0] c.n.d.s.r.aws.ConfigClusterResolver      : Resolving eureka endpoints via configuration
2026-03-18T11:06:35.685+05:30 DEBUG 3952 --- [user-service] [http-nio-8080-exec-8] o.s.security.web.FilterChainProxy        : Securing GET /api/users/32
2026-03-18T11:06:35.685+05:30 DEBUG 3952 --- [user-service] [http-nio-8080-exec-8] o.s.s.w.a.AnonymousAuthenticationFilter  : Set SecurityContextHolder to anonymous SecurityContext
2026-03-18T11:06:35.690+05:30 DEBUG 3952 --- [user-service] [http-nio-8080-exec-8] o.s.security.web.FilterChainProxy        : Secured GET /api/users/32
2026-03-18T11:06:35.740+05:30 DEBUG 3952 --- [user-service] [http-nio-8080-exec-9] o.s.security.web.FilterChainProxy        : Securing GET /api/users/32
2026-03-18T11:06:35.740+05:30 DEBUG 3952 --- [user-service] [http-nio-8080-exec-9] o.s.s.w.a.AnonymousAuthenticationFilter  : Set SecurityContextHolder to anonymous SecurityContext
2026-03-18T11:06:35.750+05:30 DEBUG 3952 --- [user-service] [http-nio-8080-exec-9] o.s.security.web.FilterChainProxy        : Secured GET /api/users/32
2026-03-18T11:08:27.962+05:30  INFO 3952 --- [user-service] [AsyncResolver-bootstrap-executor-0] c.n.d.s.r.aws.ConfigClusterResolver      : Resolving eureka endpoints via configuration
2026-03-18T11:11:09.271+05:30 DEBUG 3952 --- [user-service] [http-nio-8080-exec-2] o.s.security.web.FilterChainProxy        : Securing GET /api/users/32
2026-03-18T11:11:09.274+05:30 DEBUG 3952 --- [user-service] [http-nio-8080-exec-2] o.s.s.w.a.AnonymousAuthenticationFilter  : Set SecurityContextHolder to anonymous SecurityContext
2026-03-18T11:11:09.276+05:30 DEBUG 3952 --- [user-service] [http-nio-8080-exec-2] o.s.security.web.FilterChainProxy        : Secured GET /api/users/32
2026-03-18T11:11:09.314+05:30 DEBUG 3952 --- [user-service] [http-nio-8080-exec-3] o.s.security.web.FilterChainProxy        : Securing GET /api/users/32
2026-03-18T11:11:09.315+05:30 DEBUG 3952 --- [user-service] [http-nio-8080-exec-3] o.s.s.w.a.AnonymousAuthenticationFilter  : Set SecurityContextHolder to anonymous SecurityContext
2026-03-18T11:11:09.320+05:30 DEBUG 3952 --- [user-service] [http-nio-8080-exec-3] o.s.security.web.FilterChainProxy        : Secured GET /api/users/32
2026-03-18T11:13:27.983+05:30  INFO 3952 --- [user-service] [AsyncResolver-bootstrap-executor-0] c.n.d.s.r.aws.ConfigClusterResolver      : Resolving eureka endpoints via configuration
2026-03-18T11:18:28.001+05:30  INFO 3952 --- [user-service] [AsyncResolver-bootstrap-executor-0] c.n.d.s.r.aws.ConfigClusterResolver      : Resolving eureka endpoints via configuration
2026-03-18T11:19:08.576+05:30 DEBUG 3952 --- [user-service] [http-nio-8080-exec-7] o.s.security.web.FilterChainProxy        : Securing POST /api/users/logout
2026-03-18T11:19:08.576+05:30 DEBUG 3952 --- [user-service] [http-nio-8080-exec-7] o.s.s.w.a.AnonymousAuthenticationFilter  : Set SecurityContextHolder to anonymous SecurityContext
2026-03-18T11:19:08.576+05:30 DEBUG 3952 --- [user-service] [http-nio-8080-exec-7] o.s.security.web.FilterChainProxy        : Secured POST /api/users/logout
2026-03-18T11:23:28.005+05:30  INFO 3952 --- [user-service] [AsyncResolver-bootstrap-executor-0] c.n.d.s.r.aws.ConfigClusterResolver      : Resolving eureka endpoints via configuration
2026-03-18T11:26:43.874+05:30 DEBUG 3952 --- [user-service] [http-nio-8080-exec-4] o.s.security.web.FilterChainProxy        : Securing POST /api/auth/login
2026-03-18T11:26:43.874+05:30 DEBUG 3952 --- [user-service] [http-nio-8080-exec-4] o.s.s.w.a.AnonymousAuthenticationFilter  : Set SecurityContextHolder to anonymous SecurityContext
2026-03-18T11:26:43.877+05:30 DEBUG 3952 --- [user-service] [http-nio-8080-exec-4] o.s.security.web.FilterChainProxy        : Secured POST /api/auth/login
2026-03-18T11:26:44.557+05:30 DEBUG 3952 --- [user-service] [http-nio-8080-exec-6] o.s.security.web.FilterChainProxy        : Securing GET /api/users/31
2026-03-18T11:26:44.557+05:30 DEBUG 3952 --- [user-service] [http-nio-8080-exec-6] o.s.s.w.a.AnonymousAuthenticationFilter  : Set SecurityContextHolder to anonymous SecurityContext
2026-03-18T11:26:44.560+05:30 DEBUG 3952 --- [user-service] [http-nio-8080-exec-6] o.s.security.web.FilterChainProxy        : Secured GET /api/users/31
2026-03-18T11:26:44.711+05:30 DEBUG 3952 --- [user-service] [http-nio-8080-exec-8] o.s.security.web.FilterChainProxy        : Securing GET /api/users/31
2026-03-18T11:26:44.712+05:30 DEBUG 3952 --- [user-service] [http-nio-8080-exec-8] o.s.s.w.a.AnonymousAuthenticationFilter  : Set SecurityContextHolder to anonymous SecurityContext
2026-03-18T11:26:44.714+05:30 DEBUG 3952 --- [user-service] [http-nio-8080-exec-8] o.s.security.web.FilterChainProxy        : Secured GET /api/users/31
2026-03-18T11:26:44.907+05:30 DEBUG 3952 --- [user-service] [http-nio-8080-exec-9] o.s.security.web.FilterChainProxy        : Securing GET /api/users/31
2026-03-18T11:26:44.909+05:30 DEBUG 3952 --- [user-service] [http-nio-8080-exec-9] o.s.s.w.a.AnonymousAuthenticationFilter  : Set SecurityContextHolder to anonymous SecurityContext
2026-03-18T11:26:44.910+05:30 DEBUG 3952 --- [user-service] [http-nio-8080-exec-9] o.s.security.web.FilterChainProxy        : Secured GET /api/users/31
2026-03-18T11:26:45.386+05:30 DEBUG 3952 --- [user-service] [http-nio-8080-exec-10] o.s.security.web.FilterChainProxy        : Securing GET /api/users/32
2026-03-18T11:26:45.386+05:30 DEBUG 3952 --- [user-service] [http-nio-8080-exec-10] o.s.s.w.a.AnonymousAuthenticationFilter  : Set SecurityContextHolder to anonymous SecurityContext
2026-03-18T11:26:45.386+05:30 DEBUG 3952 --- [user-service] [http-nio-8080-exec-10] o.s.security.web.FilterChainProxy        : Secured GET /api/users/32
2026-03-18T11:28:28.019+05:30  INFO 3952 --- [user-service] [AsyncResolver-bootstrap-executor-0] c.n.d.s.r.aws.ConfigClusterResolver      : Resolving eureka endpoints via configuration
2026-03-18T11:33:28.024+05:30  INFO 3952 --- [user-service] [AsyncResolver-bootstrap-executor-0] c.n.d.s.r.aws.ConfigClusterResolver      : Resolving eureka endpoints via configuration
2026-03-18T11:38:28.042+05:30  INFO 3952 --- [user-service] [AsyncResolver-bootstrap-executor-0] c.n.d.s.r.aws.ConfigClusterResolver      : Resolving eureka endpoints via configuration
2026-03-18T11:43:28.058+05:30  INFO 3952 --- [user-service] [AsyncResolver-bootstrap-executor-0] c.n.d.s.r.aws.ConfigClusterResolver      : Resolving eureka endpoints via configuration
2026-03-18T11:45:16.997+05:30 DEBUG 3952 --- [user-service] [http-nio-8080-exec-3] o.s.security.web.FilterChainProxy        : Securing POST /api/auth/login
2026-03-18T11:45:17.001+05:30 DEBUG 3952 --- [user-service] [http-nio-8080-exec-3] o.s.s.w.a.AnonymousAuthenticationFilter  : Set SecurityContextHolder to anonymous SecurityContext
2026-03-18T11:45:17.005+05:30 DEBUG 3952 --- [user-service] [http-nio-8080-exec-3] o.s.security.web.FilterChainProxy        : Secured POST /api/auth/login
2026-03-18T11:45:17.285+05:30 DEBUG 3952 --- [user-service] [http-nio-8080-exec-1] o.s.security.web.FilterChainProxy        : Securing GET /api/users/31
2026-03-18T11:45:17.286+05:30 DEBUG 3952 --- [user-service] [http-nio-8080-exec-1] o.s.s.w.a.AnonymousAuthenticationFilter  : Set SecurityContextHolder to anonymous SecurityContext
2026-03-18T11:45:17.288+05:30 DEBUG 3952 --- [user-service] [http-nio-8080-exec-1] o.s.security.web.FilterChainProxy        : Secured GET /api/users/31
2026-03-18T11:45:17.330+05:30 DEBUG 3952 --- [user-service] [http-nio-8080-exec-7] o.s.security.web.FilterChainProxy        : Securing GET /api/users/31
2026-03-18T11:45:17.331+05:30 DEBUG 3952 --- [user-service] [http-nio-8080-exec-7] o.s.s.w.a.AnonymousAuthenticationFilter  : Set SecurityContextHolder to anonymous SecurityContext
2026-03-18T11:45:17.332+05:30 DEBUG 3952 --- [user-service] [http-nio-8080-exec-7] o.s.security.web.FilterChainProxy        : Secured GET /api/users/31
2026-03-18T11:45:17.415+05:30 DEBUG 3952 --- [user-service] [http-nio-8080-exec-5] o.s.security.web.FilterChainProxy        : Securing GET /api/users/31
2026-03-18T11:45:17.418+05:30 DEBUG 3952 --- [user-service] [http-nio-8080-exec-5] o.s.s.w.a.AnonymousAuthenticationFilter  : Set SecurityContextHolder to anonymous SecurityContext
2026-03-18T11:45:17.418+05:30 DEBUG 3952 --- [user-service] [http-nio-8080-exec-5] o.s.security.web.FilterChainProxy        : Secured GET /api/users/31
2026-03-18T11:45:17.797+05:30 DEBUG 3952 --- [user-service] [http-nio-8080-exec-4] o.s.security.web.FilterChainProxy        : Securing GET /api/users/32
2026-03-18T11:45:17.797+05:30 DEBUG 3952 --- [user-service] [http-nio-8080-exec-4] o.s.s.w.a.AnonymousAuthenticationFilter  : Set SecurityContextHolder to anonymous SecurityContext
2026-03-18T11:45:17.797+05:30 DEBUG 3952 --- [user-service] [http-nio-8080-exec-4] o.s.security.web.FilterChainProxy        : Secured GET /api/users/32
2026-03-18T11:48:28.073+05:30  INFO 3952 --- [user-service] [AsyncResolver-bootstrap-executor-0] c.n.d.s.r.aws.ConfigClusterResolver      : Resolving eureka endpoints via configuration
2026-03-18T11:53:28.076+05:30  INFO 3952 --- [user-service] [AsyncResolver-bootstrap-executor-0] c.n.d.s.r.aws.ConfigClusterResolver      : Resolving eureka endpoints via configuration
2026-03-18T11:56:14.600+05:30 DEBUG 3952 --- [user-service] [http-nio-8080-exec-8] o.s.security.web.FilterChainProxy        : Securing POST /api/auth/login
2026-03-18T11:56:14.603+05:30 DEBUG 3952 --- [user-service] [http-nio-8080-exec-8] o.s.s.w.a.AnonymousAuthenticationFilter  : Set SecurityContextHolder to anonymous SecurityContext
2026-03-18T11:56:14.604+05:30 DEBUG 3952 --- [user-service] [http-nio-8080-exec-8] o.s.security.web.FilterChainProxy        : Secured POST /api/auth/login
2026-03-18T11:56:14.795+05:30 DEBUG 3952 --- [user-service] [http-nio-8080-exec-9] o.s.security.web.FilterChainProxy        : Securing GET /api/users/31
2026-03-18T11:56:14.797+05:30 DEBUG 3952 --- [user-service] [http-nio-8080-exec-9] o.s.s.w.a.AnonymousAuthenticationFilter  : Set SecurityContextHolder to anonymous SecurityContext
2026-03-18T11:56:14.797+05:30 DEBUG 3952 --- [user-service] [http-nio-8080-exec-9] o.s.security.web.FilterChainProxy        : Secured GET /api/users/31
2026-03-18T11:56:14.828+05:30 DEBUG 3952 --- [user-service] [http-nio-8080-exec-10] o.s.security.web.FilterChainProxy        : Securing GET /api/users/31
2026-03-18T11:56:14.828+05:30 DEBUG 3952 --- [user-service] [http-nio-8080-exec-10] o.s.s.w.a.AnonymousAuthenticationFilter  : Set SecurityContextHolder to anonymous SecurityContext
2026-03-18T11:56:14.830+05:30 DEBUG 3952 --- [user-service] [http-nio-8080-exec-10] o.s.security.web.FilterChainProxy        : Secured GET /api/users/31
2026-03-18T11:56:14.898+05:30 DEBUG 3952 --- [user-service] [http-nio-8080-exec-2] o.s.security.web.FilterChainProxy        : Securing GET /api/users/31
2026-03-18T11:56:14.898+05:30 DEBUG 3952 --- [user-service] [http-nio-8080-exec-2] o.s.s.w.a.AnonymousAuthenticationFilter  : Set SecurityContextHolder to anonymous SecurityContext
2026-03-18T11:56:14.900+05:30 DEBUG 3952 --- [user-service] [http-nio-8080-exec-2] o.s.security.web.FilterChainProxy        : Secured GET /api/users/31
2026-03-18T11:56:15.330+05:30 DEBUG 3952 --- [user-service] [http-nio-8080-exec-3] o.s.security.web.FilterChainProxy        : Securing GET /api/users/32
2026-03-18T11:56:15.330+05:30 DEBUG 3952 --- [user-service] [http-nio-8080-exec-3] o.s.s.w.a.AnonymousAuthenticationFilter  : Set SecurityContextHolder to anonymous SecurityContext
2026-03-18T11:56:15.334+05:30 DEBUG 3952 --- [user-service] [http-nio-8080-exec-3] o.s.security.web.FilterChainProxy        : Secured GET /api/users/32
2026-03-18T11:58:28.095+05:30  INFO 3952 --- [user-service] [AsyncResolver-bootstrap-executor-0] c.n.d.s.r.aws.ConfigClusterResolver      : Resolving eureka endpoints via configuration
2026-03-18T12:01:55.141+05:30 DEBUG 3952 --- [user-service] [http-nio-8080-exec-7] o.s.security.web.FilterChainProxy        : Securing POST /api/auth/login
2026-03-18T12:01:55.142+05:30 DEBUG 3952 --- [user-service] [http-nio-8080-exec-7] o.s.s.w.a.AnonymousAuthenticationFilter  : Set SecurityContextHolder to anonymous SecurityContext
2026-03-18T12:01:55.143+05:30 DEBUG 3952 --- [user-service] [http-nio-8080-exec-7] o.s.security.web.FilterChainProxy        : Secured POST /api/auth/login
2026-03-18T12:01:55.374+05:30 DEBUG 3952 --- [user-service] [http-nio-8080-exec-5] o.s.security.web.FilterChainProxy        : Securing GET /api/users/32
2026-03-18T12:01:55.374+05:30 DEBUG 3952 --- [user-service] [http-nio-8080-exec-5] o.s.s.w.a.AnonymousAuthenticationFilter  : Set SecurityContextHolder to anonymous SecurityContext
2026-03-18T12:01:55.376+05:30 DEBUG 3952 --- [user-service] [http-nio-8080-exec-5] o.s.security.web.FilterChainProxy        : Secured GET /api/users/32
2026-03-18T12:01:55.413+05:30 DEBUG 3952 --- [user-service] [http-nio-8080-exec-4] o.s.security.web.FilterChainProxy        : Securing GET /api/users/32
2026-03-18T12:01:55.414+05:30 DEBUG 3952 --- [user-service] [http-nio-8080-exec-4] o.s.s.w.a.AnonymousAuthenticationFilter  : Set SecurityContextHolder to anonymous SecurityContext
2026-03-18T12:01:55.421+05:30 DEBUG 3952 --- [user-service] [http-nio-8080-exec-4] o.s.security.web.FilterChainProxy        : Secured GET /api/users/32
2026-03-18T12:03:28.102+05:30  INFO 3952 --- [user-service] [AsyncResolver-bootstrap-executor-0] c.n.d.s.r.aws.ConfigClusterResolver      : Resolving eureka endpoints via configuration
2026-03-18T12:08:28.116+05:30  INFO 3952 --- [user-service] [AsyncResolver-bootstrap-executor-0] c.n.d.s.r.aws.ConfigClusterResolver      : Resolving eureka endpoints via configuration
2026-03-18T12:13:28.132+05:30  INFO 3952 --- [user-service] [AsyncResolver-bootstrap-executor-0] c.n.d.s.r.aws.ConfigClusterResolver      : Resolving eureka endpoints via configuration
2026-03-18T12:18:28.152+05:30  INFO 3952 --- [user-service] [AsyncResolver-bootstrap-executor-0] c.n.d.s.r.aws.ConfigClusterResolver      : Resolving eureka endpoints via configuration
2026-03-18T12:21:20.257+05:30 DEBUG 3952 --- [user-service] [http-nio-8080-exec-8] o.s.security.web.FilterChainProxy        : Securing POST /api/auth/login
2026-03-18T12:21:20.257+05:30 DEBUG 3952 --- [user-service] [http-nio-8080-exec-8] o.s.s.w.a.AnonymousAuthenticationFilter  : Set SecurityContextHolder to anonymous SecurityContext
2026-03-18T12:21:20.259+05:30 DEBUG 3952 --- [user-service] [http-nio-8080-exec-8] o.s.security.web.FilterChainProxy        : Secured POST /api/auth/login
2026-03-18T12:21:20.624+05:30 DEBUG 3952 --- [user-service] [http-nio-8080-exec-9] o.s.security.web.FilterChainProxy        : Securing GET /api/users/31
2026-03-18T12:21:20.624+05:30 DEBUG 3952 --- [user-service] [http-nio-8080-exec-9] o.s.s.w.a.AnonymousAuthenticationFilter  : Set SecurityContextHolder to anonymous SecurityContext
2026-03-18T12:21:20.633+05:30 DEBUG 3952 --- [user-service] [http-nio-8080-exec-9] o.s.security.web.FilterChainProxy        : Secured GET /api/users/31
2026-03-18T12:21:20.772+05:30 DEBUG 3952 --- [user-service] [http-nio-8080-exec-10] o.s.security.web.FilterChainProxy        : Securing GET /api/users/31
2026-03-18T12:21:20.772+05:30 DEBUG 3952 --- [user-service] [http-nio-8080-exec-10] o.s.s.w.a.AnonymousAuthenticationFilter  : Set SecurityContextHolder to anonymous SecurityContext
2026-03-18T12:21:20.774+05:30 DEBUG 3952 --- [user-service] [http-nio-8080-exec-10] o.s.security.web.FilterChainProxy        : Secured GET /api/users/31
2026-03-18T12:21:20.963+05:30 DEBUG 3952 --- [user-service] [http-nio-8080-exec-2] o.s.security.web.FilterChainProxy        : Securing GET /api/users/31
2026-03-18T12:21:20.963+05:30 DEBUG 3952 --- [user-service] [http-nio-8080-exec-2] o.s.s.w.a.AnonymousAuthenticationFilter  : Set SecurityContextHolder to anonymous SecurityContext
2026-03-18T12:21:20.970+05:30 DEBUG 3952 --- [user-service] [http-nio-8080-exec-2] o.s.security.web.FilterChainProxy        : Secured GET /api/users/31
2026-03-18T12:21:22.562+05:30 DEBUG 3952 --- [user-service] [http-nio-8080-exec-3] o.s.security.web.FilterChainProxy        : Securing GET /api/users/32
2026-03-18T12:21:22.570+05:30 DEBUG 3952 --- [user-service] [http-nio-8080-exec-3] o.s.s.w.a.AnonymousAuthenticationFilter  : Set SecurityContextHolder to anonymous SecurityContext
2026-03-18T12:21:22.570+05:30 DEBUG 3952 --- [user-service] [http-nio-8080-exec-3] o.s.security.web.FilterChainProxy        : Secured GET /api/users/32
2026-03-18T12:23:28.160+05:30  INFO 3952 --- [user-service] [AsyncResolver-bootstrap-executor-0] c.n.d.s.r.aws.ConfigClusterResolver      : Resolving eureka endpoints via configuration
2026-03-18T12:28:28.178+05:30  INFO 3952 --- [user-service] [AsyncResolver-bootstrap-executor-0] c.n.d.s.r.aws.ConfigClusterResolver      : Resolving eureka endpoints via configuration
2026-03-18T12:29:51.163+05:30 DEBUG 3952 --- [user-service] [http-nio-8080-exec-7] o.s.security.web.FilterChainProxy        : Securing POST /api/auth/login
2026-03-18T12:29:51.172+05:30 DEBUG 3952 --- [user-service] [http-nio-8080-exec-7] o.s.s.w.a.AnonymousAuthenticationFilter  : Set SecurityContextHolder to anonymous SecurityContext
2026-03-18T12:29:51.174+05:30 DEBUG 3952 --- [user-service] [http-nio-8080-exec-7] o.s.security.web.FilterChainProxy        : Secured POST /api/auth/login
2026-03-18T12:29:51.456+05:30 DEBUG 3952 --- [user-service] [http-nio-8080-exec-5] o.s.security.web.FilterChainProxy        : Securing GET /api/users/31
2026-03-18T12:29:51.458+05:30 DEBUG 3952 --- [user-service] [http-nio-8080-exec-5] o.s.s.w.a.AnonymousAuthenticationFilter  : Set SecurityContextHolder to anonymous SecurityContext
2026-03-18T12:29:51.460+05:30 DEBUG 3952 --- [user-service] [http-nio-8080-exec-5] o.s.security.web.FilterChainProxy        : Secured GET /api/users/31
2026-03-18T12:29:51.587+05:30 DEBUG 3952 --- [user-service] [http-nio-8080-exec-4] o.s.security.web.FilterChainProxy        : Securing GET /api/users/31
2026-03-18T12:29:51.587+05:30 DEBUG 3952 --- [user-service] [http-nio-8080-exec-4] o.s.s.w.a.AnonymousAuthenticationFilter  : Set SecurityContextHolder to anonymous SecurityContext
2026-03-18T12:29:51.593+05:30 DEBUG 3952 --- [user-service] [http-nio-8080-exec-4] o.s.security.web.FilterChainProxy        : Secured GET /api/users/31
2026-03-18T12:29:51.784+05:30 DEBUG 3952 --- [user-service] [http-nio-8080-exec-6] o.s.security.web.FilterChainProxy        : Securing GET /api/users/31
2026-03-18T12:29:51.787+05:30 DEBUG 3952 --- [user-service] [http-nio-8080-exec-6] o.s.s.w.a.AnonymousAuthenticationFilter  : Set SecurityContextHolder to anonymous SecurityContext
2026-03-18T12:29:51.790+05:30 DEBUG 3952 --- [user-service] [http-nio-8080-exec-6] o.s.security.web.FilterChainProxy        : Secured GET /api/users/31
2026-03-18T12:29:53.044+05:30 DEBUG 3952 --- [user-service] [http-nio-8080-exec-8] o.s.security.web.FilterChainProxy        : Securing GET /api/users/32
2026-03-18T12:29:53.044+05:30 DEBUG 3952 --- [user-service] [http-nio-8080-exec-8] o.s.s.w.a.AnonymousAuthenticationFilter  : Set SecurityContextHolder to anonymous SecurityContext
2026-03-18T12:29:53.044+05:30 DEBUG 3952 --- [user-service] [http-nio-8080-exec-8] o.s.security.web.FilterChainProxy        : Secured GET /api/users/32
2026-03-18T12:33:28.193+05:30  INFO 3952 --- [user-service] [AsyncResolver-bootstrap-executor-0] c.n.d.s.r.aws.ConfigClusterResolver      : Resolving eureka endpoints via configuration
2026-03-18T12:36:39.937+05:30 DEBUG 3952 --- [user-service] [http-nio-8080-exec-10] o.s.security.web.FilterChainProxy        : Securing POST /api/auth/login
2026-03-18T12:36:39.939+05:30 DEBUG 3952 --- [user-service] [http-nio-8080-exec-10] o.s.s.w.a.AnonymousAuthenticationFilter  : Set SecurityContextHolder to anonymous SecurityContext
2026-03-18T12:36:39.940+05:30 DEBUG 3952 --- [user-service] [http-nio-8080-exec-10] o.s.security.web.FilterChainProxy        : Secured POST /api/auth/login
2026-03-18T12:36:40.160+05:30 DEBUG 3952 --- [user-service] [http-nio-8080-exec-2] o.s.security.web.FilterChainProxy        : Securing GET /api/users/32
2026-03-18T12:36:40.161+05:30 DEBUG 3952 --- [user-service] [http-nio-8080-exec-2] o.s.s.w.a.AnonymousAuthenticationFilter  : Set SecurityContextHolder to anonymous SecurityContext
2026-03-18T12:36:40.163+05:30 DEBUG 3952 --- [user-service] [http-nio-8080-exec-2] o.s.security.web.FilterChainProxy        : Secured GET /api/users/32
2026-03-18T12:36:40.206+05:30 DEBUG 3952 --- [user-service] [http-nio-8080-exec-3] o.s.security.web.FilterChainProxy        : Securing GET /api/users/32
2026-03-18T12:36:40.208+05:30 DEBUG 3952 --- [user-service] [http-nio-8080-exec-3] o.s.s.w.a.AnonymousAuthenticationFilter  : Set SecurityContextHolder to anonymous SecurityContext
2026-03-18T12:36:40.210+05:30 DEBUG 3952 --- [user-service] [http-nio-8080-exec-3] o.s.security.web.FilterChainProxy        : Secured GET /api/users/32
2026-03-18T12:38:28.211+05:30  INFO 3952 --- [user-service] [AsyncResolver-bootstrap-executor-0] c.n.d.s.r.aws.ConfigClusterResolver      : Resolving eureka endpoints via configuration
2026-03-18T12:42:20.771+05:30 DEBUG 3952 --- [user-service] [http-nio-8080-exec-7] o.s.security.web.FilterChainProxy        : Securing GET /api/users/32
2026-03-18T12:42:20.776+05:30 DEBUG 3952 --- [user-service] [http-nio-8080-exec-7] o.s.s.w.a.AnonymousAuthenticationFilter  : Set SecurityContextHolder to anonymous SecurityContext
2026-03-18T12:42:20.776+05:30 DEBUG 3952 --- [user-service] [http-nio-8080-exec-7] o.s.security.web.FilterChainProxy        : Secured GET /api/users/32
2026-03-18T12:42:20.821+05:30 DEBUG 3952 --- [user-service] [http-nio-8080-exec-5] o.s.security.web.FilterChainProxy        : Securing GET /api/users/32
2026-03-18T12:42:20.823+05:30 DEBUG 3952 --- [user-service] [http-nio-8080-exec-5] o.s.s.w.a.AnonymousAuthenticationFilter  : Set SecurityContextHolder to anonymous SecurityContext
2026-03-18T12:42:20.828+05:30 DEBUG 3952 --- [user-service] [http-nio-8080-exec-5] o.s.security.web.FilterChainProxy        : Secured GET /api/users/32
2026-03-18T12:43:28.226+05:30  INFO 3952 --- [user-service] [AsyncResolver-bootstrap-executor-0] c.n.d.s.r.aws.ConfigClusterResolver      : Resolving eureka endpoints via configuration
2026-03-18T12:45:05.992+05:30 DEBUG 3952 --- [user-service] [http-nio-8080-exec-6] o.s.security.web.FilterChainProxy        : Securing POST /api/auth/login
2026-03-18T12:45:05.998+05:30 DEBUG 3952 --- [user-service] [http-nio-8080-exec-6] o.s.s.w.a.AnonymousAuthenticationFilter  : Set SecurityContextHolder to anonymous SecurityContext
2026-03-18T12:45:05.998+05:30 DEBUG 3952 --- [user-service] [http-nio-8080-exec-6] o.s.security.web.FilterChainProxy        : Secured POST /api/auth/login
2026-03-18T12:45:06.311+05:30 DEBUG 3952 --- [user-service] [http-nio-8080-exec-8] o.s.security.web.FilterChainProxy        : Securing GET /api/users/32
2026-03-18T12:45:06.314+05:30 DEBUG 3952 --- [user-service] [http-nio-8080-exec-8] o.s.s.w.a.AnonymousAuthenticationFilter  : Set SecurityContextHolder to anonymous SecurityContext
2026-03-18T12:45:06.314+05:30 DEBUG 3952 --- [user-service] [http-nio-8080-exec-8] o.s.security.web.FilterChainProxy        : Secured GET /api/users/32
2026-03-18T12:45:06.434+05:30 DEBUG 3952 --- [user-service] [http-nio-8080-exec-9] o.s.security.web.FilterChainProxy        : Securing GET /api/users/32
2026-03-18T12:45:06.436+05:30 DEBUG 3952 --- [user-service] [http-nio-8080-exec-9] o.s.s.w.a.AnonymousAuthenticationFilter  : Set SecurityContextHolder to anonymous SecurityContext
2026-03-18T12:45:06.438+05:30 DEBUG 3952 --- [user-service] [http-nio-8080-exec-9] o.s.security.web.FilterChainProxy        : Secured GET /api/users/32
2026-03-18T12:46:13.369+05:30 DEBUG 3952 --- [user-service] [http-nio-8080-exec-2] o.s.security.web.FilterChainProxy        : Securing GET /api/users/32
2026-03-18T12:46:13.373+05:30 DEBUG 3952 --- [user-service] [http-nio-8080-exec-2] o.s.s.w.a.AnonymousAuthenticationFilter  : Set SecurityContextHolder to anonymous SecurityContext
2026-03-18T12:46:13.374+05:30 DEBUG 3952 --- [user-service] [http-nio-8080-exec-2] o.s.security.web.FilterChainProxy        : Secured GET /api/users/32
2026-03-18T12:46:13.414+05:30 DEBUG 3952 --- [user-service] [http-nio-8080-exec-3] o.s.security.web.FilterChainProxy        : Securing GET /api/users/32
2026-03-18T12:46:13.414+05:30 DEBUG 3952 --- [user-service] [http-nio-8080-exec-3] o.s.s.w.a.AnonymousAuthenticationFilter  : Set SecurityContextHolder to anonymous SecurityContext
2026-03-18T12:46:13.418+05:30 DEBUG 3952 --- [user-service] [http-nio-8080-exec-3] o.s.security.web.FilterChainProxy        : Secured GET /api/users/32
2026-03-18T12:48:28.233+05:30  INFO 3952 --- [user-service] [AsyncResolver-bootstrap-executor-0] c.n.d.s.r.aws.ConfigClusterResolver      : Resolving eureka endpoints via configuration
2026-03-18T12:53:23.603+05:30 DEBUG 3952 --- [user-service] [http-nio-8080-exec-7] o.s.security.web.FilterChainProxy        : Securing GET /api/users/32
2026-03-18T12:53:23.604+05:30 DEBUG 3952 --- [user-service] [http-nio-8080-exec-7] o.s.s.w.a.AnonymousAuthenticationFilter  : Set SecurityContextHolder to anonymous SecurityContext
2026-03-18T12:53:23.607+05:30 DEBUG 3952 --- [user-service] [http-nio-8080-exec-7] o.s.security.web.FilterChainProxy        : Secured GET /api/users/32
2026-03-18T12:53:23.649+05:30 DEBUG 3952 --- [user-service] [http-nio-8080-exec-5] o.s.security.web.FilterChainProxy        : Securing GET /api/users/32
2026-03-18T12:53:23.650+05:30 DEBUG 3952 --- [user-service] [http-nio-8080-exec-5] o.s.s.w.a.AnonymousAuthenticationFilter  : Set SecurityContextHolder to anonymous SecurityContext
2026-03-18T12:53:23.652+05:30 DEBUG 3952 --- [user-service] [http-nio-8080-exec-5] o.s.security.web.FilterChainProxy        : Secured GET /api/users/32
2026-03-18T12:53:28.255+05:30  INFO 3952 --- [user-service] [AsyncResolver-bootstrap-executor-0] c.n.d.s.r.aws.ConfigClusterResolver      : Resolving eureka endpoints via configuration
2026-03-18T12:58:28.262+05:30  INFO 3952 --- [user-service] [AsyncResolver-bootstrap-executor-0] c.n.d.s.r.aws.ConfigClusterResolver      : Resolving eureka endpoints via configuration
2026-03-18T12:59:41.069+05:30 DEBUG 3952 --- [user-service] [http-nio-8080-exec-6] o.s.security.web.FilterChainProxy        : Securing POST /api/auth/login
2026-03-18T12:59:41.073+05:30 DEBUG 3952 --- [user-service] [http-nio-8080-exec-6] o.s.s.w.a.AnonymousAuthenticationFilter  : Set SecurityContextHolder to anonymous SecurityContext
2026-03-18T12:59:41.073+05:30 DEBUG 3952 --- [user-service] [http-nio-8080-exec-6] o.s.security.web.FilterChainProxy        : Secured POST /api/auth/login
2026-03-18T12:59:41.400+05:30 DEBUG 3952 --- [user-service] [http-nio-8080-exec-8] o.s.security.web.FilterChainProxy        : Securing GET /api/users/32
2026-03-18T12:59:41.400+05:30 DEBUG 3952 --- [user-service] [http-nio-8080-exec-8] o.s.s.w.a.AnonymousAuthenticationFilter  : Set SecurityContextHolder to anonymous SecurityContext
2026-03-18T12:59:41.402+05:30 DEBUG 3952 --- [user-service] [http-nio-8080-exec-8] o.s.security.web.FilterChainProxy        : Secured GET /api/users/32
2026-03-18T12:59:41.442+05:30 DEBUG 3952 --- [user-service] [http-nio-8080-exec-9] o.s.security.web.FilterChainProxy        : Securing GET /api/users/32
2026-03-18T12:59:41.445+05:30 DEBUG 3952 --- [user-service] [http-nio-8080-exec-9] o.s.s.w.a.AnonymousAuthenticationFilter  : Set SecurityContextHolder to anonymous SecurityContext
2026-03-18T12:59:41.447+05:30 DEBUG 3952 --- [user-service] [http-nio-8080-exec-9] o.s.security.web.FilterChainProxy        : Secured GET /api/users/32
2026-03-18T13:01:13.784+05:30 DEBUG 3952 --- [user-service] [http-nio-8080-exec-3] o.s.security.web.FilterChainProxy        : Securing GET /api/users/32
2026-03-18T13:01:13.786+05:30 DEBUG 3952 --- [user-service] [http-nio-8080-exec-3] o.s.s.w.a.AnonymousAuthenticationFilter  : Set SecurityContextHolder to anonymous SecurityContext
2026-03-18T13:01:13.786+05:30 DEBUG 3952 --- [user-service] [http-nio-8080-exec-3] o.s.security.web.FilterChainProxy        : Secured GET /api/users/32
2026-03-18T13:01:13.842+05:30 DEBUG 3952 --- [user-service] [http-nio-8080-exec-1] o.s.security.web.FilterChainProxy        : Securing GET /api/users/32
2026-03-18T13:01:13.846+05:30 DEBUG 3952 --- [user-service] [http-nio-8080-exec-1] o.s.s.w.a.AnonymousAuthenticationFilter  : Set SecurityContextHolder to anonymous SecurityContext
2026-03-18T13:01:13.850+05:30 DEBUG 3952 --- [user-service] [http-nio-8080-exec-1] o.s.security.web.FilterChainProxy        : Secured GET /api/users/32
2026-03-18T13:03:28.277+05:30  INFO 3952 --- [user-service] [AsyncResolver-bootstrap-executor-0] c.n.d.s.r.aws.ConfigClusterResolver      : Resolving eureka endpoints via configuration
2026-03-18T13:08:28.293+05:30  INFO 3952 --- [user-service] [AsyncResolver-bootstrap-executor-0] c.n.d.s.r.aws.ConfigClusterResolver      : Resolving eureka endpoints via configuration
2026-03-18T13:13:28.307+05:30  INFO 3952 --- [user-service] [AsyncResolver-bootstrap-executor-0] c.n.d.s.r.aws.ConfigClusterResolver      : Resolving eureka endpoints via configuration
2026-03-18T13:18:28.319+05:30  INFO 3952 --- [user-service] [AsyncResolver-bootstrap-executor-0] c.n.d.s.r.aws.ConfigClusterResolver      : Resolving eureka endpoints via configuration
2026-03-18T13:23:28.334+05:30  INFO 3952 --- [user-service] [AsyncResolver-bootstrap-executor-0] c.n.d.s.r.aws.ConfigClusterResolver      : Resolving eureka endpoints via configuration
2026-03-18T13:28:28.383+05:30  INFO 3952 --- [user-service] [AsyncResolver-bootstrap-executor-0] c.n.d.s.r.aws.ConfigClusterResolver      : Resolving eureka endpoints via configuration
2026-03-18T13:33:28.400+05:30  INFO 3952 --- [user-service] [AsyncResolver-bootstrap-executor-0] c.n.d.s.r.aws.ConfigClusterResolver      : Resolving eureka endpoints via configuration
2026-03-18T13:38:28.418+05:30  INFO 3952 --- [user-service] [AsyncResolver-bootstrap-executor-0] c.n.d.s.r.aws.ConfigClusterResolver      : Resolving eureka endpoints via configuration
2026-03-18T13:43:28.429+05:30  INFO 3952 --- [user-service] [AsyncResolver-bootstrap-executor-0] c.n.d.s.r.aws.ConfigClusterResolver      : Resolving eureka endpoints via configuration
2026-03-18T13:48:28.438+05:30  INFO 3952 --- [user-service] [AsyncResolver-bootstrap-executor-0] c.n.d.s.r.aws.ConfigClusterResolver      : Resolving eureka endpoints via configuration
2026-03-18T13:53:28.442+05:30  INFO 3952 --- [user-service] [AsyncResolver-bootstrap-executor-0] c.n.d.s.r.aws.ConfigClusterResolver      : Resolving eureka endpoints via configuration
2026-03-18T13:58:28.450+05:30  INFO 3952 --- [user-service] [AsyncResolver-bootstrap-executor-0] c.n.d.s.r.aws.ConfigClusterResolver      : Resolving eureka endpoints via configuration
2026-03-18T14:03:28.464+05:30  INFO 3952 --- [user-service] [AsyncResolver-bootstrap-executor-0] c.n.d.s.r.aws.ConfigClusterResolver      : Resolving eureka endpoints via configuration
2026-03-18T14:03:29.683+05:30 DEBUG 3952 --- [user-service] [http-nio-8080-exec-5] o.s.security.web.FilterChainProxy        : Securing POST /api/auth/login
2026-03-18T14:03:29.683+05:30 DEBUG 3952 --- [user-service] [http-nio-8080-exec-5] o.s.s.w.a.AnonymousAuthenticationFilter  : Set SecurityContextHolder to anonymous SecurityContext
2026-03-18T14:03:29.685+05:30 DEBUG 3952 --- [user-service] [http-nio-8080-exec-5] o.s.security.web.FilterChainProxy        : Secured POST /api/auth/login
2026-03-18T14:03:30.075+05:30 DEBUG 3952 --- [user-service] [http-nio-8080-exec-4] o.s.security.web.FilterChainProxy        : Securing GET /api/users/32
2026-03-18T14:03:30.075+05:30 DEBUG 3952 --- [user-service] [http-nio-8080-exec-4] o.s.s.w.a.AnonymousAuthenticationFilter  : Set SecurityContextHolder to anonymous SecurityContext
2026-03-18T14:03:30.078+05:30 DEBUG 3952 --- [user-service] [http-nio-8080-exec-4] o.s.security.web.FilterChainProxy        : Secured GET /api/users/32
2026-03-18T14:03:30.131+05:30 DEBUG 3952 --- [user-service] [http-nio-8080-exec-6] o.s.security.web.FilterChainProxy        : Securing GET /api/users/32
2026-03-18T14:03:30.133+05:30 DEBUG 3952 --- [user-service] [http-nio-8080-exec-6] o.s.s.w.a.AnonymousAuthenticationFilter  : Set SecurityContextHolder to anonymous SecurityContext
2026-03-18T14:03:30.135+05:30 DEBUG 3952 --- [user-service] [http-nio-8080-exec-6] o.s.security.web.FilterChainProxy        : Secured GET /api/users/32
2026-03-18T14:04:43.953+05:30 DEBUG 3952 --- [user-service] [http-nio-8080-exec-9] o.s.security.web.FilterChainProxy        : Securing GET /api/users/32
2026-03-18T14:04:43.955+05:30 DEBUG 3952 --- [user-service] [http-nio-8080-exec-9] o.s.s.w.a.AnonymousAuthenticationFilter  : Set SecurityContextHolder to anonymous SecurityContext
2026-03-18T14:04:43.955+05:30 DEBUG 3952 --- [user-service] [http-nio-8080-exec-9] o.s.security.web.FilterChainProxy        : Secured GET /api/users/32
2026-03-18T14:04:44.043+05:30 DEBUG 3952 --- [user-service] [http-nio-8080-exec-10] o.s.security.web.FilterChainProxy        : Securing GET /api/users/32
2026-03-18T14:04:44.043+05:30 DEBUG 3952 --- [user-service] [http-nio-8080-exec-10] o.s.s.w.a.AnonymousAuthenticationFilter  : Set SecurityContextHolder to anonymous SecurityContext
2026-03-18T14:04:44.050+05:30 DEBUG 3952 --- [user-service] [http-nio-8080-exec-10] o.s.security.web.FilterChainProxy        : Secured GET /api/users/32
2026-03-18T14:08:28.474+05:30  INFO 3952 --- [user-service] [AsyncResolver-bootstrap-executor-0] c.n.d.s.r.aws.ConfigClusterResolver      : Resolving eureka endpoints via configuration
2026-03-18T14:12:54.119+05:30 DEBUG 3952 --- [user-service] [http-nio-8080-exec-3] o.s.security.web.FilterChainProxy        : Securing POST /api/auth/login
2026-03-18T14:12:54.122+05:30 DEBUG 3952 --- [user-service] [http-nio-8080-exec-3] o.s.s.w.a.AnonymousAuthenticationFilter  : Set SecurityContextHolder to anonymous SecurityContext
2026-03-18T14:12:54.123+05:30 DEBUG 3952 --- [user-service] [http-nio-8080-exec-3] o.s.security.web.FilterChainProxy        : Secured POST /api/auth/login
2026-03-18T14:12:54.451+05:30 DEBUG 3952 --- [user-service] [http-nio-8080-exec-1] o.s.security.web.FilterChainProxy        : Securing GET /api/users/32
2026-03-18T14:12:54.451+05:30 DEBUG 3952 --- [user-service] [http-nio-8080-exec-1] o.s.s.w.a.AnonymousAuthenticationFilter  : Set SecurityContextHolder to anonymous SecurityContext
2026-03-18T14:12:54.452+05:30 DEBUG 3952 --- [user-service] [http-nio-8080-exec-1] o.s.security.web.FilterChainProxy        : Secured GET /api/users/32
2026-03-18T14:12:54.491+05:30 DEBUG 3952 --- [user-service] [http-nio-8080-exec-7] o.s.security.web.FilterChainProxy        : Securing GET /api/users/32
2026-03-18T14:12:54.497+05:30 DEBUG 3952 --- [user-service] [http-nio-8080-exec-7] o.s.s.w.a.AnonymousAuthenticationFilter  : Set SecurityContextHolder to anonymous SecurityContext
2026-03-18T14:12:54.502+05:30 DEBUG 3952 --- [user-service] [http-nio-8080-exec-7] o.s.security.web.FilterChainProxy        : Secured GET /api/users/32
2026-03-18T14:13:28.482+05:30  INFO 3952 --- [user-service] [AsyncResolver-bootstrap-executor-0] c.n.d.s.r.aws.ConfigClusterResolver      : Resolving eureka endpoints via configuration
2026-03-18T14:14:45.016+05:30 DEBUG 3952 --- [user-service] [http-nio-8080-exec-4] o.s.security.web.FilterChainProxy        : Securing GET /api/users/32
2026-03-18T14:14:45.018+05:30 DEBUG 3952 --- [user-service] [http-nio-8080-exec-4] o.s.s.w.a.AnonymousAuthenticationFilter  : Set SecurityContextHolder to anonymous SecurityContext
2026-03-18T14:14:45.020+05:30 DEBUG 3952 --- [user-service] [http-nio-8080-exec-4] o.s.security.web.FilterChainProxy        : Secured GET /api/users/32
2026-03-18T14:14:45.066+05:30 DEBUG 3952 --- [user-service] [http-nio-8080-exec-6] o.s.security.web.FilterChainProxy        : Securing GET /api/users/32
2026-03-18T14:14:45.067+05:30 DEBUG 3952 --- [user-service] [http-nio-8080-exec-6] o.s.s.w.a.AnonymousAuthenticationFilter  : Set SecurityContextHolder to anonymous SecurityContext
2026-03-18T14:14:45.068+05:30 DEBUG 3952 --- [user-service] [http-nio-8080-exec-6] o.s.security.web.FilterChainProxy        : Secured GET /api/users/32
2026-03-18T14:18:28.495+05:30  INFO 3952 --- [user-service] [AsyncResolver-bootstrap-executor-0] c.n.d.s.r.aws.ConfigClusterResolver      : Resolving eureka endpoints via configuration
2026-03-18T14:18:31.270+05:30 DEBUG 3952 --- [user-service] [http-nio-8080-exec-9] o.s.security.web.FilterChainProxy        : Securing GET /api/users/32
2026-03-18T14:18:31.281+05:30 DEBUG 3952 --- [user-service] [http-nio-8080-exec-9] o.s.s.w.a.AnonymousAuthenticationFilter  : Set SecurityContextHolder to anonymous SecurityContext
2026-03-18T14:18:31.281+05:30 DEBUG 3952 --- [user-service] [http-nio-8080-exec-9] o.s.security.web.FilterChainProxy        : Secured GET /api/users/32
2026-03-18T14:18:31.330+05:30 DEBUG 3952 --- [user-service] [http-nio-8080-exec-10] o.s.security.web.FilterChainProxy        : Securing GET /api/users/32
2026-03-18T14:18:31.332+05:30 DEBUG 3952 --- [user-service] [http-nio-8080-exec-10] o.s.s.w.a.AnonymousAuthenticationFilter  : Set SecurityContextHolder to anonymous SecurityContext
2026-03-18T14:18:31.336+05:30 DEBUG 3952 --- [user-service] [http-nio-8080-exec-10] o.s.security.web.FilterChainProxy        : Secured GET /api/users/32
2026-03-18T14:23:07.631+05:30 DEBUG 3952 --- [user-service] [http-nio-8080-exec-3] o.s.security.web.FilterChainProxy        : Securing GET /api/users/32
2026-03-18T14:23:07.633+05:30 DEBUG 3952 --- [user-service] [http-nio-8080-exec-3] o.s.s.w.a.AnonymousAuthenticationFilter  : Set SecurityContextHolder to anonymous SecurityContext
2026-03-18T14:23:07.636+05:30 DEBUG 3952 --- [user-service] [http-nio-8080-exec-3] o.s.security.web.FilterChainProxy        : Secured GET /api/users/32
2026-03-18T14:23:07.683+05:30 DEBUG 3952 --- [user-service] [http-nio-8080-exec-1] o.s.security.web.FilterChainProxy        : Securing GET /api/users/32
2026-03-18T14:23:07.683+05:30 DEBUG 3952 --- [user-service] [http-nio-8080-exec-1] o.s.s.w.a.AnonymousAuthenticationFilter  : Set SecurityContextHolder to anonymous SecurityContext
2026-03-18T14:23:07.687+05:30 DEBUG 3952 --- [user-service] [http-nio-8080-exec-1] o.s.security.web.FilterChainProxy        : Secured GET /api/users/32
2026-03-18T14:23:28.531+05:30  INFO 3952 --- [user-service] [AsyncResolver-bootstrap-executor-0] c.n.d.s.r.aws.ConfigClusterResolver      : Resolving eureka endpoints via configuration
2026-03-18T14:28:28.540+05:30  INFO 3952 --- [user-service] [AsyncResolver-bootstrap-executor-0] c.n.d.s.r.aws.ConfigClusterResolver      : Resolving eureka endpoints via configuration
2026-03-18T14:29:08.153+05:30 DEBUG 3952 --- [user-service] [http-nio-8080-exec-5] o.s.security.web.FilterChainProxy        : Securing GET /api/users/32
2026-03-18T14:29:08.153+05:30 DEBUG 3952 --- [user-service] [http-nio-8080-exec-5] o.s.s.w.a.AnonymousAuthenticationFilter  : Set SecurityContextHolder to anonymous SecurityContext
2026-03-18T14:29:08.157+05:30 DEBUG 3952 --- [user-service] [http-nio-8080-exec-5] o.s.security.web.FilterChainProxy        : Secured GET /api/users/32
2026-03-18T14:29:08.211+05:30 DEBUG 3952 --- [user-service] [http-nio-8080-exec-4] o.s.security.web.FilterChainProxy        : Securing GET /api/users/32
2026-03-18T14:29:08.211+05:30 DEBUG 3952 --- [user-service] [http-nio-8080-exec-4] o.s.s.w.a.AnonymousAuthenticationFilter  : Set SecurityContextHolder to anonymous SecurityContext
2026-03-18T14:29:08.213+05:30 DEBUG 3952 --- [user-service] [http-nio-8080-exec-4] o.s.security.web.FilterChainProxy        : Secured GET /api/users/32
2026-03-18T14:32:14.243+05:30 DEBUG 3952 --- [user-service] [http-nio-8080-exec-8] o.s.security.web.FilterChainProxy        : Securing GET /api/users/32
2026-03-18T14:32:14.243+05:30 DEBUG 3952 --- [user-service] [http-nio-8080-exec-8] o.s.s.w.a.AnonymousAuthenticationFilter  : Set SecurityContextHolder to anonymous SecurityContext
2026-03-18T14:32:14.243+05:30 DEBUG 3952 --- [user-service] [http-nio-8080-exec-8] o.s.security.web.FilterChainProxy        : Secured GET /api/users/32
2026-03-18T14:32:14.282+05:30 DEBUG 3952 --- [user-service] [http-nio-8080-exec-9] o.s.security.web.FilterChainProxy        : Securing GET /api/users/32
2026-03-18T14:32:14.286+05:30 DEBUG 3952 --- [user-service] [http-nio-8080-exec-9] o.s.s.w.a.AnonymousAuthenticationFilter  : Set SecurityContextHolder to anonymous SecurityContext
2026-03-18T14:32:14.288+05:30 DEBUG 3952 --- [user-service] [http-nio-8080-exec-9] o.s.security.web.FilterChainProxy        : Secured GET /api/users/32
2026-03-18T14:33:28.548+05:30  INFO 3952 --- [user-service] [AsyncResolver-bootstrap-executor-0] c.n.d.s.r.aws.ConfigClusterResolver      : Resolving eureka endpoints via configuration
2026-03-18T14:38:28.563+05:30  INFO 3952 --- [user-service] [AsyncResolver-bootstrap-executor-0] c.n.d.s.r.aws.ConfigClusterResolver      : Resolving eureka endpoints via configuration
2026-03-18T14:43:28.578+05:30  INFO 3952 --- [user-service] [AsyncResolver-bootstrap-executor-0] c.n.d.s.r.aws.ConfigClusterResolver      : Resolving eureka endpoints via configuration
2026-03-18T14:48:28.585+05:30  INFO 3952 --- [user-service] [AsyncResolver-bootstrap-executor-0] c.n.d.s.r.aws.ConfigClusterResolver      : Resolving eureka endpoints via configuration
2026-03-18T14:50:39.294+05:30 DEBUG 3952 --- [user-service] [http-nio-8080-exec-2] o.s.security.web.FilterChainProxy        : Securing POST /api/users/logout
2026-03-18T14:50:39.297+05:30 DEBUG 3952 --- [user-service] [http-nio-8080-exec-2] o.s.s.w.a.AnonymousAuthenticationFilter  : Set SecurityContextHolder to anonymous SecurityContext
2026-03-18T14:50:39.299+05:30 DEBUG 3952 --- [user-service] [http-nio-8080-exec-2] o.s.security.web.FilterChainProxy        : Secured POST /api/users/logout
2026-03-18T14:53:28.592+05:30  INFO 3952 --- [user-service] [AsyncResolver-bootstrap-executor-0] c.n.d.s.r.aws.ConfigClusterResolver      : Resolving eureka endpoints via configuration
2026-03-18T14:54:29.115+05:30 DEBUG 3952 --- [user-service] [http-nio-8080-exec-1] o.s.security.web.FilterChainProxy        : Securing POST /api/auth/login
2026-03-18T14:54:29.115+05:30 DEBUG 3952 --- [user-service] [http-nio-8080-exec-1] o.s.s.w.a.AnonymousAuthenticationFilter  : Set SecurityContextHolder to anonymous SecurityContext
2026-03-18T14:54:29.115+05:30 DEBUG 3952 --- [user-service] [http-nio-8080-exec-1] o.s.security.web.FilterChainProxy        : Secured POST /api/auth/login
2026-03-18T14:54:29.646+05:30 DEBUG 3952 --- [user-service] [http-nio-8080-exec-7] o.s.security.web.FilterChainProxy        : Securing GET /api/users/32
2026-03-18T14:54:29.649+05:30 DEBUG 3952 --- [user-service] [http-nio-8080-exec-7] o.s.s.w.a.AnonymousAuthenticationFilter  : Set SecurityContextHolder to anonymous SecurityContext
2026-03-18T14:54:29.656+05:30 DEBUG 3952 --- [user-service] [http-nio-8080-exec-7] o.s.security.web.FilterChainProxy        : Secured GET /api/users/32
2026-03-18T14:54:29.721+05:30 DEBUG 3952 --- [user-service] [http-nio-8080-exec-5] o.s.security.web.FilterChainProxy        : Securing GET /api/users/32
2026-03-18T14:54:29.722+05:30 DEBUG 3952 --- [user-service] [http-nio-8080-exec-5] o.s.s.w.a.AnonymousAuthenticationFilter  : Set SecurityContextHolder to anonymous SecurityContext
2026-03-18T14:54:29.724+05:30 DEBUG 3952 --- [user-service] [http-nio-8080-exec-5] o.s.security.web.FilterChainProxy        : Secured GET /api/users/32
2026-03-18T14:55:32.395+05:30 DEBUG 3952 --- [user-service] [http-nio-8080-exec-6] o.s.security.web.FilterChainProxy        : Securing GET /api/users/32
2026-03-18T14:55:32.397+05:30 DEBUG 3952 --- [user-service] [http-nio-8080-exec-6] o.s.s.w.a.AnonymousAuthenticationFilter  : Set SecurityContextHolder to anonymous SecurityContext
2026-03-18T14:55:32.399+05:30 DEBUG 3952 --- [user-service] [http-nio-8080-exec-6] o.s.security.web.FilterChainProxy        : Secured GET /api/users/32
2026-03-18T14:55:32.458+05:30 DEBUG 3952 --- [user-service] [http-nio-8080-exec-8] o.s.security.web.FilterChainProxy        : Securing GET /api/users/32
2026-03-18T14:55:32.461+05:30 DEBUG 3952 --- [user-service] [http-nio-8080-exec-8] o.s.s.w.a.AnonymousAuthenticationFilter  : Set SecurityContextHolder to anonymous SecurityContext
2026-03-18T14:55:32.466+05:30 DEBUG 3952 --- [user-service] [http-nio-8080-exec-8] o.s.security.web.FilterChainProxy        : Secured GET /api/users/32
2026-03-18T14:57:16.092+05:30 DEBUG 3952 --- [user-service] [http-nio-8080-exec-10] o.s.security.web.FilterChainProxy        : Securing GET /api/users/32
2026-03-18T14:57:16.095+05:30 DEBUG 3952 --- [user-service] [http-nio-8080-exec-10] o.s.s.w.a.AnonymousAuthenticationFilter  : Set SecurityContextHolder to anonymous SecurityContext
2026-03-18T14:57:16.099+05:30 DEBUG 3952 --- [user-service] [http-nio-8080-exec-10] o.s.security.web.FilterChainProxy        : Secured GET /api/users/32
2026-03-18T14:57:16.159+05:30 DEBUG 3952 --- [user-service] [http-nio-8080-exec-2] o.s.security.web.FilterChainProxy        : Securing GET /api/users/32
2026-03-18T14:57:16.159+05:30 DEBUG 3952 --- [user-service] [http-nio-8080-exec-2] o.s.s.w.a.AnonymousAuthenticationFilter  : Set SecurityContextHolder to anonymous SecurityContext
2026-03-18T14:57:16.161+05:30 DEBUG 3952 --- [user-service] [http-nio-8080-exec-2] o.s.security.web.FilterChainProxy        : Secured GET /api/users/32
2026-03-18T14:58:28.608+05:30  INFO 3952 --- [user-service] [AsyncResolver-bootstrap-executor-0] c.n.d.s.r.aws.ConfigClusterResolver      : Resolving eureka endpoints via configuration
2026-03-18T15:03:28.617+05:30  INFO 3952 --- [user-service] [AsyncResolver-bootstrap-executor-0] c.n.d.s.r.aws.ConfigClusterResolver      : Resolving eureka endpoints via configuration
2026-03-18T15:08:28.627+05:30  INFO 3952 --- [user-service] [AsyncResolver-bootstrap-executor-0] c.n.d.s.r.aws.ConfigClusterResolver      : Resolving eureka endpoints via configuration
2026-03-18T15:13:28.646+05:30  INFO 3952 --- [user-service] [AsyncResolver-bootstrap-executor-0] c.n.d.s.r.aws.ConfigClusterResolver      : Resolving eureka endpoints via configuration
2026-03-18T15:18:28.670+05:30  INFO 3952 --- [user-service] [AsyncResolver-bootstrap-executor-0] c.n.d.s.r.aws.ConfigClusterResolver      : Resolving eureka endpoints via configuration
2026-03-18T15:23:11.717+05:30 DEBUG 3952 --- [user-service] [http-nio-8080-exec-1] o.s.security.web.FilterChainProxy        : Securing POST /api/users/logout
2026-03-18T15:23:11.721+05:30 DEBUG 3952 --- [user-service] [http-nio-8080-exec-1] o.s.s.w.a.AnonymousAuthenticationFilter  : Set SecurityContextHolder to anonymous SecurityContext
2026-03-18T15:23:11.724+05:30 DEBUG 3952 --- [user-service] [http-nio-8080-exec-1] o.s.security.web.FilterChainProxy        : Secured POST /api/users/logout
2026-03-18T15:23:28.679+05:30  INFO 3952 --- [user-service] [AsyncResolver-bootstrap-executor-0] c.n.d.s.r.aws.ConfigClusterResolver      : Resolving eureka endpoints via configuration
2026-03-18T15:28:24.351+05:30 DEBUG 3952 --- [user-service] [http-nio-8080-exec-5] o.s.security.web.FilterChainProxy        : Securing POST /api/auth/login
2026-03-18T15:28:24.352+05:30 DEBUG 3952 --- [user-service] [http-nio-8080-exec-5] o.s.s.w.a.AnonymousAuthenticationFilter  : Set SecurityContextHolder to anonymous SecurityContext
2026-03-18T15:28:24.352+05:30 DEBUG 3952 --- [user-service] [http-nio-8080-exec-5] o.s.security.web.FilterChainProxy        : Secured POST /api/auth/login
2026-03-18T15:28:24.959+05:30 DEBUG 3952 --- [user-service] [http-nio-8080-exec-4] o.s.security.web.FilterChainProxy        : Securing GET /api/users/32
2026-03-18T15:28:24.959+05:30 DEBUG 3952 --- [user-service] [http-nio-8080-exec-4] o.s.s.w.a.AnonymousAuthenticationFilter  : Set SecurityContextHolder to anonymous SecurityContext
2026-03-18T15:28:24.966+05:30 DEBUG 3952 --- [user-service] [http-nio-8080-exec-4] o.s.security.web.FilterChainProxy        : Secured GET /api/users/32
2026-03-18T15:28:25.029+05:30 DEBUG 3952 --- [user-service] [http-nio-8080-exec-6] o.s.security.web.FilterChainProxy        : Securing GET /api/users/32
2026-03-18T15:28:25.030+05:30 DEBUG 3952 --- [user-service] [http-nio-8080-exec-6] o.s.s.w.a.AnonymousAuthenticationFilter  : Set SecurityContextHolder to anonymous SecurityContext
2026-03-18T15:28:25.032+05:30 DEBUG 3952 --- [user-service] [http-nio-8080-exec-6] o.s.security.web.FilterChainProxy        : Secured GET /api/users/32
2026-03-18T15:28:28.689+05:30  INFO 3952 --- [user-service] [AsyncResolver-bootstrap-executor-0] c.n.d.s.r.aws.ConfigClusterResolver      : Resolving eureka endpoints via configuration
2026-03-18T15:32:50.567+05:30 DEBUG 3952 --- [user-service] [http-nio-8080-exec-9] o.s.security.web.FilterChainProxy        : Securing GET /api/users/32
2026-03-18T15:32:50.573+05:30 DEBUG 3952 --- [user-service] [http-nio-8080-exec-9] o.s.s.w.a.AnonymousAuthenticationFilter  : Set SecurityContextHolder to anonymous SecurityContext
2026-03-18T15:32:50.576+05:30 DEBUG 3952 --- [user-service] [http-nio-8080-exec-9] o.s.security.web.FilterChainProxy        : Secured GET /api/users/32
2026-03-18T15:32:50.636+05:30 DEBUG 3952 --- [user-service] [http-nio-8080-exec-10] o.s.security.web.FilterChainProxy        : Securing GET /api/users/32
2026-03-18T15:32:50.640+05:30 DEBUG 3952 --- [user-service] [http-nio-8080-exec-10] o.s.s.w.a.AnonymousAuthenticationFilter  : Set SecurityContextHolder to anonymous SecurityContext
2026-03-18T15:32:50.640+05:30 DEBUG 3952 --- [user-service] [http-nio-8080-exec-10] o.s.security.web.FilterChainProxy        : Secured GET /api/users/32
2026-03-18T15:33:28.701+05:30  INFO 3952 --- [user-service] [AsyncResolver-bootstrap-executor-0] c.n.d.s.r.aws.ConfigClusterResolver      : Resolving eureka endpoints via configuration
2026-03-18T15:38:28.706+05:30  INFO 3952 --- [user-service] [AsyncResolver-bootstrap-executor-0] c.n.d.s.r.aws.ConfigClusterResolver      : Resolving eureka endpoints via configuration
2026-03-18T15:43:28.715+05:30  INFO 3952 --- [user-service] [AsyncResolver-bootstrap-executor-0] c.n.d.s.r.aws.ConfigClusterResolver      : Resolving eureka endpoints via configuration
2026-03-18T15:43:37.806+05:30 DEBUG 3952 --- [user-service] [http-nio-8080-exec-3] o.s.security.web.FilterChainProxy        : Securing GET /api/users/32
2026-03-18T15:43:37.809+05:30 DEBUG 3952 --- [user-service] [http-nio-8080-exec-3] o.s.s.w.a.AnonymousAuthenticationFilter  : Set SecurityContextHolder to anonymous SecurityContext
2026-03-18T15:43:37.810+05:30 DEBUG 3952 --- [user-service] [http-nio-8080-exec-3] o.s.security.web.FilterChainProxy        : Secured GET /api/users/32
2026-03-18T15:43:37.866+05:30 DEBUG 3952 --- [user-service] [http-nio-8080-exec-1] o.s.security.web.FilterChainProxy        : Securing GET /api/users/32
2026-03-18T15:43:37.868+05:30 DEBUG 3952 --- [user-service] [http-nio-8080-exec-1] o.s.s.w.a.AnonymousAuthenticationFilter  : Set SecurityContextHolder to anonymous SecurityContext
2026-03-18T15:43:37.872+05:30 DEBUG 3952 --- [user-service] [http-nio-8080-exec-1] o.s.security.web.FilterChainProxy        : Secured GET /api/users/32
2026-03-18T15:43:40.116+05:30 DEBUG 3952 --- [user-service] [http-nio-8080-exec-7] o.s.security.web.FilterChainProxy        : Securing POST /api/users/logout
2026-03-18T15:43:40.123+05:30 DEBUG 3952 --- [user-service] [http-nio-8080-exec-7] o.s.s.w.a.AnonymousAuthenticationFilter  : Set SecurityContextHolder to anonymous SecurityContext
2026-03-18T15:43:40.123+05:30 DEBUG 3952 --- [user-service] [http-nio-8080-exec-7] o.s.security.web.FilterChainProxy        : Secured POST /api/users/logout
2026-03-18T15:43:56.986+05:30 DEBUG 3952 --- [user-service] [http-nio-8080-exec-5] o.s.security.web.FilterChainProxy        : Securing POST /api/auth/login
2026-03-18T15:43:57.016+05:30 DEBUG 3952 --- [user-service] [http-nio-8080-exec-5] o.s.s.w.a.AnonymousAuthenticationFilter  : Set SecurityContextHolder to anonymous SecurityContext
2026-03-18T15:43:57.016+05:30 DEBUG 3952 --- [user-service] [http-nio-8080-exec-5] o.s.security.web.FilterChainProxy        : Secured POST /api/auth/login
2026-03-18T15:43:57.341+05:30 DEBUG 3952 --- [user-service] [http-nio-8080-exec-4] o.s.security.web.FilterChainProxy        : Securing GET /api/users/32
2026-03-18T15:43:57.344+05:30 DEBUG 3952 --- [user-service] [http-nio-8080-exec-4] o.s.s.w.a.AnonymousAuthenticationFilter  : Set SecurityContextHolder to anonymous SecurityContext
2026-03-18T15:43:57.348+05:30 DEBUG 3952 --- [user-service] [http-nio-8080-exec-4] o.s.security.web.FilterChainProxy        : Secured GET /api/users/32
2026-03-18T15:43:57.386+05:30 DEBUG 3952 --- [user-service] [http-nio-8080-exec-6] o.s.security.web.FilterChainProxy        : Securing GET /api/users/32
2026-03-18T15:43:57.388+05:30 DEBUG 3952 --- [user-service] [http-nio-8080-exec-6] o.s.s.w.a.AnonymousAuthenticationFilter  : Set SecurityContextHolder to anonymous SecurityContext
2026-03-18T15:43:57.390+05:30 DEBUG 3952 --- [user-service] [http-nio-8080-exec-6] o.s.security.web.FilterChainProxy        : Secured GET /api/users/32
2026-03-18T15:44:47.369+05:30 DEBUG 3952 --- [user-service] [http-nio-8080-exec-8] o.s.security.web.FilterChainProxy        : Securing POST /api/users/logout
2026-03-18T15:44:47.398+05:30 DEBUG 3952 --- [user-service] [http-nio-8080-exec-8] o.s.s.w.a.AnonymousAuthenticationFilter  : Set SecurityContextHolder to anonymous SecurityContext
2026-03-18T15:44:47.406+05:30 DEBUG 3952 --- [user-service] [http-nio-8080-exec-8] o.s.security.web.FilterChainProxy        : Secured POST /api/users/logout
2026-03-18T15:47:47.421+05:30 DEBUG 3952 --- [user-service] [http-nio-8080-exec-10] o.s.security.web.FilterChainProxy        : Securing POST /api/auth/login
2026-03-18T15:47:47.422+05:30 DEBUG 3952 --- [user-service] [http-nio-8080-exec-10] o.s.s.w.a.AnonymousAuthenticationFilter  : Set SecurityContextHolder to anonymous SecurityContext
2026-03-18T15:47:47.425+05:30 DEBUG 3952 --- [user-service] [http-nio-8080-exec-10] o.s.security.web.FilterChainProxy        : Secured POST /api/auth/login
2026-03-18T15:47:47.897+05:30 DEBUG 3952 --- [user-service] [http-nio-8080-exec-2] o.s.security.web.FilterChainProxy        : Securing GET /api/users/32
2026-03-18T15:47:47.897+05:30 DEBUG 3952 --- [user-service] [http-nio-8080-exec-2] o.s.s.w.a.AnonymousAuthenticationFilter  : Set SecurityContextHolder to anonymous SecurityContext
2026-03-18T15:47:47.936+05:30 DEBUG 3952 --- [user-service] [http-nio-8080-exec-2] o.s.security.web.FilterChainProxy        : Secured GET /api/users/32
2026-03-18T15:47:48.106+05:30 DEBUG 3952 --- [user-service] [http-nio-8080-exec-3] o.s.security.web.FilterChainProxy        : Securing GET /api/users/32
2026-03-18T15:47:48.108+05:30 DEBUG 3952 --- [user-service] [http-nio-8080-exec-3] o.s.s.w.a.AnonymousAuthenticationFilter  : Set SecurityContextHolder to anonymous SecurityContext
2026-03-18T15:47:48.109+05:30 DEBUG 3952 --- [user-service] [http-nio-8080-exec-3] o.s.security.web.FilterChainProxy        : Secured GET /api/users/32
2026-03-18T15:48:28.720+05:30  INFO 3952 --- [user-service] [AsyncResolver-bootstrap-executor-0] c.n.d.s.r.aws.ConfigClusterResolver      : Resolving eureka endpoints via configuration
2026-03-18T15:51:37.427+05:30 DEBUG 3952 --- [user-service] [http-nio-8080-exec-7] o.s.security.web.FilterChainProxy        : Securing GET /api/users/32
2026-03-18T15:51:37.427+05:30 DEBUG 3952 --- [user-service] [http-nio-8080-exec-7] o.s.s.w.a.AnonymousAuthenticationFilter  : Set SecurityContextHolder to anonymous SecurityContext
2026-03-18T15:51:37.427+05:30 DEBUG 3952 --- [user-service] [http-nio-8080-exec-7] o.s.security.web.FilterChainProxy        : Secured GET /api/users/32
2026-03-18T15:51:37.467+05:30 DEBUG 3952 --- [user-service] [http-nio-8080-exec-5] o.s.security.web.FilterChainProxy        : Securing GET /api/users/32
2026-03-18T15:51:37.469+05:30 DEBUG 3952 --- [user-service] [http-nio-8080-exec-5] o.s.s.w.a.AnonymousAuthenticationFilter  : Set SecurityContextHolder to anonymous SecurityContext
2026-03-18T15:51:37.472+05:30 DEBUG 3952 --- [user-service] [http-nio-8080-exec-5] o.s.security.web.FilterChainProxy        : Secured GET /api/users/32
2026-03-18T15:53:28.729+05:30  INFO 3952 --- [user-service] [AsyncResolver-bootstrap-executor-0] c.n.d.s.r.aws.ConfigClusterResolver      : Resolving eureka endpoints via configuration
2026-03-18T15:58:28.737+05:30  INFO 3952 --- [user-service] [AsyncResolver-bootstrap-executor-0] c.n.d.s.r.aws.ConfigClusterResolver      : Resolving eureka endpoints via configuration
2026-03-18T16:03:28.742+05:30  INFO 3952 --- [user-service] [AsyncResolver-bootstrap-executor-0] c.n.d.s.r.aws.ConfigClusterResolver      : Resolving eureka endpoints via configuration
2026-03-18T16:08:28.753+05:30  INFO 3952 --- [user-service] [AsyncResolver-bootstrap-executor-0] c.n.d.s.r.aws.ConfigClusterResolver      : Resolving eureka endpoints via configuration
2026-03-18T16:13:28.769+05:30  INFO 3952 --- [user-service] [AsyncResolver-bootstrap-executor-0] c.n.d.s.r.aws.ConfigClusterResolver      : Resolving eureka endpoints via configuration
2026-03-18T16:18:28.796+05:30  INFO 3952 --- [user-service] [AsyncResolver-bootstrap-executor-0] c.n.d.s.r.aws.ConfigClusterResolver      : Resolving eureka endpoints via configuration
2026-03-18T16:23:28.814+05:30  INFO 3952 --- [user-service] [AsyncResolver-bootstrap-executor-0] c.n.d.s.r.aws.ConfigClusterResolver      : Resolving eureka endpoints via configuration
2026-03-18T16:23:51.502+05:30 DEBUG 3952 --- [user-service] [http-nio-8080-exec-6] o.s.security.web.FilterChainProxy        : Securing POST /api/auth/login
2026-03-18T16:23:51.510+05:30 DEBUG 3952 --- [user-service] [http-nio-8080-exec-6] o.s.s.w.a.AnonymousAuthenticationFilter  : Set SecurityContextHolder to anonymous SecurityContext
2026-03-18T16:23:51.512+05:30 DEBUG 3952 --- [user-service] [http-nio-8080-exec-6] o.s.security.web.FilterChainProxy        : Secured POST /api/auth/login
2026-03-18T16:23:51.922+05:30 DEBUG 3952 --- [user-service] [http-nio-8080-exec-8] o.s.security.web.FilterChainProxy        : Securing GET /api/users/32
2026-03-18T16:23:51.922+05:30 DEBUG 3952 --- [user-service] [http-nio-8080-exec-8] o.s.s.w.a.AnonymousAuthenticationFilter  : Set SecurityContextHolder to anonymous SecurityContext
2026-03-18T16:23:51.927+05:30 DEBUG 3952 --- [user-service] [http-nio-8080-exec-8] o.s.security.web.FilterChainProxy        : Secured GET /api/users/32
2026-03-18T16:23:51.976+05:30 DEBUG 3952 --- [user-service] [http-nio-8080-exec-9] o.s.security.web.FilterChainProxy        : Securing GET /api/users/32
2026-03-18T16:23:51.976+05:30 DEBUG 3952 --- [user-service] [http-nio-8080-exec-9] o.s.s.w.a.AnonymousAuthenticationFilter  : Set SecurityContextHolder to anonymous SecurityContext
2026-03-18T16:23:51.979+05:30 DEBUG 3952 --- [user-service] [http-nio-8080-exec-9] o.s.security.web.FilterChainProxy        : Secured GET /api/users/32
2026-03-18T16:25:17.373+05:30 DEBUG 3952 --- [user-service] [http-nio-8080-exec-2] o.s.security.web.FilterChainProxy        : Securing GET /api/users/32
2026-03-18T16:25:17.374+05:30 DEBUG 3952 --- [user-service] [http-nio-8080-exec-2] o.s.s.w.a.AnonymousAuthenticationFilter  : Set SecurityContextHolder to anonymous SecurityContext
2026-03-18T16:25:17.378+05:30 DEBUG 3952 --- [user-service] [http-nio-8080-exec-2] o.s.security.web.FilterChainProxy        : Secured GET /api/users/32
2026-03-18T16:25:17.435+05:30 DEBUG 3952 --- [user-service] [http-nio-8080-exec-3] o.s.security.web.FilterChainProxy        : Securing GET /api/users/32
2026-03-18T16:25:17.440+05:30 DEBUG 3952 --- [user-service] [http-nio-8080-exec-3] o.s.s.w.a.AnonymousAuthenticationFilter  : Set SecurityContextHolder to anonymous SecurityContext
2026-03-18T16:25:17.442+05:30 DEBUG 3952 --- [user-service] [http-nio-8080-exec-3] o.s.security.web.FilterChainProxy        : Secured GET /api/users/32
2026-03-18T16:28:28.822+05:30  INFO 3952 --- [user-service] [AsyncResolver-bootstrap-executor-0] c.n.d.s.r.aws.ConfigClusterResolver      : Resolving eureka endpoints via configuration
2026-03-18T16:40:13.519+05:30  INFO 22192 --- [user-service] [main] c.e.user_service.UserServiceApplication  : Starting UserServiceApplication using Java 21.0.9 with PID 22192 (C:\Users\170529\Documents\workspace-spring-tools-for-eclipse-4.32.2.RELEASE\user-service\target\classes started by 170529 in C:\Users\170529\Documents\workspace-spring-tools-for-eclipse-4.32.2.RELEASE\user-service)
2026-03-18T16:40:13.564+05:30  INFO 22192 --- [user-service] [main] c.e.user_service.UserServiceApplication  : No active profile set, falling back to 1 default profile: "default"
2026-03-18T16:40:24.088+05:30  INFO 22192 --- [user-service] [main] .s.d.r.c.RepositoryConfigurationDelegate : Bootstrapping Spring Data JPA repositories in DEFAULT mode.
2026-03-18T16:40:25.935+05:30  INFO 22192 --- [user-service] [main] .s.d.r.c.RepositoryConfigurationDelegate : Finished Spring Data repository scanning in 1814 ms. Found 4 JPA repository interfaces.
2026-03-18T16:40:27.363+05:30  INFO 22192 --- [user-service] [main] o.s.cloud.context.scope.GenericScope     : BeanFactory id=28d6215a-ed40-3b53-a0fb-7eb293c36c30
2026-03-18T16:40:28.726+05:30  WARN 22192 --- [user-service] [main] trationDelegate$BeanPostProcessorChecker : Bean 'org.springframework.cloud.client.loadbalancer.LoadBalancerAutoConfiguration$LoadBalancerInterceptorConfig' of type [org.springframework.cloud.client.loadbalancer.LoadBalancerAutoConfiguration$LoadBalancerInterceptorConfig] is not eligible for getting processed by all BeanPostProcessors (for example: not eligible for auto-proxying). The currently created BeanPostProcessor [lbRestClientPostProcessor] is declared through a non-static factory method on that class; consider declaring it as static instead.
2026-03-18T16:40:28.736+05:30  WARN 22192 --- [user-service] [main] trationDelegate$BeanPostProcessorChecker : Bean 'org.springframework.cloud.loadbalancer.config.BlockingLoadBalancerClientAutoConfiguration' of type [org.springframework.cloud.loadbalancer.config.BlockingLoadBalancerClientAutoConfiguration] is not eligible for getting processed by all BeanPostProcessors (for example: not eligible for auto-proxying). Is this bean getting eagerly injected into a currently created BeanPostProcessor [lbRestClientPostProcessor]? Check the corresponding BeanPostProcessor declaration and its dependencies.
2026-03-18T16:40:28.758+05:30  WARN 22192 --- [user-service] [main] trationDelegate$BeanPostProcessorChecker : Bean 'org.springframework.cloud.loadbalancer.config.LoadBalancerAutoConfiguration' of type [org.springframework.cloud.loadbalancer.config.LoadBalancerAutoConfiguration] is not eligible for getting processed by all BeanPostProcessors (for example: not eligible for auto-proxying). Is this bean getting eagerly injected into a currently created BeanPostProcessor [lbRestClientPostProcessor]? Check the corresponding BeanPostProcessor declaration and its dependencies.
2026-03-18T16:40:28.807+05:30  WARN 22192 --- [user-service] [main] trationDelegate$BeanPostProcessorChecker : Bean 'org.springframework.cloud.commons.config.CommonsConfigAutoConfiguration' of type [org.springframework.cloud.commons.config.CommonsConfigAutoConfiguration] is not eligible for getting processed by all BeanPostProcessors (for example: not eligible for auto-proxying). Is this bean getting eagerly injected into a currently created BeanPostProcessor [lbRestClientPostProcessor]? Check the corresponding BeanPostProcessor declaration and its dependencies.
2026-03-18T16:40:28.826+05:30  WARN 22192 --- [user-service] [main] trationDelegate$BeanPostProcessorChecker : Bean 'org.springframework.cloud.client.loadbalancer.LoadBalancerDefaultMappingsProviderAutoConfiguration' of type [org.springframework.cloud.client.loadbalancer.LoadBalancerDefaultMappingsProviderAutoConfiguration] is not eligible for getting processed by all BeanPostProcessors (for example: not eligible for auto-proxying). Is this bean getting eagerly injected into a currently created BeanPostProcessor [lbRestClientPostProcessor]? Check the corresponding BeanPostProcessor declaration and its dependencies.
2026-03-18T16:40:28.864+05:30  WARN 22192 --- [user-service] [main] trationDelegate$BeanPostProcessorChecker : Bean 'loadBalancerClientsDefaultsMappingsProvider' of type [org.springframework.cloud.client.loadbalancer.LoadBalancerDefaultMappingsProviderAutoConfiguration$$Lambda/0x0000029ac854eec8] is not eligible for getting processed by all BeanPostProcessors (for example: not eligible for auto-proxying). Is this bean getting eagerly injected into a currently created BeanPostProcessor [lbRestClientPostProcessor]? Check the corresponding BeanPostProcessor declaration and its dependencies.
2026-03-18T16:40:28.885+05:30  WARN 22192 --- [user-service] [main] trationDelegate$BeanPostProcessorChecker : Bean 'defaultsBindHandlerAdvisor' of type [org.springframework.cloud.commons.config.DefaultsBindHandlerAdvisor] is not eligible for getting processed by all BeanPostProcessors (for example: not eligible for auto-proxying). Is this bean getting eagerly injected into a currently created BeanPostProcessor [lbRestClientPostProcessor]? Check the corresponding BeanPostProcessor declaration and its dependencies.
2026-03-18T16:40:28.938+05:30  WARN 22192 --- [user-service] [main] trationDelegate$BeanPostProcessorChecker : Bean 'spring.cloud.loadbalancer-org.springframework.cloud.client.loadbalancer.LoadBalancerClientsProperties' of type [org.springframework.cloud.client.loadbalancer.LoadBalancerClientsProperties] is not eligible for getting processed by all BeanPostProcessors (for example: not eligible for auto-proxying). Is this bean getting eagerly injected into a currently created BeanPostProcessor [lbRestClientPostProcessor]? Check the corresponding BeanPostProcessor declaration and its dependencies.
2026-03-18T16:40:28.978+05:30  WARN 22192 --- [user-service] [main] trationDelegate$BeanPostProcessorChecker : Bean 'default.org.springframework.cloud.loadbalancer.config.LoadBalancerAutoConfiguration.LoadBalancerClientSpecification' of type [org.springframework.cloud.loadbalancer.annotation.LoadBalancerClientSpecification] is not eligible for getting processed by all BeanPostProcessors (for example: not eligible for auto-proxying). Is this bean getting eagerly injected into a currently created BeanPostProcessor [lbRestClientPostProcessor]? Check the corresponding BeanPostProcessor declaration and its dependencies.
2026-03-18T16:40:29.006+05:30  WARN 22192 --- [user-service] [main] trationDelegate$BeanPostProcessorChecker : Bean 'default.org.springframework.cloud.loadbalancer.config.BlockingLoadBalancerClientAutoConfiguration.LoadBalancerClientSpecification' of type [org.springframework.cloud.loadbalancer.annotation.LoadBalancerClientSpecification] is not eligible for getting processed by all BeanPostProcessors (for example: not eligible for auto-proxying). Is this bean getting eagerly injected into a currently created BeanPostProcessor [lbRestClientPostProcessor]? Check the corresponding BeanPostProcessor declaration and its dependencies.
2026-03-18T16:40:29.008+05:30  WARN 22192 --- [user-service] [main] trationDelegate$BeanPostProcessorChecker : Bean 'default.org.springframework.cloud.netflix.eureka.loadbalancer.LoadBalancerEurekaAutoConfiguration.LoadBalancerClientSpecification' of type [org.springframework.cloud.loadbalancer.annotation.LoadBalancerClientSpecification] is not eligible for getting processed by all BeanPostProcessors (for example: not eligible for auto-proxying). Is this bean getting eagerly injected into a currently created BeanPostProcessor [lbRestClientPostProcessor]? Check the corresponding BeanPostProcessor declaration and its dependencies.
2026-03-18T16:40:29.011+05:30  WARN 22192 --- [user-service] [main] trationDelegate$BeanPostProcessorChecker : Bean 'loadBalancerClientFactory' of type [org.springframework.cloud.loadbalancer.support.LoadBalancerClientFactory] is not eligible for getting processed by all BeanPostProcessors (for example: not eligible for auto-proxying). Is this bean getting eagerly injected into a currently created BeanPostProcessor [lbRestClientPostProcessor]? Check the corresponding BeanPostProcessor declaration and its dependencies.
2026-03-18T16:40:29.032+05:30  WARN 22192 --- [user-service] [main] trationDelegate$BeanPostProcessorChecker : Bean 'blockingLoadBalancerClient' of type [org.springframework.cloud.loadbalancer.blocking.client.BlockingLoadBalancerClient] is not eligible for getting processed by all BeanPostProcessors (for example: not eligible for auto-proxying). Is this bean getting eagerly injected into a currently created BeanPostProcessor [lbRestClientPostProcessor]? Check the corresponding BeanPostProcessor declaration and its dependencies.
2026-03-18T16:40:29.111+05:30  WARN 22192 --- [user-service] [main] trationDelegate$BeanPostProcessorChecker : Bean 'loadBalancerServiceInstanceCookieTransformer' of type [org.springframework.cloud.loadbalancer.core.LoadBalancerServiceInstanceCookieTransformer] is not eligible for getting processed by all BeanPostProcessors (for example: not eligible for auto-proxying). Is this bean getting eagerly injected into a currently created BeanPostProcessor [lbRestClientPostProcessor]? Check the corresponding BeanPostProcessor declaration and its dependencies.
2026-03-18T16:40:29.117+05:30  WARN 22192 --- [user-service] [main] trationDelegate$BeanPostProcessorChecker : Bean 'xForwarderHeadersTransformer' of type [org.springframework.cloud.loadbalancer.blocking.XForwardedHeadersTransformer] is not eligible for getting processed by all BeanPostProcessors (for example: not eligible for auto-proxying). Is this bean getting eagerly injected into a currently created BeanPostProcessor [lbRestClientPostProcessor]? Check the corresponding BeanPostProcessor declaration and its dependencies.
2026-03-18T16:40:29.121+05:30  WARN 22192 --- [user-service] [main] trationDelegate$BeanPostProcessorChecker : Bean 'org.springframework.cloud.client.loadbalancer.LoadBalancerAutoConfiguration' of type [org.springframework.cloud.client.loadbalancer.LoadBalancerAutoConfiguration] is not eligible for getting processed by all BeanPostProcessors (for example: not eligible for auto-proxying). Is this bean getting eagerly injected into a currently created BeanPostProcessor [lbRestClientPostProcessor]? Check the corresponding BeanPostProcessor declaration and its dependencies.
2026-03-18T16:40:29.134+05:30  WARN 22192 --- [user-service] [main] trationDelegate$BeanPostProcessorChecker : Bean 'loadBalancerRequestFactory' of type [org.springframework.cloud.client.loadbalancer.LoadBalancerRequestFactory] is not eligible for getting processed by all BeanPostProcessors (for example: not eligible for auto-proxying). Is this bean getting eagerly injected into a currently created BeanPostProcessor [lbRestClientPostProcessor]? Check the corresponding BeanPostProcessor declaration and its dependencies.
2026-03-18T16:40:29.168+05:30  WARN 22192 --- [user-service] [main] trationDelegate$BeanPostProcessorChecker : Bean 'loadBalancerInterceptor' of type [org.springframework.cloud.client.loadbalancer.LoadBalancerInterceptor] is not eligible for getting processed by all BeanPostProcessors (for example: not eligible for auto-proxying). Is this bean getting eagerly injected into a currently created BeanPostProcessor [lbRestClientPostProcessor]? Check the corresponding BeanPostProcessor declaration and its dependencies.
2026-03-18T16:40:30.621+05:30  INFO 22192 --- [user-service] [main] o.s.b.w.embedded.tomcat.TomcatWebServer  : Tomcat initialized with port 8080 (http)
2026-03-18T16:40:30.654+05:30  INFO 22192 --- [user-service] [main] o.apache.catalina.core.StandardService   : Starting service [Tomcat]
2026-03-18T16:40:30.655+05:30  INFO 22192 --- [user-service] [main] o.apache.catalina.core.StandardEngine    : Starting Servlet engine: [Apache Tomcat/10.1.16]
2026-03-18T16:40:30.982+05:30  INFO 22192 --- [user-service] [main] o.a.c.c.C.[Tomcat].[localhost].[/]       : Initializing Spring embedded WebApplicationContext
2026-03-18T16:40:30.983+05:30  INFO 22192 --- [user-service] [main] w.s.c.ServletWebServerApplicationContext : Root WebApplicationContext: initialization completed in 17250 ms
2026-03-18T16:40:37.784+05:30  INFO 22192 --- [user-service] [main] o.hibernate.jpa.internal.util.LogHelper  : HHH000204: Processing PersistenceUnitInfo [name: default]
2026-03-18T16:40:38.058+05:30  INFO 22192 --- [user-service] [main] org.hibernate.Version                    : HHH000412: Hibernate ORM core version 6.3.1.Final
2026-03-18T16:40:38.264+05:30  INFO 22192 --- [user-service] [main] o.h.c.internal.RegionFactoryInitiator    : HHH000026: Second-level cache disabled
2026-03-18T16:40:43.691+05:30  INFO 22192 --- [user-service] [main] o.s.o.j.p.SpringPersistenceUnitInfo      : No LoadTimeWeaver setup: ignoring JPA class transformer
2026-03-18T16:40:43.874+05:30  INFO 22192 --- [user-service] [main] com.zaxxer.hikari.HikariDataSource       : HikariPool-1 - Starting...
2026-03-18T16:40:44.600+05:30  INFO 22192 --- [user-service] [main] com.zaxxer.hikari.pool.HikariPool        : HikariPool-1 - Added connection com.mysql.cj.jdbc.ConnectionImpl@3c538e62
2026-03-18T16:40:44.610+05:30  INFO 22192 --- [user-service] [main] com.zaxxer.hikari.HikariDataSource       : HikariPool-1 - Start completed.
2026-03-18T16:40:49.770+05:30  INFO 22192 --- [user-service] [main] o.h.e.t.j.p.i.JtaPlatformInitiator       : HHH000489: No JTA platform available (set 'hibernate.transaction.jta.platform' to enable JTA platform integration)
2026-03-18T16:40:50.037+05:30  INFO 22192 --- [user-service] [main] j.LocalContainerEntityManagerFactoryBean : Initialized JPA EntityManagerFactory for persistence unit 'default'
2026-03-18T16:40:52.714+05:30  WARN 22192 --- [user-service] [main] .s.s.UserDetailsServiceAutoConfiguration : 

Using generated security password: b4c114d8-b055-4d54-a05a-89dd7fade78a

This generated password is for development use only. Your security configuration must be updated before running your application in production.

2026-03-18T16:40:55.111+05:30  INFO 22192 --- [user-service] [main] o.s.b.a.e.web.EndpointLinksResolver      : Exposing 1 endpoint(s) beneath base path '/actuator'
2026-03-18T16:40:55.328+05:30  INFO 22192 --- [user-service] [main] o.s.s.web.DefaultSecurityFilterChain     : Will secure any request with [org.springframework.security.web.session.DisableEncodeUrlFilter@56a3da69, org.springframework.security.web.context.request.async.WebAsyncManagerIntegrationFilter@4746b5d, org.springframework.security.web.context.SecurityContextHolderFilter@21440e36, org.springframework.security.web.header.HeaderWriterFilter@4893d628, org.springframework.security.web.authentication.logout.LogoutFilter@7194f5b, org.springframework.security.web.savedrequest.RequestCacheAwareFilter@42018e32, org.springframework.security.web.servletapi.SecurityContextHolderAwareRequestFilter@58fe7e22, org.springframework.security.web.authentication.AnonymousAuthenticationFilter@611c1f92, org.springframework.security.web.session.SessionManagementFilter@33606f4b, org.springframework.security.web.access.ExceptionTranslationFilter@3c28cd9a, org.springframework.security.web.access.intercept.AuthorizationFilter@30f39d9d]
2026-03-18T16:40:57.279+05:30  INFO 22192 --- [user-service] [main] DiscoveryClientOptionalArgsConfiguration : Eureka HTTP Client uses RestTemplate.
2026-03-18T16:40:57.434+05:30  WARN 22192 --- [user-service] [main] iguration$LoadBalancerCaffeineWarnLogger : Spring Cloud LoadBalancer is currently working with the default cache. While this cache implementation is useful for development and tests, it's recommended to use Caffeine cache in production.You can switch to using Caffeine cache, by adding it and org.springframework.cache.caffeine.CaffeineCacheManager to the classpath.
2026-03-18T16:40:57.667+05:30  INFO 22192 --- [user-service] [main] o.s.c.n.eureka.InstanceInfoFactory       : Setting initial instance status as: STARTING
2026-03-18T16:40:57.778+05:30  INFO 22192 --- [user-service] [main] com.netflix.discovery.DiscoveryClient    : Initializing Eureka in region us-east-1
2026-03-18T16:40:57.792+05:30  INFO 22192 --- [user-service] [main] c.n.d.s.r.aws.ConfigClusterResolver      : Resolving eureka endpoints via configuration
2026-03-18T16:40:57.863+05:30  INFO 22192 --- [user-service] [main] com.netflix.discovery.DiscoveryClient    : Disable delta property : false
2026-03-18T16:40:57.864+05:30  INFO 22192 --- [user-service] [main] com.netflix.discovery.DiscoveryClient    : Single vip registry refresh property : null
2026-03-18T16:40:57.864+05:30  INFO 22192 --- [user-service] [main] com.netflix.discovery.DiscoveryClient    : Force full registry fetch : false
2026-03-18T16:40:57.864+05:30  INFO 22192 --- [user-service] [main] com.netflix.discovery.DiscoveryClient    : Application is null : false
2026-03-18T16:40:57.864+05:30  INFO 22192 --- [user-service] [main] com.netflix.discovery.DiscoveryClient    : Registered Applications size is zero : true
2026-03-18T16:40:57.864+05:30  INFO 22192 --- [user-service] [main] com.netflix.discovery.DiscoveryClient    : Application version is -1: true
2026-03-18T16:40:57.864+05:30  INFO 22192 --- [user-service] [main] com.netflix.discovery.DiscoveryClient    : Getting all instance registry info from the eureka server
2026-03-18T16:40:58.830+05:30  INFO 22192 --- [user-service] [main] com.netflix.discovery.DiscoveryClient    : The response status is 200
2026-03-18T16:40:58.835+05:30  INFO 22192 --- [user-service] [main] com.netflix.discovery.DiscoveryClient    : Starting heartbeat executor: renew interval is: 30
2026-03-18T16:40:58.841+05:30  INFO 22192 --- [user-service] [main] c.n.discovery.InstanceInfoReplicator     : InstanceInfoReplicator onDemand update allowed rate per min is 4
2026-03-18T16:40:58.851+05:30  INFO 22192 --- [user-service] [main] com.netflix.discovery.DiscoveryClient    : Discovery Client initialized at timestamp 1773832258850 with initial instances count: 0
2026-03-18T16:40:58.877+05:30  INFO 22192 --- [user-service] [main] o.s.c.n.e.s.EurekaServiceRegistry        : Registering application USER-SERVICE with eureka with status UP
2026-03-18T16:40:58.879+05:30  INFO 22192 --- [user-service] [main] com.netflix.discovery.DiscoveryClient    : Saw local status change event StatusChangeEvent [timestamp=1773832258879, current=UP, previous=STARTING]
2026-03-18T16:40:58.884+05:30  INFO 22192 --- [user-service] [DiscoveryClient-InstanceInfoReplicator-0] com.netflix.discovery.DiscoveryClient    : DiscoveryClient_USER-SERVICE/81DH353.mshome.net:user-service:8080: registering service...
2026-03-18T16:40:58.935+05:30  INFO 22192 --- [user-service] [main] o.s.b.w.embedded.tomcat.TomcatWebServer  : Tomcat started on port 8080 (http) with context path ''
2026-03-18T16:40:58.937+05:30  INFO 22192 --- [user-service] [main] .s.c.n.e.s.EurekaAutoServiceRegistration : Updating port to 8080
2026-03-18T16:40:58.989+05:30  INFO 22192 --- [user-service] [DiscoveryClient-InstanceInfoReplicator-0] com.netflix.discovery.DiscoveryClient    : DiscoveryClient_USER-SERVICE/81DH353.mshome.net:user-service:8080 - registration status: 204
2026-03-18T16:40:59.005+05:30  INFO 22192 --- [user-service] [main] c.e.user_service.UserServiceApplication  : Started UserServiceApplication in 48.647 seconds (process running for 54.274)
2026-03-18T16:40:59.528+05:30  INFO 22192 --- [user-service] [RMI TCP Connection(8)-127.0.0.1] o.a.c.c.C.[Tomcat].[localhost].[/]       : Initializing Spring DispatcherServlet 'dispatcherServlet'
2026-03-18T16:40:59.529+05:30  INFO 22192 --- [user-service] [RMI TCP Connection(8)-127.0.0.1] o.s.web.servlet.DispatcherServlet        : Initializing Servlet 'dispatcherServlet'
2026-03-18T16:40:59.534+05:30  INFO 22192 --- [user-service] [RMI TCP Connection(8)-127.0.0.1] o.s.web.servlet.DispatcherServlet        : Completed initialization in 5 ms
2026-03-18T16:41:28.842+05:30  INFO 22192 --- [user-service] [DiscoveryClient-CacheRefreshExecutor-0] com.netflix.discovery.DiscoveryClient    : Disable delta property : false
2026-03-18T16:41:28.842+05:30  INFO 22192 --- [user-service] [DiscoveryClient-CacheRefreshExecutor-0] com.netflix.discovery.DiscoveryClient    : Single vip registry refresh property : null
2026-03-18T16:41:28.843+05:30  INFO 22192 --- [user-service] [DiscoveryClient-CacheRefreshExecutor-0] com.netflix.discovery.DiscoveryClient    : Force full registry fetch : false
2026-03-18T16:41:28.843+05:30  INFO 22192 --- [user-service] [DiscoveryClient-CacheRefreshExecutor-0] com.netflix.discovery.DiscoveryClient    : Application is null : false
2026-03-18T16:41:28.843+05:30  INFO 22192 --- [user-service] [DiscoveryClient-CacheRefreshExecutor-0] com.netflix.discovery.DiscoveryClient    : Registered Applications size is zero : true
2026-03-18T16:41:28.843+05:30  INFO 22192 --- [user-service] [DiscoveryClient-CacheRefreshExecutor-0] com.netflix.discovery.DiscoveryClient    : Application version is -1: false
2026-03-18T16:41:28.843+05:30  INFO 22192 --- [user-service] [DiscoveryClient-CacheRefreshExecutor-0] com.netflix.discovery.DiscoveryClient    : Getting all instance registry info from the eureka server
2026-03-18T16:41:28.876+05:30  INFO 22192 --- [user-service] [DiscoveryClient-CacheRefreshExecutor-0] com.netflix.discovery.DiscoveryClient    : The response status is 200
2026-03-18T16:41:35.563+05:30 DEBUG 22192 --- [user-service] [http-nio-8080-exec-3] o.s.security.web.FilterChainProxy        : Securing POST /api/auth/login
2026-03-18T16:41:35.598+05:30 DEBUG 22192 --- [user-service] [http-nio-8080-exec-3] o.s.s.w.a.AnonymousAuthenticationFilter  : Set SecurityContextHolder to anonymous SecurityContext
2026-03-18T16:41:35.603+05:30  WARN 22192 --- [user-service] [http-nio-8080-exec-3] o.s.w.s.h.HandlerMappingIntrospector     : Cache miss for REQUEST dispatch to '/api/auth/login' (previous null). Performing MatchableHandlerMapping lookup. This is logged once only at WARN level, and every time at TRACE.
2026-03-18T16:41:35.623+05:30 DEBUG 22192 --- [user-service] [http-nio-8080-exec-3] o.s.security.web.FilterChainProxy        : Secured POST /api/auth/login
2026-03-18T16:41:36.721+05:30 DEBUG 22192 --- [user-service] [http-nio-8080-exec-4] o.s.security.web.FilterChainProxy        : Securing GET /api/users/32
2026-03-18T16:41:36.725+05:30 DEBUG 22192 --- [user-service] [http-nio-8080-exec-4] o.s.s.w.a.AnonymousAuthenticationFilter  : Set SecurityContextHolder to anonymous SecurityContext
2026-03-18T16:41:36.732+05:30 DEBUG 22192 --- [user-service] [http-nio-8080-exec-4] o.s.security.web.FilterChainProxy        : Secured GET /api/users/32
2026-03-18T16:41:36.886+05:30 DEBUG 22192 --- [user-service] [http-nio-8080-exec-1] o.s.security.web.FilterChainProxy        : Securing GET /api/users/32
2026-03-18T16:41:36.886+05:30 DEBUG 22192 --- [user-service] [http-nio-8080-exec-1] o.s.s.w.a.AnonymousAuthenticationFilter  : Set SecurityContextHolder to anonymous SecurityContext
2026-03-18T16:41:36.893+05:30 DEBUG 22192 --- [user-service] [http-nio-8080-exec-1] o.s.security.web.FilterChainProxy        : Secured GET /api/users/32
2026-03-18T16:42:56.183+05:30 DEBUG 22192 --- [user-service] [http-nio-8080-exec-8] o.s.security.web.FilterChainProxy        : Securing GET /api/users/32
2026-03-18T16:42:56.184+05:30 DEBUG 22192 --- [user-service] [http-nio-8080-exec-8] o.s.s.w.a.AnonymousAuthenticationFilter  : Set SecurityContextHolder to anonymous SecurityContext
2026-03-18T16:42:56.186+05:30 DEBUG 22192 --- [user-service] [http-nio-8080-exec-8] o.s.security.web.FilterChainProxy        : Secured GET /api/users/32
2026-03-18T16:42:56.237+05:30 DEBUG 22192 --- [user-service] [http-nio-8080-exec-2] o.s.security.web.FilterChainProxy        : Securing GET /api/users/32
2026-03-18T16:42:56.238+05:30 DEBUG 22192 --- [user-service] [http-nio-8080-exec-2] o.s.s.w.a.AnonymousAuthenticationFilter  : Set SecurityContextHolder to anonymous SecurityContext
2026-03-18T16:42:56.241+05:30 DEBUG 22192 --- [user-service] [http-nio-8080-exec-2] o.s.security.web.FilterChainProxy        : Secured GET /api/users/32
2026-03-18T16:43:00.627+05:30 DEBUG 22192 --- [user-service] [http-nio-8080-exec-5] o.s.security.web.FilterChainProxy        : Securing POST /api/users/logout
2026-03-18T16:43:00.627+05:30 DEBUG 22192 --- [user-service] [http-nio-8080-exec-5] o.s.s.w.a.AnonymousAuthenticationFilter  : Set SecurityContextHolder to anonymous SecurityContext
2026-03-18T16:43:00.630+05:30 DEBUG 22192 --- [user-service] [http-nio-8080-exec-5] o.s.security.web.FilterChainProxy        : Secured POST /api/users/logout
2026-03-18T16:43:20.042+05:30 DEBUG 22192 --- [user-service] [http-nio-8080-exec-6] o.s.security.web.FilterChainProxy        : Securing POST /api/auth/login
2026-03-18T16:43:20.046+05:30 DEBUG 22192 --- [user-service] [http-nio-8080-exec-6] o.s.s.w.a.AnonymousAuthenticationFilter  : Set SecurityContextHolder to anonymous SecurityContext
2026-03-18T16:43:20.046+05:30 DEBUG 22192 --- [user-service] [http-nio-8080-exec-6] o.s.security.web.FilterChainProxy        : Secured POST /api/auth/login
2026-03-18T16:43:20.303+05:30 DEBUG 22192 --- [user-service] [http-nio-8080-exec-10] o.s.security.web.FilterChainProxy        : Securing GET /api/users/32
2026-03-18T16:43:20.305+05:30 DEBUG 22192 --- [user-service] [http-nio-8080-exec-10] o.s.s.w.a.AnonymousAuthenticationFilter  : Set SecurityContextHolder to anonymous SecurityContext
2026-03-18T16:43:20.307+05:30 DEBUG 22192 --- [user-service] [http-nio-8080-exec-10] o.s.security.web.FilterChainProxy        : Secured GET /api/users/32
2026-03-18T16:43:20.351+05:30 DEBUG 22192 --- [user-service] [http-nio-8080-exec-9] o.s.security.web.FilterChainProxy        : Securing GET /api/users/32
2026-03-18T16:43:20.352+05:30 DEBUG 22192 --- [user-service] [http-nio-8080-exec-9] o.s.s.w.a.AnonymousAuthenticationFilter  : Set SecurityContextHolder to anonymous SecurityContext
2026-03-18T16:43:20.355+05:30 DEBUG 22192 --- [user-service] [http-nio-8080-exec-9] o.s.security.web.FilterChainProxy        : Secured GET /api/users/32
2026-03-18T16:44:17.880+05:30 DEBUG 22192 --- [user-service] [http-nio-8080-exec-3] o.s.security.web.FilterChainProxy        : Securing GET /api/users/32
2026-03-18T16:44:17.881+05:30 DEBUG 22192 --- [user-service] [http-nio-8080-exec-3] o.s.s.w.a.AnonymousAuthenticationFilter  : Set SecurityContextHolder to anonymous SecurityContext
2026-03-18T16:44:17.883+05:30 DEBUG 22192 --- [user-service] [http-nio-8080-exec-3] o.s.security.web.FilterChainProxy        : Secured GET /api/users/32
2026-03-18T16:44:17.941+05:30 DEBUG 22192 --- [user-service] [http-nio-8080-exec-4] o.s.security.web.FilterChainProxy        : Securing GET /api/users/32
2026-03-18T16:44:17.947+05:30 DEBUG 22192 --- [user-service] [http-nio-8080-exec-4] o.s.s.w.a.AnonymousAuthenticationFilter  : Set SecurityContextHolder to anonymous SecurityContext
2026-03-18T16:44:17.950+05:30 DEBUG 22192 --- [user-service] [http-nio-8080-exec-4] o.s.security.web.FilterChainProxy        : Secured GET /api/users/32
2026-03-18T16:45:36.081+05:30 DEBUG 22192 --- [user-service] [http-nio-8080-exec-7] o.s.security.web.FilterChainProxy        : Securing GET /api/users/32
2026-03-18T16:45:36.084+05:30 DEBUG 22192 --- [user-service] [http-nio-8080-exec-7] o.s.s.w.a.AnonymousAuthenticationFilter  : Set SecurityContextHolder to anonymous SecurityContext
2026-03-18T16:45:36.087+05:30 DEBUG 22192 --- [user-service] [http-nio-8080-exec-7] o.s.security.web.FilterChainProxy        : Secured GET /api/users/32
2026-03-18T16:45:36.126+05:30 DEBUG 22192 --- [user-service] [http-nio-8080-exec-8] o.s.security.web.FilterChainProxy        : Securing GET /api/users/32
2026-03-18T16:45:36.128+05:30 DEBUG 22192 --- [user-service] [http-nio-8080-exec-8] o.s.s.w.a.AnonymousAuthenticationFilter  : Set SecurityContextHolder to anonymous SecurityContext
2026-03-18T16:45:36.130+05:30 DEBUG 22192 --- [user-service] [http-nio-8080-exec-8] o.s.security.web.FilterChainProxy        : Secured GET /api/users/32
2026-03-18T16:45:57.876+05:30  INFO 22192 --- [user-service] [AsyncResolver-bootstrap-executor-0] c.n.d.s.r.aws.ConfigClusterResolver      : Resolving eureka endpoints via configuration
2026-03-18T16:47:15.099+05:30 DEBUG 22192 --- [user-service] [http-nio-8080-exec-5] o.s.security.web.FilterChainProxy        : Securing GET /api/users/32
2026-03-18T16:47:15.099+05:30 DEBUG 22192 --- [user-service] [http-nio-8080-exec-5] o.s.s.w.a.AnonymousAuthenticationFilter  : Set SecurityContextHolder to anonymous SecurityContext
2026-03-18T16:47:15.103+05:30 DEBUG 22192 --- [user-service] [http-nio-8080-exec-5] o.s.security.web.FilterChainProxy        : Secured GET /api/users/32
2026-03-18T16:47:15.143+05:30 DEBUG 22192 --- [user-service] [http-nio-8080-exec-6] o.s.security.web.FilterChainProxy        : Securing GET /api/users/32
2026-03-18T16:47:15.145+05:30 DEBUG 22192 --- [user-service] [http-nio-8080-exec-6] o.s.s.w.a.AnonymousAuthenticationFilter  : Set SecurityContextHolder to anonymous SecurityContext
2026-03-18T16:47:15.148+05:30 DEBUG 22192 --- [user-service] [http-nio-8080-exec-6] o.s.security.web.FilterChainProxy        : Secured GET /api/users/32
2026-03-18T16:48:13.504+05:30 DEBUG 22192 --- [user-service] [http-nio-8080-exec-10] o.s.security.web.FilterChainProxy        : Securing GET /api/users/32
2026-03-18T16:48:13.506+05:30 DEBUG 22192 --- [user-service] [http-nio-8080-exec-10] o.s.s.w.a.AnonymousAuthenticationFilter  : Set SecurityContextHolder to anonymous SecurityContext
2026-03-18T16:48:13.508+05:30 DEBUG 22192 --- [user-service] [http-nio-8080-exec-10] o.s.security.web.FilterChainProxy        : Secured GET /api/users/32
2026-03-18T16:48:13.543+05:30 DEBUG 22192 --- [user-service] [http-nio-8080-exec-9] o.s.security.web.FilterChainProxy        : Securing GET /api/users/32
2026-03-18T16:48:13.544+05:30 DEBUG 22192 --- [user-service] [http-nio-8080-exec-9] o.s.s.w.a.AnonymousAuthenticationFilter  : Set SecurityContextHolder to anonymous SecurityContext
2026-03-18T16:48:13.545+05:30 DEBUG 22192 --- [user-service] [http-nio-8080-exec-9] o.s.security.web.FilterChainProxy        : Secured GET /api/users/32
2026-03-18T16:50:57.885+05:30  INFO 22192 --- [user-service] [AsyncResolver-bootstrap-executor-0] c.n.d.s.r.aws.ConfigClusterResolver      : Resolving eureka endpoints via configuration
2026-03-18T16:52:04.545+05:30 DEBUG 22192 --- [user-service] [http-nio-8080-exec-4] o.s.security.web.FilterChainProxy        : Securing GET /api/users/32
2026-03-18T16:52:04.545+05:30 DEBUG 22192 --- [user-service] [http-nio-8080-exec-4] o.s.s.w.a.AnonymousAuthenticationFilter  : Set SecurityContextHolder to anonymous SecurityContext
2026-03-18T16:52:04.548+05:30 DEBUG 22192 --- [user-service] [http-nio-8080-exec-4] o.s.security.web.FilterChainProxy        : Secured GET /api/users/32
2026-03-18T16:52:04.586+05:30 DEBUG 22192 --- [user-service] [http-nio-8080-exec-1] o.s.security.web.FilterChainProxy        : Securing GET /api/users/32
2026-03-18T16:52:04.587+05:30 DEBUG 22192 --- [user-service] [http-nio-8080-exec-1] o.s.s.w.a.AnonymousAuthenticationFilter  : Set SecurityContextHolder to anonymous SecurityContext
2026-03-18T16:52:04.588+05:30 DEBUG 22192 --- [user-service] [http-nio-8080-exec-1] o.s.security.web.FilterChainProxy        : Secured GET /api/users/32
2026-03-18T16:55:57.894+05:30  INFO 22192 --- [user-service] [AsyncResolver-bootstrap-executor-0] c.n.d.s.r.aws.ConfigClusterResolver      : Resolving eureka endpoints via configuration
2026-03-18T16:57:09.123+05:30 DEBUG 22192 --- [user-service] [http-nio-8080-exec-8] o.s.security.web.FilterChainProxy        : Securing GET /api/users/32
2026-03-18T16:57:09.126+05:30 DEBUG 22192 --- [user-service] [http-nio-8080-exec-8] o.s.s.w.a.AnonymousAuthenticationFilter  : Set SecurityContextHolder to anonymous SecurityContext
2026-03-18T16:57:09.126+05:30 DEBUG 22192 --- [user-service] [http-nio-8080-exec-8] o.s.security.web.FilterChainProxy        : Secured GET /api/users/32
2026-03-18T16:57:09.172+05:30 DEBUG 22192 --- [user-service] [http-nio-8080-exec-2] o.s.security.web.FilterChainProxy        : Securing GET /api/users/32
2026-03-18T16:57:09.177+05:30 DEBUG 22192 --- [user-service] [http-nio-8080-exec-2] o.s.s.w.a.AnonymousAuthenticationFilter  : Set SecurityContextHolder to anonymous SecurityContext
2026-03-18T16:57:09.177+05:30 DEBUG 22192 --- [user-service] [http-nio-8080-exec-2] o.s.security.web.FilterChainProxy        : Secured GET /api/users/32
2026-03-18T16:57:11.905+05:30 DEBUG 22192 --- [user-service] [http-nio-8080-exec-5] o.s.security.web.FilterChainProxy        : Securing POST /api/users/logout
2026-03-18T16:57:11.907+05:30 DEBUG 22192 --- [user-service] [http-nio-8080-exec-5] o.s.s.w.a.AnonymousAuthenticationFilter  : Set SecurityContextHolder to anonymous SecurityContext
2026-03-18T16:57:11.909+05:30 DEBUG 22192 --- [user-service] [http-nio-8080-exec-5] o.s.security.web.FilterChainProxy        : Secured POST /api/users/logout
2026-03-18T16:57:32.045+05:30 DEBUG 22192 --- [user-service] [http-nio-8080-exec-6] o.s.security.web.FilterChainProxy        : Securing POST /api/auth/login
2026-03-18T16:57:32.045+05:30 DEBUG 22192 --- [user-service] [http-nio-8080-exec-6] o.s.s.w.a.AnonymousAuthenticationFilter  : Set SecurityContextHolder to anonymous SecurityContext
2026-03-18T16:57:32.047+05:30 DEBUG 22192 --- [user-service] [http-nio-8080-exec-6] o.s.security.web.FilterChainProxy        : Secured POST /api/auth/login
2026-03-18T16:57:32.277+05:30 DEBUG 22192 --- [user-service] [http-nio-8080-exec-10] o.s.security.web.FilterChainProxy        : Securing GET /api/users/32
2026-03-18T16:57:32.277+05:30 DEBUG 22192 --- [user-service] [http-nio-8080-exec-10] o.s.s.w.a.AnonymousAuthenticationFilter  : Set SecurityContextHolder to anonymous SecurityContext
2026-03-18T16:57:32.281+05:30 DEBUG 22192 --- [user-service] [http-nio-8080-exec-10] o.s.security.web.FilterChainProxy        : Secured GET /api/users/32
2026-03-18T16:57:32.315+05:30 DEBUG 22192 --- [user-service] [http-nio-8080-exec-9] o.s.security.web.FilterChainProxy        : Securing GET /api/users/32
2026-03-18T16:57:32.315+05:30 DEBUG 22192 --- [user-service] [http-nio-8080-exec-9] o.s.s.w.a.AnonymousAuthenticationFilter  : Set SecurityContextHolder to anonymous SecurityContext
2026-03-18T16:57:32.319+05:30 DEBUG 22192 --- [user-service] [http-nio-8080-exec-9] o.s.security.web.FilterChainProxy        : Secured GET /api/users/32
2026-03-18T16:57:34.781+05:30 DEBUG 22192 --- [user-service] [http-nio-8080-exec-3] o.s.security.web.FilterChainProxy        : Securing POST /api/users/logout
2026-03-18T16:57:34.781+05:30 DEBUG 22192 --- [user-service] [http-nio-8080-exec-3] o.s.s.w.a.AnonymousAuthenticationFilter  : Set SecurityContextHolder to anonymous SecurityContext
2026-03-18T16:57:34.783+05:30 DEBUG 22192 --- [user-service] [http-nio-8080-exec-3] o.s.security.web.FilterChainProxy        : Secured POST /api/users/logout
2026-03-18T16:58:48.723+05:30  INFO 22192 --- [user-service] [RMI TCP Connection(31)-127.0.0.1] inMXBeanRegistrar$SpringApplicationAdmin : Application shutdown requested.
2026-03-18T16:58:48.727+05:30  INFO 22192 --- [user-service] [RMI TCP Connection(31)-127.0.0.1] o.s.c.n.e.s.EurekaServiceRegistry        : Unregistering application USER-SERVICE with eureka with status DOWN
2026-03-18T16:58:48.727+05:30  INFO 22192 --- [user-service] [RMI TCP Connection(31)-127.0.0.1] com.netflix.discovery.DiscoveryClient    : Saw local status change event StatusChangeEvent [timestamp=1773833328727, current=DOWN, previous=UP]
2026-03-18T16:58:48.727+05:30  INFO 22192 --- [user-service] [DiscoveryClient-InstanceInfoReplicator-0] com.netflix.discovery.DiscoveryClient    : DiscoveryClient_USER-SERVICE/81DH353.mshome.net:user-service:8080: registering service...
2026-03-18T16:58:48.743+05:30  INFO 22192 --- [user-service] [DiscoveryClient-InstanceInfoReplicator-0] com.netflix.discovery.DiscoveryClient    : DiscoveryClient_USER-SERVICE/81DH353.mshome.net:user-service:8080 - registration status: 204
2026-03-18T16:58:48.745+05:30  INFO 22192 --- [user-service] [RMI TCP Connection(31)-127.0.0.1] j.LocalContainerEntityManagerFactoryBean : Closing JPA EntityManagerFactory for persistence unit 'default'
2026-03-18T16:58:48.748+05:30  INFO 22192 --- [user-service] [RMI TCP Connection(31)-127.0.0.1] com.zaxxer.hikari.HikariDataSource       : HikariPool-1 - Shutdown initiated...
2026-03-18T16:58:48.750+05:30  INFO 22192 --- [user-service] [RMI TCP Connection(31)-127.0.0.1] com.zaxxer.hikari.HikariDataSource       : HikariPool-1 - Shutdown completed.
2026-03-18T16:58:48.752+05:30  INFO 22192 --- [user-service] [RMI TCP Connection(31)-127.0.0.1] com.netflix.discovery.DiscoveryClient    : Shutting down DiscoveryClient ...
2026-03-18T16:58:51.760+05:30  INFO 22192 --- [user-service] [RMI TCP Connection(31)-127.0.0.1] com.netflix.discovery.DiscoveryClient    : Unregistering ...
2026-03-18T16:58:51.776+05:30  INFO 22192 --- [user-service] [RMI TCP Connection(31)-127.0.0.1] com.netflix.discovery.DiscoveryClient    : DiscoveryClient_USER-SERVICE/81DH353.mshome.net:user-service:8080 - deregister  status: 200
2026-03-18T16:58:51.781+05:30  INFO 22192 --- [user-service] [RMI TCP Connection(31)-127.0.0.1] com.netflix.discovery.DiscoveryClient    : Completed shut down of DiscoveryClient
2026-03-18T16:58:56.064+05:30  INFO 23312 --- [user-service] [main] c.e.user_service.UserServiceApplication  : Starting UserServiceApplication using Java 21.0.9 with PID 23312 (C:\Users\170529\Documents\workspace-spring-tools-for-eclipse-4.32.2.RELEASE\user-service\target\classes started by 170529 in C:\Users\170529\Documents\workspace-spring-tools-for-eclipse-4.32.2.RELEASE\user-service)
2026-03-18T16:58:56.066+05:30  INFO 23312 --- [user-service] [main] c.e.user_service.UserServiceApplication  : No active profile set, falling back to 1 default profile: "default"
2026-03-18T16:58:57.616+05:30  INFO 23312 --- [user-service] [main] .s.d.r.c.RepositoryConfigurationDelegate : Bootstrapping Spring Data JPA repositories in DEFAULT mode.
2026-03-18T16:58:58.000+05:30  INFO 23312 --- [user-service] [main] .s.d.r.c.RepositoryConfigurationDelegate : Finished Spring Data repository scanning in 368 ms. Found 4 JPA repository interfaces.
2026-03-18T16:58:58.617+05:30  INFO 23312 --- [user-service] [main] o.s.cloud.context.scope.GenericScope     : BeanFactory id=28d6215a-ed40-3b53-a0fb-7eb293c36c30
2026-03-18T16:58:59.151+05:30  WARN 23312 --- [user-service] [main] trationDelegate$BeanPostProcessorChecker : Bean 'org.springframework.cloud.client.loadbalancer.LoadBalancerAutoConfiguration$LoadBalancerInterceptorConfig' of type [org.springframework.cloud.client.loadbalancer.LoadBalancerAutoConfiguration$LoadBalancerInterceptorConfig] is not eligible for getting processed by all BeanPostProcessors (for example: not eligible for auto-proxying). The currently created BeanPostProcessor [lbRestClientPostProcessor] is declared through a non-static factory method on that class; consider declaring it as static instead.
2026-03-18T16:58:59.156+05:30  WARN 23312 --- [user-service] [main] trationDelegate$BeanPostProcessorChecker : Bean 'org.springframework.cloud.loadbalancer.config.BlockingLoadBalancerClientAutoConfiguration' of type [org.springframework.cloud.loadbalancer.config.BlockingLoadBalancerClientAutoConfiguration] is not eligible for getting processed by all BeanPostProcessors (for example: not eligible for auto-proxying). Is this bean getting eagerly injected into a currently created BeanPostProcessor [lbRestClientPostProcessor]? Check the corresponding BeanPostProcessor declaration and its dependencies.
2026-03-18T16:58:59.164+05:30  WARN 23312 --- [user-service] [main] trationDelegate$BeanPostProcessorChecker : Bean 'org.springframework.cloud.loadbalancer.config.LoadBalancerAutoConfiguration' of type [org.springframework.cloud.loadbalancer.config.LoadBalancerAutoConfiguration] is not eligible for getting processed by all BeanPostProcessors (for example: not eligible for auto-proxying). Is this bean getting eagerly injected into a currently created BeanPostProcessor [lbRestClientPostProcessor]? Check the corresponding BeanPostProcessor declaration and its dependencies.
2026-03-18T16:58:59.176+05:30  WARN 23312 --- [user-service] [main] trationDelegate$BeanPostProcessorChecker : Bean 'org.springframework.cloud.commons.config.CommonsConfigAutoConfiguration' of type [org.springframework.cloud.commons.config.CommonsConfigAutoConfiguration] is not eligible for getting processed by all BeanPostProcessors (for example: not eligible for auto-proxying). Is this bean getting eagerly injected into a currently created BeanPostProcessor [lbRestClientPostProcessor]? Check the corresponding BeanPostProcessor declaration and its dependencies.
2026-03-18T16:58:59.183+05:30  WARN 23312 --- [user-service] [main] trationDelegate$BeanPostProcessorChecker : Bean 'org.springframework.cloud.client.loadbalancer.LoadBalancerDefaultMappingsProviderAutoConfiguration' of type [org.springframework.cloud.client.loadbalancer.LoadBalancerDefaultMappingsProviderAutoConfiguration] is not eligible for getting processed by all BeanPostProcessors (for example: not eligible for auto-proxying). Is this bean getting eagerly injected into a currently created BeanPostProcessor [lbRestClientPostProcessor]? Check the corresponding BeanPostProcessor declaration and its dependencies.
2026-03-18T16:58:59.183+05:30  WARN 23312 --- [user-service] [main] trationDelegate$BeanPostProcessorChecker : Bean 'loadBalancerClientsDefaultsMappingsProvider' of type [org.springframework.cloud.client.loadbalancer.LoadBalancerDefaultMappingsProviderAutoConfiguration$$Lambda/0x000002700154eec8] is not eligible for getting processed by all BeanPostProcessors (for example: not eligible for auto-proxying). Is this bean getting eagerly injected into a currently created BeanPostProcessor [lbRestClientPostProcessor]? Check the corresponding BeanPostProcessor declaration and its dependencies.
2026-03-18T16:58:59.194+05:30  WARN 23312 --- [user-service] [main] trationDelegate$BeanPostProcessorChecker : Bean 'defaultsBindHandlerAdvisor' of type [org.springframework.cloud.commons.config.DefaultsBindHandlerAdvisor] is not eligible for getting processed by all BeanPostProcessors (for example: not eligible for auto-proxying). Is this bean getting eagerly injected into a currently created BeanPostProcessor [lbRestClientPostProcessor]? Check the corresponding BeanPostProcessor declaration and its dependencies.
2026-03-18T16:58:59.204+05:30  WARN 23312 --- [user-service] [main] trationDelegate$BeanPostProcessorChecker : Bean 'spring.cloud.loadbalancer-org.springframework.cloud.client.loadbalancer.LoadBalancerClientsProperties' of type [org.springframework.cloud.client.loadbalancer.LoadBalancerClientsProperties] is not eligible for getting processed by all BeanPostProcessors (for example: not eligible for auto-proxying). Is this bean getting eagerly injected into a currently created BeanPostProcessor [lbRestClientPostProcessor]? Check the corresponding BeanPostProcessor declaration and its dependencies.
2026-03-18T16:58:59.219+05:30  WARN 23312 --- [user-service] [main] trationDelegate$BeanPostProcessorChecker : Bean 'default.org.springframework.cloud.loadbalancer.config.LoadBalancerAutoConfiguration.LoadBalancerClientSpecification' of type [org.springframework.cloud.loadbalancer.annotation.LoadBalancerClientSpecification] is not eligible for getting processed by all BeanPostProcessors (for example: not eligible for auto-proxying). Is this bean getting eagerly injected into a currently created BeanPostProcessor [lbRestClientPostProcessor]? Check the corresponding BeanPostProcessor declaration and its dependencies.
2026-03-18T16:58:59.226+05:30  WARN 23312 --- [user-service] [main] trationDelegate$BeanPostProcessorChecker : Bean 'default.org.springframework.cloud.loadbalancer.config.BlockingLoadBalancerClientAutoConfiguration.LoadBalancerClientSpecification' of type [org.springframework.cloud.loadbalancer.annotation.LoadBalancerClientSpecification] is not eligible for getting processed by all BeanPostProcessors (for example: not eligible for auto-proxying). Is this bean getting eagerly injected into a currently created BeanPostProcessor [lbRestClientPostProcessor]? Check the corresponding BeanPostProcessor declaration and its dependencies.
2026-03-18T16:58:59.226+05:30  WARN 23312 --- [user-service] [main] trationDelegate$BeanPostProcessorChecker : Bean 'default.org.springframework.cloud.netflix.eureka.loadbalancer.LoadBalancerEurekaAutoConfiguration.LoadBalancerClientSpecification' of type [org.springframework.cloud.loadbalancer.annotation.LoadBalancerClientSpecification] is not eligible for getting processed by all BeanPostProcessors (for example: not eligible for auto-proxying). Is this bean getting eagerly injected into a currently created BeanPostProcessor [lbRestClientPostProcessor]? Check the corresponding BeanPostProcessor declaration and its dependencies.
2026-03-18T16:58:59.231+05:30  WARN 23312 --- [user-service] [main] trationDelegate$BeanPostProcessorChecker : Bean 'loadBalancerClientFactory' of type [org.springframework.cloud.loadbalancer.support.LoadBalancerClientFactory] is not eligible for getting processed by all BeanPostProcessors (for example: not eligible for auto-proxying). Is this bean getting eagerly injected into a currently created BeanPostProcessor [lbRestClientPostProcessor]? Check the corresponding BeanPostProcessor declaration and its dependencies.
2026-03-18T16:58:59.246+05:30  WARN 23312 --- [user-service] [main] trationDelegate$BeanPostProcessorChecker : Bean 'blockingLoadBalancerClient' of type [org.springframework.cloud.loadbalancer.blocking.client.BlockingLoadBalancerClient] is not eligible for getting processed by all BeanPostProcessors (for example: not eligible for auto-proxying). Is this bean getting eagerly injected into a currently created BeanPostProcessor [lbRestClientPostProcessor]? Check the corresponding BeanPostProcessor declaration and its dependencies.
2026-03-18T16:58:59.285+05:30  WARN 23312 --- [user-service] [main] trationDelegate$BeanPostProcessorChecker : Bean 'loadBalancerServiceInstanceCookieTransformer' of type [org.springframework.cloud.loadbalancer.core.LoadBalancerServiceInstanceCookieTransformer] is not eligible for getting processed by all BeanPostProcessors (for example: not eligible for auto-proxying). Is this bean getting eagerly injected into a currently created BeanPostProcessor [lbRestClientPostProcessor]? Check the corresponding BeanPostProcessor declaration and its dependencies.
2026-03-18T16:58:59.303+05:30  WARN 23312 --- [user-service] [main] trationDelegate$BeanPostProcessorChecker : Bean 'xForwarderHeadersTransformer' of type [org.springframework.cloud.loadbalancer.blocking.XForwardedHeadersTransformer] is not eligible for getting processed by all BeanPostProcessors (for example: not eligible for auto-proxying). Is this bean getting eagerly injected into a currently created BeanPostProcessor [lbRestClientPostProcessor]? Check the corresponding BeanPostProcessor declaration and its dependencies.
2026-03-18T16:58:59.316+05:30  WARN 23312 --- [user-service] [main] trationDelegate$BeanPostProcessorChecker : Bean 'org.springframework.cloud.client.loadbalancer.LoadBalancerAutoConfiguration' of type [org.springframework.cloud.client.loadbalancer.LoadBalancerAutoConfiguration] is not eligible for getting processed by all BeanPostProcessors (for example: not eligible for auto-proxying). Is this bean getting eagerly injected into a currently created BeanPostProcessor [lbRestClientPostProcessor]? Check the corresponding BeanPostProcessor declaration and its dependencies.
2026-03-18T16:58:59.326+05:30  WARN 23312 --- [user-service] [main] trationDelegate$BeanPostProcessorChecker : Bean 'loadBalancerRequestFactory' of type [org.springframework.cloud.client.loadbalancer.LoadBalancerRequestFactory] is not eligible for getting processed by all BeanPostProcessors (for example: not eligible for auto-proxying). Is this bean getting eagerly injected into a currently created BeanPostProcessor [lbRestClientPostProcessor]? Check the corresponding BeanPostProcessor declaration and its dependencies.
2026-03-18T16:58:59.337+05:30  WARN 23312 --- [user-service] [main] trationDelegate$BeanPostProcessorChecker : Bean 'loadBalancerInterceptor' of type [org.springframework.cloud.client.loadbalancer.LoadBalancerInterceptor] is not eligible for getting processed by all BeanPostProcessors (for example: not eligible for auto-proxying). Is this bean getting eagerly injected into a currently created BeanPostProcessor [lbRestClientPostProcessor]? Check the corresponding BeanPostProcessor declaration and its dependencies.
2026-03-18T16:58:59.908+05:30  INFO 23312 --- [user-service] [main] o.s.b.w.embedded.tomcat.TomcatWebServer  : Tomcat initialized with port 8080 (http)
2026-03-18T16:58:59.924+05:30  INFO 23312 --- [user-service] [main] o.apache.catalina.core.StandardService   : Starting service [Tomcat]
2026-03-18T16:58:59.924+05:30  INFO 23312 --- [user-service] [main] o.apache.catalina.core.StandardEngine    : Starting Servlet engine: [Apache Tomcat/10.1.16]
2026-03-18T16:59:00.197+05:30  INFO 23312 --- [user-service] [main] o.a.c.c.C.[Tomcat].[localhost].[/]       : Initializing Spring embedded WebApplicationContext
2026-03-18T16:59:00.197+05:30  INFO 23312 --- [user-service] [main] w.s.c.ServletWebServerApplicationContext : Root WebApplicationContext: initialization completed in 4062 ms
2026-03-18T16:59:01.001+05:30  INFO 23312 --- [user-service] [main] o.hibernate.jpa.internal.util.LogHelper  : HHH000204: Processing PersistenceUnitInfo [name: default]
2026-03-18T16:59:01.207+05:30  INFO 23312 --- [user-service] [main] org.hibernate.Version                    : HHH000412: Hibernate ORM core version 6.3.1.Final
2026-03-18T16:59:01.309+05:30  INFO 23312 --- [user-service] [main] o.h.c.internal.RegionFactoryInitiator    : HHH000026: Second-level cache disabled
2026-03-18T16:59:02.183+05:30  INFO 23312 --- [user-service] [main] o.s.o.j.p.SpringPersistenceUnitInfo      : No LoadTimeWeaver setup: ignoring JPA class transformer
2026-03-18T16:59:02.326+05:30  INFO 23312 --- [user-service] [main] com.zaxxer.hikari.HikariDataSource       : HikariPool-1 - Starting...
2026-03-18T16:59:02.871+05:30  INFO 23312 --- [user-service] [main] com.zaxxer.hikari.pool.HikariPool        : HikariPool-1 - Added connection com.mysql.cj.jdbc.ConnectionImpl@7fd32c56
2026-03-18T16:59:02.882+05:30  INFO 23312 --- [user-service] [main] com.zaxxer.hikari.HikariDataSource       : HikariPool-1 - Start completed.
2026-03-18T16:59:06.234+05:30  INFO 23312 --- [user-service] [main] o.h.e.t.j.p.i.JtaPlatformInitiator       : HHH000489: No JTA platform available (set 'hibernate.transaction.jta.platform' to enable JTA platform integration)
2026-03-18T16:59:06.399+05:30  INFO 23312 --- [user-service] [main] j.LocalContainerEntityManagerFactoryBean : Initialized JPA EntityManagerFactory for persistence unit 'default'
2026-03-18T16:59:08.568+05:30  WARN 23312 --- [user-service] [main] .s.s.UserDetailsServiceAutoConfiguration : 

Using generated security password: 08c8ebb9-6afa-46c4-9e3b-838b64a23ddd

This generated password is for development use only. Your security configuration must be updated before running your application in production.

2026-03-18T16:59:10.981+05:30  INFO 23312 --- [user-service] [main] o.s.b.a.e.web.EndpointLinksResolver      : Exposing 1 endpoint(s) beneath base path '/actuator'
2026-03-18T16:59:11.130+05:30  INFO 23312 --- [user-service] [main] o.s.s.web.DefaultSecurityFilterChain     : Will secure any request with [org.springframework.security.web.session.DisableEncodeUrlFilter@1e0be005, org.springframework.security.web.context.request.async.WebAsyncManagerIntegrationFilter@1fd226da, org.springframework.security.web.context.SecurityContextHolderFilter@4893d628, org.springframework.security.web.header.HeaderWriterFilter@1a2bcce1, org.springframework.security.web.authentication.logout.LogoutFilter@78ded8c9, org.springframework.security.web.savedrequest.RequestCacheAwareFilter@43f88150, org.springframework.security.web.servletapi.SecurityContextHolderAwareRequestFilter@133e7789, org.springframework.security.web.authentication.AnonymousAuthenticationFilter@36cd58e7, org.springframework.security.web.session.SessionManagementFilter@6295cc30, org.springframework.security.web.access.ExceptionTranslationFilter@3566d527, org.springframework.security.web.access.intercept.AuthorizationFilter@3808bdfc]
2026-03-18T16:59:12.578+05:30  INFO 23312 --- [user-service] [main] DiscoveryClientOptionalArgsConfiguration : Eureka HTTP Client uses RestTemplate.
2026-03-18T16:59:12.752+05:30  WARN 23312 --- [user-service] [main] iguration$LoadBalancerCaffeineWarnLogger : Spring Cloud LoadBalancer is currently working with the default cache. While this cache implementation is useful for development and tests, it's recommended to use Caffeine cache in production.You can switch to using Caffeine cache, by adding it and org.springframework.cache.caffeine.CaffeineCacheManager to the classpath.
2026-03-18T16:59:12.987+05:30  INFO 23312 --- [user-service] [main] o.s.c.n.eureka.InstanceInfoFactory       : Setting initial instance status as: STARTING
2026-03-18T16:59:13.096+05:30  INFO 23312 --- [user-service] [main] com.netflix.discovery.DiscoveryClient    : Initializing Eureka in region us-east-1
2026-03-18T16:59:13.107+05:30  INFO 23312 --- [user-service] [main] c.n.d.s.r.aws.ConfigClusterResolver      : Resolving eureka endpoints via configuration
2026-03-18T16:59:13.187+05:30  INFO 23312 --- [user-service] [main] com.netflix.discovery.DiscoveryClient    : Disable delta property : false
2026-03-18T16:59:13.187+05:30  INFO 23312 --- [user-service] [main] com.netflix.discovery.DiscoveryClient    : Single vip registry refresh property : null
2026-03-18T16:59:13.187+05:30  INFO 23312 --- [user-service] [main] com.netflix.discovery.DiscoveryClient    : Force full registry fetch : false
2026-03-18T16:59:13.187+05:30  INFO 23312 --- [user-service] [main] com.netflix.discovery.DiscoveryClient    : Application is null : false
2026-03-18T16:59:13.188+05:30  INFO 23312 --- [user-service] [main] com.netflix.discovery.DiscoveryClient    : Registered Applications size is zero : true
2026-03-18T16:59:13.188+05:30  INFO 23312 --- [user-service] [main] com.netflix.discovery.DiscoveryClient    : Application version is -1: true
2026-03-18T16:59:13.188+05:30  INFO 23312 --- [user-service] [main] com.netflix.discovery.DiscoveryClient    : Getting all instance registry info from the eureka server
2026-03-18T16:59:14.054+05:30  INFO 23312 --- [user-service] [main] com.netflix.discovery.DiscoveryClient    : The response status is 200
2026-03-18T16:59:14.061+05:30  INFO 23312 --- [user-service] [main] com.netflix.discovery.DiscoveryClient    : Starting heartbeat executor: renew interval is: 30
2026-03-18T16:59:14.067+05:30  INFO 23312 --- [user-service] [main] c.n.discovery.InstanceInfoReplicator     : InstanceInfoReplicator onDemand update allowed rate per min is 4
2026-03-18T16:59:14.079+05:30  INFO 23312 --- [user-service] [main] com.netflix.discovery.DiscoveryClient    : Discovery Client initialized at timestamp 1773833354077 with initial instances count: 8
2026-03-18T16:59:14.102+05:30  INFO 23312 --- [user-service] [main] o.s.c.n.e.s.EurekaServiceRegistry        : Registering application USER-SERVICE with eureka with status UP
2026-03-18T16:59:14.103+05:30  INFO 23312 --- [user-service] [main] com.netflix.discovery.DiscoveryClient    : Saw local status change event StatusChangeEvent [timestamp=1773833354103, current=UP, previous=STARTING]
2026-03-18T16:59:14.108+05:30  INFO 23312 --- [user-service] [DiscoveryClient-InstanceInfoReplicator-0] com.netflix.discovery.DiscoveryClient    : DiscoveryClient_USER-SERVICE/81DH353.mshome.net:user-service:8080: registering service...
2026-03-18T16:59:14.167+05:30  INFO 23312 --- [user-service] [main] o.s.b.w.embedded.tomcat.TomcatWebServer  : Tomcat started on port 8080 (http) with context path ''
2026-03-18T16:59:14.168+05:30  INFO 23312 --- [user-service] [main] .s.c.n.e.s.EurekaAutoServiceRegistration : Updating port to 8080
2026-03-18T16:59:14.213+05:30  INFO 23312 --- [user-service] [main] c.e.user_service.UserServiceApplication  : Started UserServiceApplication in 18.865 seconds (process running for 20.179)
2026-03-18T16:59:14.221+05:30  INFO 23312 --- [user-service] [DiscoveryClient-InstanceInfoReplicator-0] com.netflix.discovery.DiscoveryClient    : DiscoveryClient_USER-SERVICE/81DH353.mshome.net:user-service:8080 - registration status: 204
2026-03-18T16:59:14.907+05:30  INFO 23312 --- [user-service] [RMI TCP Connection(4)-127.0.0.1] o.a.c.c.C.[Tomcat].[localhost].[/]       : Initializing Spring DispatcherServlet 'dispatcherServlet'
2026-03-18T16:59:14.908+05:30  INFO 23312 --- [user-service] [RMI TCP Connection(4)-127.0.0.1] o.s.web.servlet.DispatcherServlet        : Initializing Servlet 'dispatcherServlet'
2026-03-18T16:59:14.911+05:30  INFO 23312 --- [user-service] [RMI TCP Connection(4)-127.0.0.1] o.s.web.servlet.DispatcherServlet        : Completed initialization in 3 ms
2026-03-18T17:01:53.013+05:30 DEBUG 23312 --- [user-service] [http-nio-8080-exec-1] o.s.security.web.FilterChainProxy        : Securing POST /api/auth/login
2026-03-18T17:01:53.041+05:30 DEBUG 23312 --- [user-service] [http-nio-8080-exec-1] o.s.s.w.a.AnonymousAuthenticationFilter  : Set SecurityContextHolder to anonymous SecurityContext
2026-03-18T17:01:53.043+05:30  WARN 23312 --- [user-service] [http-nio-8080-exec-1] o.s.w.s.h.HandlerMappingIntrospector     : Cache miss for REQUEST dispatch to '/api/auth/login' (previous null). Performing MatchableHandlerMapping lookup. This is logged once only at WARN level, and every time at TRACE.
2026-03-18T17:01:53.057+05:30 DEBUG 23312 --- [user-service] [http-nio-8080-exec-1] o.s.security.web.FilterChainProxy        : Secured POST /api/auth/login
2026-03-18T17:01:53.818+05:30 DEBUG 23312 --- [user-service] [http-nio-8080-exec-2] o.s.security.web.FilterChainProxy        : Securing GET /api/users/32
2026-03-18T17:01:53.820+05:30 DEBUG 23312 --- [user-service] [http-nio-8080-exec-2] o.s.s.w.a.AnonymousAuthenticationFilter  : Set SecurityContextHolder to anonymous SecurityContext
2026-03-18T17:01:53.828+05:30 DEBUG 23312 --- [user-service] [http-nio-8080-exec-2] o.s.security.web.FilterChainProxy        : Secured GET /api/users/32
2026-03-18T17:01:53.972+05:30 DEBUG 23312 --- [user-service] [http-nio-8080-exec-3] o.s.security.web.FilterChainProxy        : Securing GET /api/users/32
2026-03-18T17:01:53.980+05:30 DEBUG 23312 --- [user-service] [http-nio-8080-exec-3] o.s.s.w.a.AnonymousAuthenticationFilter  : Set SecurityContextHolder to anonymous SecurityContext
2026-03-18T17:01:53.983+05:30 DEBUG 23312 --- [user-service] [http-nio-8080-exec-3] o.s.security.web.FilterChainProxy        : Secured GET /api/users/32
2026-03-18T17:03:26.249+05:30 DEBUG 23312 --- [user-service] [http-nio-8080-exec-5] o.s.security.web.FilterChainProxy        : Securing GET /api/users/32
2026-03-18T17:03:26.253+05:30 DEBUG 23312 --- [user-service] [http-nio-8080-exec-5] o.s.s.w.a.AnonymousAuthenticationFilter  : Set SecurityContextHolder to anonymous SecurityContext
2026-03-18T17:03:26.255+05:30 DEBUG 23312 --- [user-service] [http-nio-8080-exec-5] o.s.security.web.FilterChainProxy        : Secured GET /api/users/32
2026-03-18T17:03:26.313+05:30 DEBUG 23312 --- [user-service] [http-nio-8080-exec-6] o.s.security.web.FilterChainProxy        : Securing GET /api/users/32
2026-03-18T17:03:26.318+05:30 DEBUG 23312 --- [user-service] [http-nio-8080-exec-6] o.s.s.w.a.AnonymousAuthenticationFilter  : Set SecurityContextHolder to anonymous SecurityContext
2026-03-18T17:03:26.323+05:30 DEBUG 23312 --- [user-service] [http-nio-8080-exec-6] o.s.security.web.FilterChainProxy        : Secured GET /api/users/32
2026-03-18T17:04:13.195+05:30  INFO 23312 --- [user-service] [AsyncResolver-bootstrap-executor-0] c.n.d.s.r.aws.ConfigClusterResolver      : Resolving eureka endpoints via configuration
2026-03-18T17:09:13.213+05:30  INFO 23312 --- [user-service] [AsyncResolver-bootstrap-executor-0] c.n.d.s.r.aws.ConfigClusterResolver      : Resolving eureka endpoints via configuration
2026-03-18T17:09:14.107+05:30 DEBUG 23312 --- [user-service] [http-nio-8080-exec-8] o.s.security.web.FilterChainProxy        : Securing POST /api/users/logout
2026-03-18T17:09:14.113+05:30 DEBUG 23312 --- [user-service] [http-nio-8080-exec-8] o.s.s.w.a.AnonymousAuthenticationFilter  : Set SecurityContextHolder to anonymous SecurityContext
2026-03-18T17:09:14.115+05:30 DEBUG 23312 --- [user-service] [http-nio-8080-exec-8] o.s.security.web.FilterChainProxy        : Secured POST /api/users/logout
2026-03-18T17:10:19.811+05:30  INFO 23312 --- [user-service] [RMI TCP Connection(25)-127.0.0.1] inMXBeanRegistrar$SpringApplicationAdmin : Application shutdown requested.
2026-03-18T17:10:19.812+05:30  INFO 23312 --- [user-service] [RMI TCP Connection(25)-127.0.0.1] o.s.c.n.e.s.EurekaServiceRegistry        : Unregistering application USER-SERVICE with eureka with status DOWN
2026-03-18T17:10:19.813+05:30  INFO 23312 --- [user-service] [RMI TCP Connection(25)-127.0.0.1] com.netflix.discovery.DiscoveryClient    : Saw local status change event StatusChangeEvent [timestamp=1773834019813, current=DOWN, previous=UP]
2026-03-18T17:10:19.813+05:30  INFO 23312 --- [user-service] [DiscoveryClient-InstanceInfoReplicator-0] com.netflix.discovery.DiscoveryClient    : DiscoveryClient_USER-SERVICE/81DH353.mshome.net:user-service:8080: registering service...
2026-03-18T17:10:19.831+05:30  INFO 23312 --- [user-service] [RMI TCP Connection(25)-127.0.0.1] j.LocalContainerEntityManagerFactoryBean : Closing JPA EntityManagerFactory for persistence unit 'default'
2026-03-18T17:10:19.833+05:30  INFO 23312 --- [user-service] [DiscoveryClient-InstanceInfoReplicator-0] com.netflix.discovery.DiscoveryClient    : DiscoveryClient_USER-SERVICE/81DH353.mshome.net:user-service:8080 - registration status: 204
2026-03-18T17:10:19.835+05:30  INFO 23312 --- [user-service] [RMI TCP Connection(25)-127.0.0.1] com.zaxxer.hikari.HikariDataSource       : HikariPool-1 - Shutdown initiated...
2026-03-18T17:10:19.838+05:30  INFO 23312 --- [user-service] [RMI TCP Connection(25)-127.0.0.1] com.zaxxer.hikari.HikariDataSource       : HikariPool-1 - Shutdown completed.
2026-03-18T17:10:19.840+05:30  INFO 23312 --- [user-service] [RMI TCP Connection(25)-127.0.0.1] com.netflix.discovery.DiscoveryClient    : Shutting down DiscoveryClient ...
2026-03-18T17:10:22.847+05:30  INFO 23312 --- [user-service] [RMI TCP Connection(25)-127.0.0.1] com.netflix.discovery.DiscoveryClient    : Unregistering ...
2026-03-18T17:10:22.862+05:30  INFO 23312 --- [user-service] [RMI TCP Connection(25)-127.0.0.1] com.netflix.discovery.DiscoveryClient    : DiscoveryClient_USER-SERVICE/81DH353.mshome.net:user-service:8080 - deregister  status: 200
2026-03-18T17:10:22.869+05:30  INFO 23312 --- [user-service] [RMI TCP Connection(25)-127.0.0.1] com.netflix.discovery.DiscoveryClient    : Completed shut down of DiscoveryClient
2026-03-18T17:10:29.174+05:30  INFO 28364 --- [user-service] [main] c.e.user_service.UserServiceApplication  : Starting UserServiceApplication using Java 21.0.9 with PID 28364 (C:\Users\170529\Documents\workspace-spring-tools-for-eclipse-4.32.2.RELEASE\user-service\target\classes started by 170529 in C:\Users\170529\Documents\workspace-spring-tools-for-eclipse-4.32.2.RELEASE\user-service)
2026-03-18T17:10:29.178+05:30  INFO 28364 --- [user-service] [main] c.e.user_service.UserServiceApplication  : No active profile set, falling back to 1 default profile: "default"
2026-03-18T17:10:31.736+05:30  INFO 28364 --- [user-service] [main] .s.d.r.c.RepositoryConfigurationDelegate : Bootstrapping Spring Data JPA repositories in DEFAULT mode.
2026-03-18T17:10:31.954+05:30  INFO 28364 --- [user-service] [main] .s.d.r.c.RepositoryConfigurationDelegate : Finished Spring Data repository scanning in 208 ms. Found 4 JPA repository interfaces.
2026-03-18T17:10:32.291+05:30  INFO 28364 --- [user-service] [main] o.s.cloud.context.scope.GenericScope     : BeanFactory id=28d6215a-ed40-3b53-a0fb-7eb293c36c30
2026-03-18T17:10:32.778+05:30  WARN 28364 --- [user-service] [main] trationDelegate$BeanPostProcessorChecker : Bean 'org.springframework.cloud.client.loadbalancer.LoadBalancerAutoConfiguration$LoadBalancerInterceptorConfig' of type [org.springframework.cloud.client.loadbalancer.LoadBalancerAutoConfiguration$LoadBalancerInterceptorConfig] is not eligible for getting processed by all BeanPostProcessors (for example: not eligible for auto-proxying). The currently created BeanPostProcessor [lbRestClientPostProcessor] is declared through a non-static factory method on that class; consider declaring it as static instead.
2026-03-18T17:10:32.783+05:30  WARN 28364 --- [user-service] [main] trationDelegate$BeanPostProcessorChecker : Bean 'org.springframework.cloud.loadbalancer.config.BlockingLoadBalancerClientAutoConfiguration' of type [org.springframework.cloud.loadbalancer.config.BlockingLoadBalancerClientAutoConfiguration] is not eligible for getting processed by all BeanPostProcessors (for example: not eligible for auto-proxying). Is this bean getting eagerly injected into a currently created BeanPostProcessor [lbRestClientPostProcessor]? Check the corresponding BeanPostProcessor declaration and its dependencies.
2026-03-18T17:10:32.788+05:30  WARN 28364 --- [user-service] [main] trationDelegate$BeanPostProcessorChecker : Bean 'org.springframework.cloud.loadbalancer.config.LoadBalancerAutoConfiguration' of type [org.springframework.cloud.loadbalancer.config.LoadBalancerAutoConfiguration] is not eligible for getting processed by all BeanPostProcessors (for example: not eligible for auto-proxying). Is this bean getting eagerly injected into a currently created BeanPostProcessor [lbRestClientPostProcessor]? Check the corresponding BeanPostProcessor declaration and its dependencies.
2026-03-18T17:10:32.801+05:30  WARN 28364 --- [user-service] [main] trationDelegate$BeanPostProcessorChecker : Bean 'org.springframework.cloud.commons.config.CommonsConfigAutoConfiguration' of type [org.springframework.cloud.commons.config.CommonsConfigAutoConfiguration] is not eligible for getting processed by all BeanPostProcessors (for example: not eligible for auto-proxying). Is this bean getting eagerly injected into a currently created BeanPostProcessor [lbRestClientPostProcessor]? Check the corresponding BeanPostProcessor declaration and its dependencies.
2026-03-18T17:10:32.805+05:30  WARN 28364 --- [user-service] [main] trationDelegate$BeanPostProcessorChecker : Bean 'org.springframework.cloud.client.loadbalancer.LoadBalancerDefaultMappingsProviderAutoConfiguration' of type [org.springframework.cloud.client.loadbalancer.LoadBalancerDefaultMappingsProviderAutoConfiguration] is not eligible for getting processed by all BeanPostProcessors (for example: not eligible for auto-proxying). Is this bean getting eagerly injected into a currently created BeanPostProcessor [lbRestClientPostProcessor]? Check the corresponding BeanPostProcessor declaration and its dependencies.
2026-03-18T17:10:32.807+05:30  WARN 28364 --- [user-service] [main] trationDelegate$BeanPostProcessorChecker : Bean 'loadBalancerClientsDefaultsMappingsProvider' of type [org.springframework.cloud.client.loadbalancer.LoadBalancerDefaultMappingsProviderAutoConfiguration$$Lambda/0x000001430154e120] is not eligible for getting processed by all BeanPostProcessors (for example: not eligible for auto-proxying). Is this bean getting eagerly injected into a currently created BeanPostProcessor [lbRestClientPostProcessor]? Check the corresponding BeanPostProcessor declaration and its dependencies.
2026-03-18T17:10:32.813+05:30  WARN 28364 --- [user-service] [main] trationDelegate$BeanPostProcessorChecker : Bean 'defaultsBindHandlerAdvisor' of type [org.springframework.cloud.commons.config.DefaultsBindHandlerAdvisor] is not eligible for getting processed by all BeanPostProcessors (for example: not eligible for auto-proxying). Is this bean getting eagerly injected into a currently created BeanPostProcessor [lbRestClientPostProcessor]? Check the corresponding BeanPostProcessor declaration and its dependencies.
2026-03-18T17:10:32.822+05:30  WARN 28364 --- [user-service] [main] trationDelegate$BeanPostProcessorChecker : Bean 'spring.cloud.loadbalancer-org.springframework.cloud.client.loadbalancer.LoadBalancerClientsProperties' of type [org.springframework.cloud.client.loadbalancer.LoadBalancerClientsProperties] is not eligible for getting processed by all BeanPostProcessors (for example: not eligible for auto-proxying). Is this bean getting eagerly injected into a currently created BeanPostProcessor [lbRestClientPostProcessor]? Check the corresponding BeanPostProcessor declaration and its dependencies.
2026-03-18T17:10:32.831+05:30  WARN 28364 --- [user-service] [main] trationDelegate$BeanPostProcessorChecker : Bean 'default.org.springframework.cloud.loadbalancer.config.LoadBalancerAutoConfiguration.LoadBalancerClientSpecification' of type [org.springframework.cloud.loadbalancer.annotation.LoadBalancerClientSpecification] is not eligible for getting processed by all BeanPostProcessors (for example: not eligible for auto-proxying). Is this bean getting eagerly injected into a currently created BeanPostProcessor [lbRestClientPostProcessor]? Check the corresponding BeanPostProcessor declaration and its dependencies.
2026-03-18T17:10:32.835+05:30  WARN 28364 --- [user-service] [main] trationDelegate$BeanPostProcessorChecker : Bean 'default.org.springframework.cloud.loadbalancer.config.BlockingLoadBalancerClientAutoConfiguration.LoadBalancerClientSpecification' of type [org.springframework.cloud.loadbalancer.annotation.LoadBalancerClientSpecification] is not eligible for getting processed by all BeanPostProcessors (for example: not eligible for auto-proxying). Is this bean getting eagerly injected into a currently created BeanPostProcessor [lbRestClientPostProcessor]? Check the corresponding BeanPostProcessor declaration and its dependencies.
2026-03-18T17:10:32.836+05:30  WARN 28364 --- [user-service] [main] trationDelegate$BeanPostProcessorChecker : Bean 'default.org.springframework.cloud.netflix.eureka.loadbalancer.LoadBalancerEurekaAutoConfiguration.LoadBalancerClientSpecification' of type [org.springframework.cloud.loadbalancer.annotation.LoadBalancerClientSpecification] is not eligible for getting processed by all BeanPostProcessors (for example: not eligible for auto-proxying). Is this bean getting eagerly injected into a currently created BeanPostProcessor [lbRestClientPostProcessor]? Check the corresponding BeanPostProcessor declaration and its dependencies.
2026-03-18T17:10:32.838+05:30  WARN 28364 --- [user-service] [main] trationDelegate$BeanPostProcessorChecker : Bean 'loadBalancerClientFactory' of type [org.springframework.cloud.loadbalancer.support.LoadBalancerClientFactory] is not eligible for getting processed by all BeanPostProcessors (for example: not eligible for auto-proxying). Is this bean getting eagerly injected into a currently created BeanPostProcessor [lbRestClientPostProcessor]? Check the corresponding BeanPostProcessor declaration and its dependencies.
2026-03-18T17:10:32.850+05:30  WARN 28364 --- [user-service] [main] trationDelegate$BeanPostProcessorChecker : Bean 'blockingLoadBalancerClient' of type [org.springframework.cloud.loadbalancer.blocking.client.BlockingLoadBalancerClient] is not eligible for getting processed by all BeanPostProcessors (for example: not eligible for auto-proxying). Is this bean getting eagerly injected into a currently created BeanPostProcessor [lbRestClientPostProcessor]? Check the corresponding BeanPostProcessor declaration and its dependencies.
2026-03-18T17:10:32.864+05:30  WARN 28364 --- [user-service] [main] trationDelegate$BeanPostProcessorChecker : Bean 'loadBalancerServiceInstanceCookieTransformer' of type [org.springframework.cloud.loadbalancer.core.LoadBalancerServiceInstanceCookieTransformer] is not eligible for getting processed by all BeanPostProcessors (for example: not eligible for auto-proxying). Is this bean getting eagerly injected into a currently created BeanPostProcessor [lbRestClientPostProcessor]? Check the corresponding BeanPostProcessor declaration and its dependencies.
2026-03-18T17:10:32.869+05:30  WARN 28364 --- [user-service] [main] trationDelegate$BeanPostProcessorChecker : Bean 'xForwarderHeadersTransformer' of type [org.springframework.cloud.loadbalancer.blocking.XForwardedHeadersTransformer] is not eligible for getting processed by all BeanPostProcessors (for example: not eligible for auto-proxying). Is this bean getting eagerly injected into a currently created BeanPostProcessor [lbRestClientPostProcessor]? Check the corresponding BeanPostProcessor declaration and its dependencies.
2026-03-18T17:10:32.871+05:30  WARN 28364 --- [user-service] [main] trationDelegate$BeanPostProcessorChecker : Bean 'org.springframework.cloud.client.loadbalancer.LoadBalancerAutoConfiguration' of type [org.springframework.cloud.client.loadbalancer.LoadBalancerAutoConfiguration] is not eligible for getting processed by all BeanPostProcessors (for example: not eligible for auto-proxying). Is this bean getting eagerly injected into a currently created BeanPostProcessor [lbRestClientPostProcessor]? Check the corresponding BeanPostProcessor declaration and its dependencies.
2026-03-18T17:10:32.875+05:30  WARN 28364 --- [user-service] [main] trationDelegate$BeanPostProcessorChecker : Bean 'loadBalancerRequestFactory' of type [org.springframework.cloud.client.loadbalancer.LoadBalancerRequestFactory] is not eligible for getting processed by all BeanPostProcessors (for example: not eligible for auto-proxying). Is this bean getting eagerly injected into a currently created BeanPostProcessor [lbRestClientPostProcessor]? Check the corresponding BeanPostProcessor declaration and its dependencies.
2026-03-18T17:10:32.879+05:30  WARN 28364 --- [user-service] [main] trationDelegate$BeanPostProcessorChecker : Bean 'loadBalancerInterceptor' of type [org.springframework.cloud.client.loadbalancer.LoadBalancerInterceptor] is not eligible for getting processed by all BeanPostProcessors (for example: not eligible for auto-proxying). Is this bean getting eagerly injected into a currently created BeanPostProcessor [lbRestClientPostProcessor]? Check the corresponding BeanPostProcessor declaration and its dependencies.
2026-03-18T17:10:33.248+05:30  INFO 28364 --- [user-service] [main] o.s.b.w.embedded.tomcat.TomcatWebServer  : Tomcat initialized with port 8080 (http)
2026-03-18T17:10:33.260+05:30  INFO 28364 --- [user-service] [main] o.apache.catalina.core.StandardService   : Starting service [Tomcat]
2026-03-18T17:10:33.260+05:30  INFO 28364 --- [user-service] [main] o.apache.catalina.core.StandardEngine    : Starting Servlet engine: [Apache Tomcat/10.1.16]
2026-03-18T17:10:33.354+05:30  INFO 28364 --- [user-service] [main] o.a.c.c.C.[Tomcat].[localhost].[/]       : Initializing Spring embedded WebApplicationContext
2026-03-18T17:10:33.354+05:30  INFO 28364 --- [user-service] [main] w.s.c.ServletWebServerApplicationContext : Root WebApplicationContext: initialization completed in 4079 ms
2026-03-18T17:10:33.929+05:30  INFO 28364 --- [user-service] [main] o.hibernate.jpa.internal.util.LogHelper  : HHH000204: Processing PersistenceUnitInfo [name: default]
2026-03-18T17:10:34.029+05:30  INFO 28364 --- [user-service] [main] org.hibernate.Version                    : HHH000412: Hibernate ORM core version 6.3.1.Final
2026-03-18T17:10:34.088+05:30  INFO 28364 --- [user-service] [main] o.h.c.internal.RegionFactoryInitiator    : HHH000026: Second-level cache disabled
2026-03-18T17:10:34.482+05:30  INFO 28364 --- [user-service] [main] o.s.o.j.p.SpringPersistenceUnitInfo      : No LoadTimeWeaver setup: ignoring JPA class transformer
2026-03-18T17:10:34.553+05:30  INFO 28364 --- [user-service] [main] com.zaxxer.hikari.HikariDataSource       : HikariPool-1 - Starting...
2026-03-18T17:10:34.820+05:30  INFO 28364 --- [user-service] [main] com.zaxxer.hikari.pool.HikariPool        : HikariPool-1 - Added connection com.mysql.cj.jdbc.ConnectionImpl@3713bedc
2026-03-18T17:10:34.823+05:30  INFO 28364 --- [user-service] [main] com.zaxxer.hikari.HikariDataSource       : HikariPool-1 - Start completed.
2026-03-18T17:10:36.768+05:30  INFO 28364 --- [user-service] [main] o.h.e.t.j.p.i.JtaPlatformInitiator       : HHH000489: No JTA platform available (set 'hibernate.transaction.jta.platform' to enable JTA platform integration)
2026-03-18T17:10:36.929+05:30  INFO 28364 --- [user-service] [main] j.LocalContainerEntityManagerFactoryBean : Initialized JPA EntityManagerFactory for persistence unit 'default'
2026-03-18T17:10:38.199+05:30  WARN 28364 --- [user-service] [main] .s.s.UserDetailsServiceAutoConfiguration : 

Using generated security password: 2c49b1c5-6f97-4891-bb45-45dbaf2acf15

This generated password is for development use only. Your security configuration must be updated before running your application in production.

2026-03-18T17:10:39.202+05:30  INFO 28364 --- [user-service] [main] o.s.b.a.e.web.EndpointLinksResolver      : Exposing 1 endpoint(s) beneath base path '/actuator'
2026-03-18T17:10:39.272+05:30  INFO 28364 --- [user-service] [main] o.s.s.web.DefaultSecurityFilterChain     : Will secure any request with [org.springframework.security.web.session.DisableEncodeUrlFilter@329b4814, org.springframework.security.web.context.request.async.WebAsyncManagerIntegrationFilter@26204f8f, org.springframework.security.web.context.SecurityContextHolderFilter@62f47cac, org.springframework.security.web.header.HeaderWriterFilter@32fcccd4, org.springframework.security.web.authentication.logout.LogoutFilter@47ffce5d, org.springframework.security.web.savedrequest.RequestCacheAwareFilter@171b82ea, org.springframework.security.web.servletapi.SecurityContextHolderAwareRequestFilter@6dad684f, org.springframework.security.web.authentication.AnonymousAuthenticationFilter@1419f703, org.springframework.security.web.session.SessionManagementFilter@47f50549, org.springframework.security.web.access.ExceptionTranslationFilter@d4594a8, org.springframework.security.web.access.intercept.AuthorizationFilter@68950f25]
2026-03-18T17:10:40.066+05:30  INFO 28364 --- [user-service] [main] DiscoveryClientOptionalArgsConfiguration : Eureka HTTP Client uses RestTemplate.
2026-03-18T17:10:40.194+05:30  WARN 28364 --- [user-service] [main] iguration$LoadBalancerCaffeineWarnLogger : Spring Cloud LoadBalancer is currently working with the default cache. While this cache implementation is useful for development and tests, it's recommended to use Caffeine cache in production.You can switch to using Caffeine cache, by adding it and org.springframework.cache.caffeine.CaffeineCacheManager to the classpath.
2026-03-18T17:10:40.362+05:30  INFO 28364 --- [user-service] [main] o.s.c.n.eureka.InstanceInfoFactory       : Setting initial instance status as: STARTING
2026-03-18T17:10:40.417+05:30  INFO 28364 --- [user-service] [main] com.netflix.discovery.DiscoveryClient    : Initializing Eureka in region us-east-1
2026-03-18T17:10:40.426+05:30  INFO 28364 --- [user-service] [main] c.n.d.s.r.aws.ConfigClusterResolver      : Resolving eureka endpoints via configuration
2026-03-18T17:10:40.461+05:30  INFO 28364 --- [user-service] [main] com.netflix.discovery.DiscoveryClient    : Disable delta property : false
2026-03-18T17:10:40.461+05:30  INFO 28364 --- [user-service] [main] com.netflix.discovery.DiscoveryClient    : Single vip registry refresh property : null
2026-03-18T17:10:40.461+05:30  INFO 28364 --- [user-service] [main] com.netflix.discovery.DiscoveryClient    : Force full registry fetch : false
2026-03-18T17:10:40.462+05:30  INFO 28364 --- [user-service] [main] com.netflix.discovery.DiscoveryClient    : Application is null : false
2026-03-18T17:10:40.462+05:30  INFO 28364 --- [user-service] [main] com.netflix.discovery.DiscoveryClient    : Registered Applications size is zero : true
2026-03-18T17:10:40.462+05:30  INFO 28364 --- [user-service] [main] com.netflix.discovery.DiscoveryClient    : Application version is -1: true
2026-03-18T17:10:40.462+05:30  INFO 28364 --- [user-service] [main] com.netflix.discovery.DiscoveryClient    : Getting all instance registry info from the eureka server
2026-03-18T17:10:41.059+05:30  INFO 28364 --- [user-service] [main] com.netflix.discovery.DiscoveryClient    : The response status is 200
2026-03-18T17:10:41.064+05:30  INFO 28364 --- [user-service] [main] com.netflix.discovery.DiscoveryClient    : Starting heartbeat executor: renew interval is: 30
2026-03-18T17:10:41.068+05:30  INFO 28364 --- [user-service] [main] c.n.discovery.InstanceInfoReplicator     : InstanceInfoReplicator onDemand update allowed rate per min is 4
2026-03-18T17:10:41.078+05:30  INFO 28364 --- [user-service] [main] com.netflix.discovery.DiscoveryClient    : Discovery Client initialized at timestamp 1773834041077 with initial instances count: 7
2026-03-18T17:10:41.096+05:30  INFO 28364 --- [user-service] [main] o.s.c.n.e.s.EurekaServiceRegistry        : Registering application USER-SERVICE with eureka with status UP
2026-03-18T17:10:41.098+05:30  INFO 28364 --- [user-service] [main] com.netflix.discovery.DiscoveryClient    : Saw local status change event StatusChangeEvent [timestamp=1773834041097, current=UP, previous=STARTING]
2026-03-18T17:10:41.101+05:30  INFO 28364 --- [user-service] [DiscoveryClient-InstanceInfoReplicator-0] com.netflix.discovery.DiscoveryClient    : DiscoveryClient_USER-SERVICE/81DH353.mshome.net:user-service:8080: registering service...
2026-03-18T17:10:41.139+05:30  INFO 28364 --- [user-service] [main] o.s.b.w.embedded.tomcat.TomcatWebServer  : Tomcat started on port 8080 (http) with context path ''
2026-03-18T17:10:41.140+05:30  INFO 28364 --- [user-service] [main] .s.c.n.e.s.EurekaAutoServiceRegistration : Updating port to 8080
2026-03-18T17:10:41.172+05:30  INFO 28364 --- [user-service] [main] c.e.user_service.UserServiceApplication  : Started UserServiceApplication in 12.747 seconds (process running for 14.075)
2026-03-18T17:10:41.178+05:30  INFO 28364 --- [user-service] [DiscoveryClient-InstanceInfoReplicator-0] com.netflix.discovery.DiscoveryClient    : DiscoveryClient_USER-SERVICE/81DH353.mshome.net:user-service:8080 - registration status: 204
2026-03-18T17:10:41.637+05:30  INFO 28364 --- [user-service] [RMI TCP Connection(5)-127.0.0.1] o.a.c.c.C.[Tomcat].[localhost].[/]       : Initializing Spring DispatcherServlet 'dispatcherServlet'
2026-03-18T17:10:41.638+05:30  INFO 28364 --- [user-service] [RMI TCP Connection(5)-127.0.0.1] o.s.web.servlet.DispatcherServlet        : Initializing Servlet 'dispatcherServlet'
2026-03-18T17:10:41.640+05:30  INFO 28364 --- [user-service] [RMI TCP Connection(5)-127.0.0.1] o.s.web.servlet.DispatcherServlet        : Completed initialization in 2 ms
2026-03-18T17:12:37.117+05:30 DEBUG 28364 --- [user-service] [http-nio-8080-exec-1] o.s.security.web.FilterChainProxy        : Securing POST /api/auth/login
2026-03-18T17:12:37.146+05:30 DEBUG 28364 --- [user-service] [http-nio-8080-exec-1] o.s.s.w.a.AnonymousAuthenticationFilter  : Set SecurityContextHolder to anonymous SecurityContext
2026-03-18T17:12:37.150+05:30  WARN 28364 --- [user-service] [http-nio-8080-exec-1] o.s.w.s.h.HandlerMappingIntrospector     : Cache miss for REQUEST dispatch to '/api/auth/login' (previous null). Performing MatchableHandlerMapping lookup. This is logged once only at WARN level, and every time at TRACE.
2026-03-18T17:12:37.167+05:30 DEBUG 28364 --- [user-service] [http-nio-8080-exec-1] o.s.security.web.FilterChainProxy        : Secured POST /api/auth/login
2026-03-18T17:12:38.556+05:30 DEBUG 28364 --- [user-service] [http-nio-8080-exec-2] o.s.security.web.FilterChainProxy        : Securing GET /api/users/32
2026-03-18T17:12:38.561+05:30 DEBUG 28364 --- [user-service] [http-nio-8080-exec-2] o.s.s.w.a.AnonymousAuthenticationFilter  : Set SecurityContextHolder to anonymous SecurityContext
2026-03-18T17:12:38.571+05:30 DEBUG 28364 --- [user-service] [http-nio-8080-exec-2] o.s.security.web.FilterChainProxy        : Secured GET /api/users/32
2026-03-18T17:12:38.740+05:30 DEBUG 28364 --- [user-service] [http-nio-8080-exec-5] o.s.security.web.FilterChainProxy        : Securing GET /api/users/32
2026-03-18T17:12:38.741+05:30 DEBUG 28364 --- [user-service] [http-nio-8080-exec-5] o.s.s.w.a.AnonymousAuthenticationFilter  : Set SecurityContextHolder to anonymous SecurityContext
2026-03-18T17:12:38.745+05:30 DEBUG 28364 --- [user-service] [http-nio-8080-exec-5] o.s.security.web.FilterChainProxy        : Secured GET /api/users/32
2026-03-18T17:15:40.474+05:30  INFO 28364 --- [user-service] [AsyncResolver-bootstrap-executor-0] c.n.d.s.r.aws.ConfigClusterResolver      : Resolving eureka endpoints via configuration
2026-03-18T17:20:40.488+05:30  INFO 28364 --- [user-service] [AsyncResolver-bootstrap-executor-0] c.n.d.s.r.aws.ConfigClusterResolver      : Resolving eureka endpoints via configuration
2026-03-18T17:25:40.511+05:30  INFO 28364 --- [user-service] [AsyncResolver-bootstrap-executor-0] c.n.d.s.r.aws.ConfigClusterResolver      : Resolving eureka endpoints via configuration
2026-03-18T17:33:24.350+05:30  INFO 22576 --- [user-service] [main] c.e.user_service.UserServiceApplication  : Starting UserServiceApplication using Java 21.0.9 with PID 22576 (C:\Users\170529\Documents\workspace-spring-tools-for-eclipse-4.32.2.RELEASE\user-service\target\classes started by 170529 in C:\Users\170529\Documents\workspace-spring-tools-for-eclipse-4.32.2.RELEASE\user-service)
2026-03-18T17:33:24.356+05:30  INFO 22576 --- [user-service] [main] c.e.user_service.UserServiceApplication  : No active profile set, falling back to 1 default profile: "default"
2026-03-18T17:33:38.985+05:30  INFO 22576 --- [user-service] [main] .s.d.r.c.RepositoryConfigurationDelegate : Bootstrapping Spring Data JPA repositories in DEFAULT mode.
2026-03-18T17:33:39.832+05:30  INFO 22576 --- [user-service] [main] .s.d.r.c.RepositoryConfigurationDelegate : Finished Spring Data repository scanning in 764 ms. Found 4 JPA repository interfaces.
2026-03-18T17:33:41.826+05:30  INFO 22576 --- [user-service] [main] o.s.cloud.context.scope.GenericScope     : BeanFactory id=28d6215a-ed40-3b53-a0fb-7eb293c36c30
2026-03-18T17:33:43.674+05:30  WARN 22576 --- [user-service] [main] trationDelegate$BeanPostProcessorChecker : Bean 'org.springframework.cloud.client.loadbalancer.LoadBalancerAutoConfiguration$LoadBalancerInterceptorConfig' of type [org.springframework.cloud.client.loadbalancer.LoadBalancerAutoConfiguration$LoadBalancerInterceptorConfig] is not eligible for getting processed by all BeanPostProcessors (for example: not eligible for auto-proxying). The currently created BeanPostProcessor [lbRestClientPostProcessor] is declared through a non-static factory method on that class; consider declaring it as static instead.
2026-03-18T17:33:43.722+05:30  WARN 22576 --- [user-service] [main] trationDelegate$BeanPostProcessorChecker : Bean 'org.springframework.cloud.loadbalancer.config.BlockingLoadBalancerClientAutoConfiguration' of type [org.springframework.cloud.loadbalancer.config.BlockingLoadBalancerClientAutoConfiguration] is not eligible for getting processed by all BeanPostProcessors (for example: not eligible for auto-proxying). Is this bean getting eagerly injected into a currently created BeanPostProcessor [lbRestClientPostProcessor]? Check the corresponding BeanPostProcessor declaration and its dependencies.
2026-03-18T17:33:43.731+05:30  WARN 22576 --- [user-service] [main] trationDelegate$BeanPostProcessorChecker : Bean 'org.springframework.cloud.loadbalancer.config.LoadBalancerAutoConfiguration' of type [org.springframework.cloud.loadbalancer.config.LoadBalancerAutoConfiguration] is not eligible for getting processed by all BeanPostProcessors (for example: not eligible for auto-proxying). Is this bean getting eagerly injected into a currently created BeanPostProcessor [lbRestClientPostProcessor]? Check the corresponding BeanPostProcessor declaration and its dependencies.
2026-03-18T17:33:43.774+05:30  WARN 22576 --- [user-service] [main] trationDelegate$BeanPostProcessorChecker : Bean 'org.springframework.cloud.commons.config.CommonsConfigAutoConfiguration' of type [org.springframework.cloud.commons.config.CommonsConfigAutoConfiguration] is not eligible for getting processed by all BeanPostProcessors (for example: not eligible for auto-proxying). Is this bean getting eagerly injected into a currently created BeanPostProcessor [lbRestClientPostProcessor]? Check the corresponding BeanPostProcessor declaration and its dependencies.
2026-03-18T17:33:43.785+05:30  WARN 22576 --- [user-service] [main] trationDelegate$BeanPostProcessorChecker : Bean 'org.springframework.cloud.client.loadbalancer.LoadBalancerDefaultMappingsProviderAutoConfiguration' of type [org.springframework.cloud.client.loadbalancer.LoadBalancerDefaultMappingsProviderAutoConfiguration] is not eligible for getting processed by all BeanPostProcessors (for example: not eligible for auto-proxying). Is this bean getting eagerly injected into a currently created BeanPostProcessor [lbRestClientPostProcessor]? Check the corresponding BeanPostProcessor declaration and its dependencies.
2026-03-18T17:33:43.794+05:30  WARN 22576 --- [user-service] [main] trationDelegate$BeanPostProcessorChecker : Bean 'loadBalancerClientsDefaultsMappingsProvider' of type [org.springframework.cloud.client.loadbalancer.LoadBalancerDefaultMappingsProviderAutoConfiguration$$Lambda/0x000002838154d5a0] is not eligible for getting processed by all BeanPostProcessors (for example: not eligible for auto-proxying). Is this bean getting eagerly injected into a currently created BeanPostProcessor [lbRestClientPostProcessor]? Check the corresponding BeanPostProcessor declaration and its dependencies.
2026-03-18T17:33:43.815+05:30  WARN 22576 --- [user-service] [main] trationDelegate$BeanPostProcessorChecker : Bean 'defaultsBindHandlerAdvisor' of type [org.springframework.cloud.commons.config.DefaultsBindHandlerAdvisor] is not eligible for getting processed by all BeanPostProcessors (for example: not eligible for auto-proxying). Is this bean getting eagerly injected into a currently created BeanPostProcessor [lbRestClientPostProcessor]? Check the corresponding BeanPostProcessor declaration and its dependencies.
2026-03-18T17:33:43.847+05:30  WARN 22576 --- [user-service] [main] trationDelegate$BeanPostProcessorChecker : Bean 'spring.cloud.loadbalancer-org.springframework.cloud.client.loadbalancer.LoadBalancerClientsProperties' of type [org.springframework.cloud.client.loadbalancer.LoadBalancerClientsProperties] is not eligible for getting processed by all BeanPostProcessors (for example: not eligible for auto-proxying). Is this bean getting eagerly injected into a currently created BeanPostProcessor [lbRestClientPostProcessor]? Check the corresponding BeanPostProcessor declaration and its dependencies.
2026-03-18T17:33:43.887+05:30  WARN 22576 --- [user-service] [main] trationDelegate$BeanPostProcessorChecker : Bean 'default.org.springframework.cloud.loadbalancer.config.LoadBalancerAutoConfiguration.LoadBalancerClientSpecification' of type [org.springframework.cloud.loadbalancer.annotation.LoadBalancerClientSpecification] is not eligible for getting processed by all BeanPostProcessors (for example: not eligible for auto-proxying). Is this bean getting eagerly injected into a currently created BeanPostProcessor [lbRestClientPostProcessor]? Check the corresponding BeanPostProcessor declaration and its dependencies.
2026-03-18T17:33:43.898+05:30  WARN 22576 --- [user-service] [main] trationDelegate$BeanPostProcessorChecker : Bean 'default.org.springframework.cloud.loadbalancer.config.BlockingLoadBalancerClientAutoConfiguration.LoadBalancerClientSpecification' of type [org.springframework.cloud.loadbalancer.annotation.LoadBalancerClientSpecification] is not eligible for getting processed by all BeanPostProcessors (for example: not eligible for auto-proxying). Is this bean getting eagerly injected into a currently created BeanPostProcessor [lbRestClientPostProcessor]? Check the corresponding BeanPostProcessor declaration and its dependencies.
2026-03-18T17:33:43.901+05:30  WARN 22576 --- [user-service] [main] trationDelegate$BeanPostProcessorChecker : Bean 'default.org.springframework.cloud.netflix.eureka.loadbalancer.LoadBalancerEurekaAutoConfiguration.LoadBalancerClientSpecification' of type [org.springframework.cloud.loadbalancer.annotation.LoadBalancerClientSpecification] is not eligible for getting processed by all BeanPostProcessors (for example: not eligible for auto-proxying). Is this bean getting eagerly injected into a currently created BeanPostProcessor [lbRestClientPostProcessor]? Check the corresponding BeanPostProcessor declaration and its dependencies.
2026-03-18T17:33:43.950+05:30  WARN 22576 --- [user-service] [main] trationDelegate$BeanPostProcessorChecker : Bean 'loadBalancerClientFactory' of type [org.springframework.cloud.loadbalancer.support.LoadBalancerClientFactory] is not eligible for getting processed by all BeanPostProcessors (for example: not eligible for auto-proxying). Is this bean getting eagerly injected into a currently created BeanPostProcessor [lbRestClientPostProcessor]? Check the corresponding BeanPostProcessor declaration and its dependencies.
2026-03-18T17:33:44.000+05:30  WARN 22576 --- [user-service] [main] trationDelegate$BeanPostProcessorChecker : Bean 'blockingLoadBalancerClient' of type [org.springframework.cloud.loadbalancer.blocking.client.BlockingLoadBalancerClient] is not eligible for getting processed by all BeanPostProcessors (for example: not eligible for auto-proxying). Is this bean getting eagerly injected into a currently created BeanPostProcessor [lbRestClientPostProcessor]? Check the corresponding BeanPostProcessor declaration and its dependencies.
2026-03-18T17:33:44.077+05:30  WARN 22576 --- [user-service] [main] trationDelegate$BeanPostProcessorChecker : Bean 'loadBalancerServiceInstanceCookieTransformer' of type [org.springframework.cloud.loadbalancer.core.LoadBalancerServiceInstanceCookieTransformer] is not eligible for getting processed by all BeanPostProcessors (for example: not eligible for auto-proxying). Is this bean getting eagerly injected into a currently created BeanPostProcessor [lbRestClientPostProcessor]? Check the corresponding BeanPostProcessor declaration and its dependencies.
2026-03-18T17:33:44.084+05:30  WARN 22576 --- [user-service] [main] trationDelegate$BeanPostProcessorChecker : Bean 'xForwarderHeadersTransformer' of type [org.springframework.cloud.loadbalancer.blocking.XForwardedHeadersTransformer] is not eligible for getting processed by all BeanPostProcessors (for example: not eligible for auto-proxying). Is this bean getting eagerly injected into a currently created BeanPostProcessor [lbRestClientPostProcessor]? Check the corresponding BeanPostProcessor declaration and its dependencies.
2026-03-18T17:33:44.094+05:30  WARN 22576 --- [user-service] [main] trationDelegate$BeanPostProcessorChecker : Bean 'org.springframework.cloud.client.loadbalancer.LoadBalancerAutoConfiguration' of type [org.springframework.cloud.client.loadbalancer.LoadBalancerAutoConfiguration] is not eligible for getting processed by all BeanPostProcessors (for example: not eligible for auto-proxying). Is this bean getting eagerly injected into a currently created BeanPostProcessor [lbRestClientPostProcessor]? Check the corresponding BeanPostProcessor declaration and its dependencies.
2026-03-18T17:33:44.101+05:30  WARN 22576 --- [user-service] [main] trationDelegate$BeanPostProcessorChecker : Bean 'loadBalancerRequestFactory' of type [org.springframework.cloud.client.loadbalancer.LoadBalancerRequestFactory] is not eligible for getting processed by all BeanPostProcessors (for example: not eligible for auto-proxying). Is this bean getting eagerly injected into a currently created BeanPostProcessor [lbRestClientPostProcessor]? Check the corresponding BeanPostProcessor declaration and its dependencies.
2026-03-18T17:33:44.118+05:30  WARN 22576 --- [user-service] [main] trationDelegate$BeanPostProcessorChecker : Bean 'loadBalancerInterceptor' of type [org.springframework.cloud.client.loadbalancer.LoadBalancerInterceptor] is not eligible for getting processed by all BeanPostProcessors (for example: not eligible for auto-proxying). Is this bean getting eagerly injected into a currently created BeanPostProcessor [lbRestClientPostProcessor]? Check the corresponding BeanPostProcessor declaration and its dependencies.
2026-03-18T17:33:45.494+05:30  INFO 22576 --- [user-service] [main] o.s.b.w.embedded.tomcat.TomcatWebServer  : Tomcat initialized with port 8080 (http)
2026-03-18T17:33:45.524+05:30  INFO 22576 --- [user-service] [main] o.apache.catalina.core.StandardService   : Starting service [Tomcat]
2026-03-18T17:33:45.527+05:30  INFO 22576 --- [user-service] [main] o.apache.catalina.core.StandardEngine    : Starting Servlet engine: [Apache Tomcat/10.1.16]
2026-03-18T17:33:45.876+05:30  INFO 22576 --- [user-service] [main] o.a.c.c.C.[Tomcat].[localhost].[/]       : Initializing Spring embedded WebApplicationContext
2026-03-18T17:33:45.877+05:30  INFO 22576 --- [user-service] [main] w.s.c.ServletWebServerApplicationContext : Root WebApplicationContext: initialization completed in 21363 ms
2026-03-18T17:33:47.634+05:30  INFO 22576 --- [user-service] [main] o.hibernate.jpa.internal.util.LogHelper  : HHH000204: Processing PersistenceUnitInfo [name: default]
2026-03-18T17:33:47.904+05:30  INFO 22576 --- [user-service] [main] org.hibernate.Version                    : HHH000412: Hibernate ORM core version 6.3.1.Final
2026-03-18T17:33:48.085+05:30  INFO 22576 --- [user-service] [main] o.h.c.internal.RegionFactoryInitiator    : HHH000026: Second-level cache disabled
2026-03-18T17:33:49.536+05:30  INFO 22576 --- [user-service] [main] o.s.o.j.p.SpringPersistenceUnitInfo      : No LoadTimeWeaver setup: ignoring JPA class transformer
2026-03-18T17:33:49.723+05:30  INFO 22576 --- [user-service] [main] com.zaxxer.hikari.HikariDataSource       : HikariPool-1 - Starting...
2026-03-18T17:33:52.318+05:30  INFO 22576 --- [user-service] [main] com.zaxxer.hikari.pool.HikariPool        : HikariPool-1 - Added connection com.mysql.cj.jdbc.ConnectionImpl@4fcedf83
2026-03-18T17:33:52.327+05:30  INFO 22576 --- [user-service] [main] com.zaxxer.hikari.HikariDataSource       : HikariPool-1 - Start completed.
2026-03-18T17:33:59.589+05:30  INFO 22576 --- [user-service] [main] o.h.e.t.j.p.i.JtaPlatformInitiator       : HHH000489: No JTA platform available (set 'hibernate.transaction.jta.platform' to enable JTA platform integration)
2026-03-18T17:33:59.880+05:30  INFO 22576 --- [user-service] [main] j.LocalContainerEntityManagerFactoryBean : Initialized JPA EntityManagerFactory for persistence unit 'default'
2026-03-18T17:34:03.427+05:30  WARN 22576 --- [user-service] [main] .s.s.UserDetailsServiceAutoConfiguration : 

Using generated security password: 10094ab1-2ca5-43db-8427-b205ea771306

This generated password is for development use only. Your security configuration must be updated before running your application in production.

2026-03-18T17:34:07.097+05:30  INFO 22576 --- [user-service] [main] o.s.b.a.e.web.EndpointLinksResolver      : Exposing 1 endpoint(s) beneath base path '/actuator'
2026-03-18T17:34:07.370+05:30  INFO 22576 --- [user-service] [main] o.s.s.web.DefaultSecurityFilterChain     : Will secure any request with [org.springframework.security.web.session.DisableEncodeUrlFilter@510c6b9, org.springframework.security.web.context.request.async.WebAsyncManagerIntegrationFilter@4c666872, org.springframework.security.web.context.SecurityContextHolderFilter@64f3f849, org.springframework.security.web.header.HeaderWriterFilter@4467c026, org.springframework.security.web.authentication.logout.LogoutFilter@615d74e9, org.springframework.security.web.savedrequest.RequestCacheAwareFilter@2eb6a77f, org.springframework.security.web.servletapi.SecurityContextHolderAwareRequestFilter@3d8d926f, org.springframework.security.web.authentication.AnonymousAuthenticationFilter@7c4a7770, org.springframework.security.web.session.SessionManagementFilter@43941806, org.springframework.security.web.access.ExceptionTranslationFilter@252da8f, org.springframework.security.web.access.intercept.AuthorizationFilter@c62d08a]
2026-03-18T17:34:11.070+05:30  INFO 22576 --- [user-service] [main] DiscoveryClientOptionalArgsConfiguration : Eureka HTTP Client uses RestTemplate.
2026-03-18T17:34:11.326+05:30  WARN 22576 --- [user-service] [main] iguration$LoadBalancerCaffeineWarnLogger : Spring Cloud LoadBalancer is currently working with the default cache. While this cache implementation is useful for development and tests, it's recommended to use Caffeine cache in production.You can switch to using Caffeine cache, by adding it and org.springframework.cache.caffeine.CaffeineCacheManager to the classpath.
2026-03-18T17:34:11.654+05:30  INFO 22576 --- [user-service] [main] o.s.c.n.eureka.InstanceInfoFactory       : Setting initial instance status as: STARTING
2026-03-18T17:34:11.779+05:30  INFO 22576 --- [user-service] [main] com.netflix.discovery.DiscoveryClient    : Initializing Eureka in region us-east-1
2026-03-18T17:34:11.793+05:30  INFO 22576 --- [user-service] [main] c.n.d.s.r.aws.ConfigClusterResolver      : Resolving eureka endpoints via configuration
2026-03-18T17:34:11.903+05:30  INFO 22576 --- [user-service] [main] com.netflix.discovery.DiscoveryClient    : Disable delta property : false
2026-03-18T17:34:11.903+05:30  INFO 22576 --- [user-service] [main] com.netflix.discovery.DiscoveryClient    : Single vip registry refresh property : null
2026-03-18T17:34:11.903+05:30  INFO 22576 --- [user-service] [main] com.netflix.discovery.DiscoveryClient    : Force full registry fetch : false
2026-03-18T17:34:11.903+05:30  INFO 22576 --- [user-service] [main] com.netflix.discovery.DiscoveryClient    : Application is null : false
2026-03-18T17:34:11.904+05:30  INFO 22576 --- [user-service] [main] com.netflix.discovery.DiscoveryClient    : Registered Applications size is zero : true
2026-03-18T17:34:11.904+05:30  INFO 22576 --- [user-service] [main] com.netflix.discovery.DiscoveryClient    : Application version is -1: true
2026-03-18T17:34:11.904+05:30  INFO 22576 --- [user-service] [main] com.netflix.discovery.DiscoveryClient    : Getting all instance registry info from the eureka server
2026-03-18T17:34:13.587+05:30  INFO 22576 --- [user-service] [main] com.netflix.discovery.DiscoveryClient    : The response status is 200
2026-03-18T17:34:13.595+05:30  INFO 22576 --- [user-service] [main] com.netflix.discovery.DiscoveryClient    : Starting heartbeat executor: renew interval is: 30
2026-03-18T17:34:13.601+05:30  INFO 22576 --- [user-service] [main] c.n.discovery.InstanceInfoReplicator     : InstanceInfoReplicator onDemand update allowed rate per min is 4
2026-03-18T17:34:13.613+05:30  INFO 22576 --- [user-service] [main] com.netflix.discovery.DiscoveryClient    : Discovery Client initialized at timestamp 1773835453611 with initial instances count: 1
2026-03-18T17:34:13.727+05:30  INFO 22576 --- [user-service] [main] o.s.c.n.e.s.EurekaServiceRegistry        : Registering application USER-SERVICE with eureka with status UP
2026-03-18T17:34:13.728+05:30  INFO 22576 --- [user-service] [main] com.netflix.discovery.DiscoveryClient    : Saw local status change event StatusChangeEvent [timestamp=1773835453728, current=UP, previous=STARTING]
2026-03-18T17:34:13.734+05:30  INFO 22576 --- [user-service] [DiscoveryClient-InstanceInfoReplicator-0] com.netflix.discovery.DiscoveryClient    : DiscoveryClient_USER-SERVICE/81DH353.mshome.net:user-service:8080: registering service...
2026-03-18T17:34:13.838+05:30  INFO 22576 --- [user-service] [main] o.s.b.w.embedded.tomcat.TomcatWebServer  : Tomcat started on port 8080 (http) with context path ''
2026-03-18T17:34:13.839+05:30  INFO 22576 --- [user-service] [main] .s.c.n.e.s.EurekaAutoServiceRegistration : Updating port to 8080
2026-03-18T17:34:13.900+05:30  INFO 22576 --- [user-service] [DiscoveryClient-InstanceInfoReplicator-0] com.netflix.discovery.DiscoveryClient    : DiscoveryClient_USER-SERVICE/81DH353.mshome.net:user-service:8080 - registration status: 204
2026-03-18T17:34:14.099+05:30  INFO 22576 --- [user-service] [main] c.e.user_service.UserServiceApplication  : Started UserServiceApplication in 52.405 seconds (process running for 55.194)
2026-03-18T17:34:15.061+05:30  INFO 22576 --- [user-service] [RMI TCP Connection(10)-127.0.0.1] o.a.c.c.C.[Tomcat].[localhost].[/]       : Initializing Spring DispatcherServlet 'dispatcherServlet'
2026-03-18T17:34:15.062+05:30  INFO 22576 --- [user-service] [RMI TCP Connection(10)-127.0.0.1] o.s.web.servlet.DispatcherServlet        : Initializing Servlet 'dispatcherServlet'
2026-03-18T17:34:15.067+05:30  INFO 22576 --- [user-service] [RMI TCP Connection(10)-127.0.0.1] o.s.web.servlet.DispatcherServlet        : Completed initialization in 5 ms
2026-03-18T17:37:11.467+05:30 DEBUG 22576 --- [user-service] [http-nio-8080-exec-2] o.s.security.web.FilterChainProxy        : Securing POST /api/auth/login
2026-03-18T17:37:11.493+05:30 DEBUG 22576 --- [user-service] [http-nio-8080-exec-2] o.s.s.w.a.AnonymousAuthenticationFilter  : Set SecurityContextHolder to anonymous SecurityContext
2026-03-18T17:37:11.497+05:30  WARN 22576 --- [user-service] [http-nio-8080-exec-2] o.s.w.s.h.HandlerMappingIntrospector     : Cache miss for REQUEST dispatch to '/api/auth/login' (previous null). Performing MatchableHandlerMapping lookup. This is logged once only at WARN level, and every time at TRACE.
2026-03-18T17:37:11.515+05:30 DEBUG 22576 --- [user-service] [http-nio-8080-exec-2] o.s.security.web.FilterChainProxy        : Secured POST /api/auth/login
2026-03-18T17:37:12.402+05:30 DEBUG 22576 --- [user-service] [http-nio-8080-exec-3] o.s.security.web.FilterChainProxy        : Securing GET /api/users/32
2026-03-18T17:37:12.402+05:30 DEBUG 22576 --- [user-service] [http-nio-8080-exec-3] o.s.s.w.a.AnonymousAuthenticationFilter  : Set SecurityContextHolder to anonymous SecurityContext
2026-03-18T17:37:12.405+05:30 DEBUG 22576 --- [user-service] [http-nio-8080-exec-3] o.s.security.web.FilterChainProxy        : Secured GET /api/users/32
2026-03-18T17:37:12.548+05:30 DEBUG 22576 --- [user-service] [http-nio-8080-exec-6] o.s.security.web.FilterChainProxy        : Securing GET /api/users/32
2026-03-18T17:37:12.548+05:30 DEBUG 22576 --- [user-service] [http-nio-8080-exec-6] o.s.s.w.a.AnonymousAuthenticationFilter  : Set SecurityContextHolder to anonymous SecurityContext
2026-03-18T17:37:12.559+05:30 DEBUG 22576 --- [user-service] [http-nio-8080-exec-6] o.s.security.web.FilterChainProxy        : Secured GET /api/users/32
2026-03-18T17:39:04.243+05:30 DEBUG 22576 --- [user-service] [http-nio-8080-exec-4] o.s.security.web.FilterChainProxy        : Securing GET /api/users/32
2026-03-18T17:39:04.247+05:30 DEBUG 22576 --- [user-service] [http-nio-8080-exec-4] o.s.s.w.a.AnonymousAuthenticationFilter  : Set SecurityContextHolder to anonymous SecurityContext
2026-03-18T17:39:04.251+05:30 DEBUG 22576 --- [user-service] [http-nio-8080-exec-4] o.s.security.web.FilterChainProxy        : Secured GET /api/users/32
2026-03-18T17:39:04.290+05:30 DEBUG 22576 --- [user-service] [http-nio-8080-exec-5] o.s.security.web.FilterChainProxy        : Securing GET /api/users/32
2026-03-18T17:39:04.292+05:30 DEBUG 22576 --- [user-service] [http-nio-8080-exec-5] o.s.s.w.a.AnonymousAuthenticationFilter  : Set SecurityContextHolder to anonymous SecurityContext
2026-03-18T17:39:04.294+05:30 DEBUG 22576 --- [user-service] [http-nio-8080-exec-5] o.s.security.web.FilterChainProxy        : Secured GET /api/users/32
2026-03-18T17:39:11.934+05:30  INFO 22576 --- [user-service] [AsyncResolver-bootstrap-executor-0] c.n.d.s.r.aws.ConfigClusterResolver      : Resolving eureka endpoints via configuration
2026-03-18T17:44:11.942+05:30  INFO 22576 --- [user-service] [AsyncResolver-bootstrap-executor-0] c.n.d.s.r.aws.ConfigClusterResolver      : Resolving eureka endpoints via configuration
2026-03-18T17:49:11.959+05:30  INFO 22576 --- [user-service] [AsyncResolver-bootstrap-executor-0] c.n.d.s.r.aws.ConfigClusterResolver      : Resolving eureka endpoints via configuration
2026-03-18T17:49:12.401+05:30 DEBUG 22576 --- [user-service] [http-nio-8080-exec-10] o.s.security.web.FilterChainProxy        : Securing GET /api/users/32
2026-03-18T17:49:12.401+05:30 DEBUG 22576 --- [user-service] [http-nio-8080-exec-10] o.s.s.w.a.AnonymousAuthenticationFilter  : Set SecurityContextHolder to anonymous SecurityContext
2026-03-18T17:49:12.401+05:30 DEBUG 22576 --- [user-service] [http-nio-8080-exec-10] o.s.security.web.FilterChainProxy        : Secured GET /api/users/32
2026-03-18T17:49:12.449+05:30 DEBUG 22576 --- [user-service] [http-nio-8080-exec-8] o.s.security.web.FilterChainProxy        : Securing GET /api/users/32
2026-03-18T17:49:12.450+05:30 DEBUG 22576 --- [user-service] [http-nio-8080-exec-8] o.s.s.w.a.AnonymousAuthenticationFilter  : Set SecurityContextHolder to anonymous SecurityContext
2026-03-18T17:49:12.452+05:30 DEBUG 22576 --- [user-service] [http-nio-8080-exec-8] o.s.security.web.FilterChainProxy        : Secured GET /api/users/32
2026-03-18T17:54:11.979+05:30  INFO 22576 --- [user-service] [AsyncResolver-bootstrap-executor-0] c.n.d.s.r.aws.ConfigClusterResolver      : Resolving eureka endpoints via configuration
2026-03-18T17:54:24.443+05:30 DEBUG 22576 --- [user-service] [http-nio-8080-exec-2] o.s.security.web.FilterChainProxy        : Securing POST /api/users/logout
2026-03-18T17:54:24.443+05:30 DEBUG 22576 --- [user-service] [http-nio-8080-exec-2] o.s.s.w.a.AnonymousAuthenticationFilter  : Set SecurityContextHolder to anonymous SecurityContext
2026-03-18T17:54:24.447+05:30 DEBUG 22576 --- [user-service] [http-nio-8080-exec-2] o.s.security.web.FilterChainProxy        : Secured POST /api/users/logout
