2026-03-16T10:07:40.510+05:30  INFO 31140 --- [course-service] [main] c.e.c.CourseServiceApplication           : Starting CourseServiceApplication using Java 21.0.9 with PID 31140 (C:\Users\170529\Documents\workspace-spring-tools-for-eclipse-4.32.2.RELEASE\course-service\target\classes started by 170529 in C:\Users\170529\Documents\workspace-spring-tools-for-eclipse-4.32.2.RELEASE\course-service)
2026-03-16T10:07:40.520+05:30 DEBUG 31140 --- [course-service] [main] c.e.c.CourseServiceApplication           : Running with Spring Boot v3.2.0, Spring v6.1.1
2026-03-16T10:07:40.563+05:30  INFO 31140 --- [course-service] [main] c.e.c.CourseServiceApplication           : No active profile set, falling back to 1 default profile: "default"
2026-03-16T10:07:51.644+05:30  INFO 31140 --- [course-service] [main] .s.d.r.c.RepositoryConfigurationDelegate : Bootstrapping Spring Data JPA repositories in DEFAULT mode.
2026-03-16T10:07:52.467+05:30  INFO 31140 --- [course-service] [main] .s.d.r.c.RepositoryConfigurationDelegate : Finished Spring Data repository scanning in 788 ms. Found 4 JPA repository interfaces.
2026-03-16T10:07:54.175+05:30  INFO 31140 --- [course-service] [main] o.s.cloud.context.scope.GenericScope     : BeanFactory id=8e67e5e2-643f-3755-9e7d-bb356cbb7fbf
2026-03-16T10:07:54.945+05:30  WARN 31140 --- [course-service] [main] trationDelegate$BeanPostProcessorChecker : Bean 'org.springframework.cloud.client.loadbalancer.LoadBalancerAutoConfiguration$LoadBalancerInterceptorConfig' of type [org.springframework.cloud.client.loadbalancer.LoadBalancerAutoConfiguration$LoadBalancerInterceptorConfig] is not eligible for getting processed by all BeanPostProcessors (for example: not eligible for auto-proxying). The currently created BeanPostProcessor [lbRestClientPostProcessor] is declared through a non-static factory method on that class; consider declaring it as static instead.
2026-03-16T10:07:54.949+05:30  WARN 31140 --- [course-service] [main] trationDelegate$BeanPostProcessorChecker : Bean 'org.springframework.cloud.loadbalancer.config.BlockingLoadBalancerClientAutoConfiguration' of type [org.springframework.cloud.loadbalancer.config.BlockingLoadBalancerClientAutoConfiguration] is not eligible for getting processed by all BeanPostProcessors (for example: not eligible for auto-proxying). Is this bean getting eagerly injected into a currently created BeanPostProcessor [lbRestClientPostProcessor]? Check the corresponding BeanPostProcessor declaration and its dependencies.
2026-03-16T10:07:54.979+05:30  WARN 31140 --- [course-service] [main] trationDelegate$BeanPostProcessorChecker : Bean 'org.springframework.cloud.loadbalancer.config.LoadBalancerAutoConfiguration' of type [org.springframework.cloud.loadbalancer.config.LoadBalancerAutoConfiguration] is not eligible for getting processed by all BeanPostProcessors (for example: not eligible for auto-proxying). Is this bean getting eagerly injected into a currently created BeanPostProcessor [lbRestClientPostProcessor]? Check the corresponding BeanPostProcessor declaration and its dependencies.
2026-03-16T10:07:54.995+05:30  WARN 31140 --- [course-service] [main] trationDelegate$BeanPostProcessorChecker : Bean 'org.springframework.cloud.commons.config.CommonsConfigAutoConfiguration' of type [org.springframework.cloud.commons.config.CommonsConfigAutoConfiguration] is not eligible for getting processed by all BeanPostProcessors (for example: not eligible for auto-proxying). Is this bean getting eagerly injected into a currently created BeanPostProcessor [lbRestClientPostProcessor]? Check the corresponding BeanPostProcessor declaration and its dependencies.
2026-03-16T10:07:54.999+05:30  WARN 31140 --- [course-service] [main] trationDelegate$BeanPostProcessorChecker : Bean 'org.springframework.cloud.client.loadbalancer.LoadBalancerDefaultMappingsProviderAutoConfiguration' of type [org.springframework.cloud.client.loadbalancer.LoadBalancerDefaultMappingsProviderAutoConfiguration] is not eligible for getting processed by all BeanPostProcessors (for example: not eligible for auto-proxying). Is this bean getting eagerly injected into a currently created BeanPostProcessor [lbRestClientPostProcessor]? Check the corresponding BeanPostProcessor declaration and its dependencies.
2026-03-16T10:07:55.001+05:30  WARN 31140 --- [course-service] [main] trationDelegate$BeanPostProcessorChecker : Bean 'loadBalancerClientsDefaultsMappingsProvider' of type [org.springframework.cloud.client.loadbalancer.LoadBalancerDefaultMappingsProviderAutoConfiguration$$Lambda/0x000002a5104a5250] is not eligible for getting processed by all BeanPostProcessors (for example: not eligible for auto-proxying). Is this bean getting eagerly injected into a currently created BeanPostProcessor [lbRestClientPostProcessor]? Check the corresponding BeanPostProcessor declaration and its dependencies.
2026-03-16T10:07:55.004+05:30  WARN 31140 --- [course-service] [main] trationDelegate$BeanPostProcessorChecker : Bean 'defaultsBindHandlerAdvisor' of type [org.springframework.cloud.commons.config.DefaultsBindHandlerAdvisor] is not eligible for getting processed by all BeanPostProcessors (for example: not eligible for auto-proxying). Is this bean getting eagerly injected into a currently created BeanPostProcessor [lbRestClientPostProcessor]? Check the corresponding BeanPostProcessor declaration and its dependencies.
2026-03-16T10:07:55.058+05:30  WARN 31140 --- [course-service] [main] trationDelegate$BeanPostProcessorChecker : Bean 'spring.cloud.loadbalancer-org.springframework.cloud.client.loadbalancer.LoadBalancerClientsProperties' of type [org.springframework.cloud.client.loadbalancer.LoadBalancerClientsProperties] is not eligible for getting processed by all BeanPostProcessors (for example: not eligible for auto-proxying). Is this bean getting eagerly injected into a currently created BeanPostProcessor [lbRestClientPostProcessor]? Check the corresponding BeanPostProcessor declaration and its dependencies.
2026-03-16T10:07:55.084+05:30  WARN 31140 --- [course-service] [main] trationDelegate$BeanPostProcessorChecker : Bean 'default.org.springframework.cloud.loadbalancer.config.LoadBalancerAutoConfiguration.LoadBalancerClientSpecification' of type [org.springframework.cloud.loadbalancer.annotation.LoadBalancerClientSpecification] is not eligible for getting processed by all BeanPostProcessors (for example: not eligible for auto-proxying). Is this bean getting eagerly injected into a currently created BeanPostProcessor [lbRestClientPostProcessor]? Check the corresponding BeanPostProcessor declaration and its dependencies.
2026-03-16T10:07:55.086+05:30  WARN 31140 --- [course-service] [main] trationDelegate$BeanPostProcessorChecker : Bean 'default.org.springframework.cloud.loadbalancer.config.BlockingLoadBalancerClientAutoConfiguration.LoadBalancerClientSpecification' of type [org.springframework.cloud.loadbalancer.annotation.LoadBalancerClientSpecification] is not eligible for getting processed by all BeanPostProcessors (for example: not eligible for auto-proxying). Is this bean getting eagerly injected into a currently created BeanPostProcessor [lbRestClientPostProcessor]? Check the corresponding BeanPostProcessor declaration and its dependencies.
2026-03-16T10:07:55.088+05:30  WARN 31140 --- [course-service] [main] trationDelegate$BeanPostProcessorChecker : Bean 'default.org.springframework.cloud.netflix.eureka.loadbalancer.LoadBalancerEurekaAutoConfiguration.LoadBalancerClientSpecification' of type [org.springframework.cloud.loadbalancer.annotation.LoadBalancerClientSpecification] is not eligible for getting processed by all BeanPostProcessors (for example: not eligible for auto-proxying). Is this bean getting eagerly injected into a currently created BeanPostProcessor [lbRestClientPostProcessor]? Check the corresponding BeanPostProcessor declaration and its dependencies.
2026-03-16T10:07:55.091+05:30  WARN 31140 --- [course-service] [main] trationDelegate$BeanPostProcessorChecker : Bean 'loadBalancerClientFactory' of type [org.springframework.cloud.loadbalancer.support.LoadBalancerClientFactory] is not eligible for getting processed by all BeanPostProcessors (for example: not eligible for auto-proxying). Is this bean getting eagerly injected into a currently created BeanPostProcessor [lbRestClientPostProcessor]? Check the corresponding BeanPostProcessor declaration and its dependencies.
2026-03-16T10:07:55.099+05:30  WARN 31140 --- [course-service] [main] trationDelegate$BeanPostProcessorChecker : Bean 'blockingLoadBalancerClient' of type [org.springframework.cloud.loadbalancer.blocking.client.BlockingLoadBalancerClient] is not eligible for getting processed by all BeanPostProcessors (for example: not eligible for auto-proxying). Is this bean getting eagerly injected into a currently created BeanPostProcessor [lbRestClientPostProcessor]? Check the corresponding BeanPostProcessor declaration and its dependencies.
2026-03-16T10:07:55.131+05:30  WARN 31140 --- [course-service] [main] trationDelegate$BeanPostProcessorChecker : Bean 'restTemplateConfig' of type [com.example.course_service.config.RestTemplateConfig$$SpringCGLIB$$0] is not eligible for getting processed by all BeanPostProcessors (for example: not eligible for auto-proxying). Is this bean getting eagerly injected into a currently created BeanPostProcessor [lbRestClientPostProcessor]? Check the corresponding BeanPostProcessor declaration and its dependencies.
2026-03-16T10:07:55.320+05:30  WARN 31140 --- [course-service] [main] trationDelegate$BeanPostProcessorChecker : Bean 'restTemplate' of type [org.springframework.web.client.RestTemplate] is not eligible for getting processed by all BeanPostProcessors (for example: not eligible for auto-proxying). Is this bean getting eagerly injected into a currently created BeanPostProcessor [lbRestClientPostProcessor]? Check the corresponding BeanPostProcessor declaration and its dependencies.
2026-03-16T10:07:55.330+05:30  WARN 31140 --- [course-service] [main] trationDelegate$BeanPostProcessorChecker : Bean 'loadBalancerServiceInstanceCookieTransformer' of type [org.springframework.cloud.loadbalancer.core.LoadBalancerServiceInstanceCookieTransformer] is not eligible for getting processed by all BeanPostProcessors (for example: not eligible for auto-proxying). Is this bean getting eagerly injected into a currently created BeanPostProcessor [lbRestClientPostProcessor]? Check the corresponding BeanPostProcessor declaration and its dependencies.
2026-03-16T10:07:55.333+05:30  WARN 31140 --- [course-service] [main] trationDelegate$BeanPostProcessorChecker : Bean 'xForwarderHeadersTransformer' of type [org.springframework.cloud.loadbalancer.blocking.XForwardedHeadersTransformer] is not eligible for getting processed by all BeanPostProcessors (for example: not eligible for auto-proxying). Is this bean getting eagerly injected into a currently created BeanPostProcessor [lbRestClientPostProcessor]? Check the corresponding BeanPostProcessor declaration and its dependencies.
2026-03-16T10:07:55.335+05:30  WARN 31140 --- [course-service] [main] trationDelegate$BeanPostProcessorChecker : Bean 'org.springframework.cloud.client.loadbalancer.LoadBalancerAutoConfiguration' of type [org.springframework.cloud.client.loadbalancer.LoadBalancerAutoConfiguration] is not eligible for getting processed by all BeanPostProcessors (for example: not eligible for auto-proxying). Is this bean getting eagerly injected into a currently created BeanPostProcessor [lbRestClientPostProcessor]? Check the corresponding BeanPostProcessor declaration and its dependencies.
2026-03-16T10:07:55.338+05:30  WARN 31140 --- [course-service] [main] trationDelegate$BeanPostProcessorChecker : Bean 'loadBalancerRequestFactory' of type [org.springframework.cloud.client.loadbalancer.LoadBalancerRequestFactory] is not eligible for getting processed by all BeanPostProcessors (for example: not eligible for auto-proxying). Is this bean getting eagerly injected into a currently created BeanPostProcessor [lbRestClientPostProcessor]? Check the corresponding BeanPostProcessor declaration and its dependencies.
2026-03-16T10:07:55.340+05:30  WARN 31140 --- [course-service] [main] trationDelegate$BeanPostProcessorChecker : Bean 'loadBalancerInterceptor' of type [org.springframework.cloud.client.loadbalancer.LoadBalancerInterceptor] is not eligible for getting processed by all BeanPostProcessors (for example: not eligible for auto-proxying). Is this bean getting eagerly injected into a currently created BeanPostProcessor [lbRestClientPostProcessor]? Check the corresponding BeanPostProcessor declaration and its dependencies.
2026-03-16T10:07:56.716+05:30  INFO 31140 --- [course-service] [main] o.s.b.w.embedded.tomcat.TomcatWebServer  : Tomcat initialized with port 8082 (http)
2026-03-16T10:07:56.749+05:30  INFO 31140 --- [course-service] [main] o.apache.catalina.core.StandardService   : Starting service [Tomcat]
2026-03-16T10:07:56.750+05:30  INFO 31140 --- [course-service] [main] o.apache.catalina.core.StandardEngine    : Starting Servlet engine: [Apache Tomcat/10.1.16]
2026-03-16T10:07:57.121+05:30  INFO 31140 --- [course-service] [main] o.a.c.c.C.[Tomcat].[localhost].[/]       : Initializing Spring embedded WebApplicationContext
2026-03-16T10:07:57.123+05:30  INFO 31140 --- [course-service] [main] w.s.c.ServletWebServerApplicationContext : Root WebApplicationContext: initialization completed in 16096 ms
2026-03-16T10:08:01.219+05:30  INFO 31140 --- [course-service] [main] o.hibernate.jpa.internal.util.LogHelper  : HHH000204: Processing PersistenceUnitInfo [name: default]
2026-03-16T10:08:01.622+05:30  INFO 31140 --- [course-service] [main] org.hibernate.Version                    : HHH000412: Hibernate ORM core version 6.3.1.Final
2026-03-16T10:08:01.795+05:30  INFO 31140 --- [course-service] [main] o.h.c.internal.RegionFactoryInitiator    : HHH000026: Second-level cache disabled
2026-03-16T10:08:03.122+05:30  INFO 31140 --- [course-service] [main] o.s.o.j.p.SpringPersistenceUnitInfo      : No LoadTimeWeaver setup: ignoring JPA class transformer
2026-03-16T10:08:03.248+05:30  INFO 31140 --- [course-service] [main] com.zaxxer.hikari.HikariDataSource       : HikariPool-1 - Starting...
2026-03-16T10:08:04.164+05:30  INFO 31140 --- [course-service] [main] com.zaxxer.hikari.pool.HikariPool        : HikariPool-1 - Added connection com.mysql.cj.jdbc.ConnectionImpl@5e020dd1
2026-03-16T10:08:04.169+05:30  INFO 31140 --- [course-service] [main] com.zaxxer.hikari.HikariDataSource       : HikariPool-1 - Start completed.
2026-03-16T10:08:04.377+05:30  WARN 31140 --- [course-service] [main] org.hibernate.orm.deprecation            : HHH90000025: MySQL8Dialect does not need to be specified explicitly using 'hibernate.dialect' (remove the property setting and it will be selected by default)
2026-03-16T10:08:04.380+05:30  WARN 31140 --- [course-service] [main] org.hibernate.orm.deprecation            : HHH90000026: MySQL8Dialect has been deprecated; use org.hibernate.dialect.MySQLDialect instead
2026-03-16T10:08:09.568+05:30  INFO 31140 --- [course-service] [main] o.h.e.t.j.p.i.JtaPlatformInitiator       : HHH000489: No JTA platform available (set 'hibernate.transaction.jta.platform' to enable JTA platform integration)
2026-03-16T10:08:09.859+05:30  INFO 31140 --- [course-service] [main] j.LocalContainerEntityManagerFactoryBean : Initialized JPA EntityManagerFactory for persistence unit 'default'
2026-03-16T10:08:17.260+05:30  INFO 31140 --- [course-service] [main] DiscoveryClientOptionalArgsConfiguration : Eureka HTTP Client uses RestTemplate.
2026-03-16T10:08:19.259+05:30  WARN 31140 --- [course-service] [main] iguration$LoadBalancerCaffeineWarnLogger : Spring Cloud LoadBalancer is currently working with the default cache. While this cache implementation is useful for development and tests, it's recommended to use Caffeine cache in production.You can switch to using Caffeine cache, by adding it and org.springframework.cache.caffeine.CaffeineCacheManager to the classpath.
2026-03-16T10:08:20.745+05:30  INFO 31140 --- [course-service] [main] o.s.c.n.eureka.InstanceInfoFactory       : Setting initial instance status as: STARTING
2026-03-16T10:08:21.478+05:30  INFO 31140 --- [course-service] [main] com.netflix.discovery.DiscoveryClient    : Initializing Eureka in region us-east-1
2026-03-16T10:08:21.496+05:30  INFO 31140 --- [course-service] [main] c.n.d.s.r.aws.ConfigClusterResolver      : Resolving eureka endpoints via configuration
2026-03-16T10:08:21.779+05:30  INFO 31140 --- [course-service] [main] com.netflix.discovery.DiscoveryClient    : Disable delta property : false
2026-03-16T10:08:21.779+05:30  INFO 31140 --- [course-service] [main] com.netflix.discovery.DiscoveryClient    : Single vip registry refresh property : null
2026-03-16T10:08:21.779+05:30  INFO 31140 --- [course-service] [main] com.netflix.discovery.DiscoveryClient    : Force full registry fetch : false
2026-03-16T10:08:21.780+05:30  INFO 31140 --- [course-service] [main] com.netflix.discovery.DiscoveryClient    : Application is null : false
2026-03-16T10:08:21.780+05:30  INFO 31140 --- [course-service] [main] com.netflix.discovery.DiscoveryClient    : Registered Applications size is zero : true
2026-03-16T10:08:21.781+05:30  INFO 31140 --- [course-service] [main] com.netflix.discovery.DiscoveryClient    : Application version is -1: true
2026-03-16T10:08:21.781+05:30  INFO 31140 --- [course-service] [main] com.netflix.discovery.DiscoveryClient    : Getting all instance registry info from the eureka server
2026-03-16T10:08:24.980+05:30  INFO 31140 --- [course-service] [main] c.n.d.s.t.d.RedirectingEurekaHttpClient  : Request execution error. endpoint=DefaultEndpoint{ serviceUrl='http://localhost:8761/eureka/}, exception=I/O error on GET request for "http://localhost:8761/eureka/apps/": Connect to http://localhost:8761 [localhost/127.0.0.1, localhost/0:0:0:0:0:0:0:1] failed: Connection refused: getsockopt stacktrace=org.springframework.web.client.ResourceAccessException: I/O error on GET request for "http://localhost:8761/eureka/apps/": Connect to http://localhost:8761 [localhost/127.0.0.1, localhost/0:0:0:0:0:0:0:1] failed: Connection refused: getsockopt
	at org.springframework.web.client.RestTemplate.createResourceAccessException(RestTemplate.java:905)
	at org.springframework.web.client.RestTemplate.doExecute(RestTemplate.java:885)
	at org.springframework.web.client.RestTemplate.execute(RestTemplate.java:781)
	at org.springframework.web.client.RestTemplate.exchange(RestTemplate.java:663)
	at org.springframework.cloud.netflix.eureka.http.RestTemplateEurekaHttpClient.getApplicationsInternal(RestTemplateEurekaHttpClient.java:145)
	at org.springframework.cloud.netflix.eureka.http.RestTemplateEurekaHttpClient.getApplications(RestTemplateEurekaHttpClient.java:135)
	at com.netflix.discovery.shared.transport.decorator.EurekaHttpClientDecorator$6.execute(EurekaHttpClientDecorator.java:137)
	at com.netflix.discovery.shared.transport.decorator.RedirectingEurekaHttpClient.executeOnNewServer(RedirectingEurekaHttpClient.java:121)
	at com.netflix.discovery.shared.transport.decorator.RedirectingEurekaHttpClient.execute(RedirectingEurekaHttpClient.java:80)
	at com.netflix.discovery.shared.transport.decorator.EurekaHttpClientDecorator.getApplications(EurekaHttpClientDecorator.java:134)
	at com.netflix.discovery.shared.transport.decorator.EurekaHttpClientDecorator$6.execute(EurekaHttpClientDecorator.java:137)
	at com.netflix.discovery.shared.transport.decorator.RetryableEurekaHttpClient.execute(RetryableEurekaHttpClient.java:120)
	at com.netflix.discovery.shared.transport.decorator.EurekaHttpClientDecorator.getApplications(EurekaHttpClientDecorator.java:134)
	at com.netflix.discovery.shared.transport.decorator.EurekaHttpClientDecorator$6.execute(EurekaHttpClientDecorator.java:137)
	at com.netflix.discovery.shared.transport.decorator.SessionedEurekaHttpClient.execute(SessionedEurekaHttpClient.java:77)
	at com.netflix.discovery.shared.transport.decorator.EurekaHttpClientDecorator.getApplications(EurekaHttpClientDecorator.java:134)
	at com.netflix.discovery.DiscoveryClient.getAndStoreFullRegistry(DiscoveryClient.java:1045)
	at com.netflix.discovery.DiscoveryClient.fetchRegistry(DiscoveryClient.java:958)
	at com.netflix.discovery.DiscoveryClient.<init>(DiscoveryClient.java:396)
	at com.netflix.discovery.DiscoveryClient.<init>(DiscoveryClient.java:247)
	at com.netflix.discovery.DiscoveryClient.<init>(DiscoveryClient.java:242)
	at org.springframework.cloud.netflix.eureka.CloudEurekaClient.<init>(CloudEurekaClient.java:68)
	at org.springframework.cloud.netflix.eureka.EurekaClientAutoConfiguration$RefreshableEurekaClientConfiguration.eurekaClient(EurekaClientAutoConfiguration.java:320)
	at java.base/jdk.internal.reflect.DirectMethodHandleAccessor.invoke(DirectMethodHandleAccessor.java:103)
	at java.base/java.lang.reflect.Method.invoke(Method.java:580)
	at org.springframework.beans.factory.support.SimpleInstantiationStrategy.instantiate(SimpleInstantiationStrategy.java:140)
	at org.springframework.beans.factory.support.ConstructorResolver.instantiate(ConstructorResolver.java:651)
	at org.springframework.beans.factory.support.ConstructorResolver.instantiateUsingFactoryMethod(ConstructorResolver.java:643)
	at org.springframework.beans.factory.support.AbstractAutowireCapableBeanFactory.instantiateUsingFactoryMethod(AbstractAutowireCapableBeanFactory.java:1336)
	at org.springframework.beans.factory.support.AbstractAutowireCapableBeanFactory.createBeanInstance(AbstractAutowireCapableBeanFactory.java:1166)
	at org.springframework.beans.factory.support.AbstractAutowireCapableBeanFactory.doCreateBean(AbstractAutowireCapableBeanFactory.java:563)
	at org.springframework.beans.factory.support.AbstractAutowireCapableBeanFactory.createBean(AbstractAutowireCapableBeanFactory.java:523)
	at org.springframework.beans.factory.support.AbstractBeanFactory.lambda$doGetBean$1(AbstractBeanFactory.java:364)
	at org.springframework.cloud.context.scope.GenericScope$BeanLifecycleWrapper.getBean(GenericScope.java:375)
	at org.springframework.cloud.context.scope.GenericScope.get(GenericScope.java:179)
	at org.springframework.beans.factory.support.AbstractBeanFactory.doGetBean(AbstractBeanFactory.java:361)
	at org.springframework.beans.factory.support.AbstractBeanFactory.getBean(AbstractBeanFactory.java:199)
	at org.springframework.aop.target.SimpleBeanTargetSource.getTarget(SimpleBeanTargetSource.java:35)
	at org.springframework.cloud.netflix.eureka.serviceregistry.EurekaRegistration.getTargetObject(EurekaRegistration.java:128)
	at org.springframework.cloud.netflix.eureka.serviceregistry.EurekaRegistration.getEurekaClient(EurekaRegistration.java:116)
	at java.base/jdk.internal.reflect.DirectMethodHandleAccessor.invoke(DirectMethodHandleAccessor.java:103)
	at java.base/java.lang.reflect.Method.invoke(Method.java:580)
	at org.springframework.util.ReflectionUtils.invokeMethod(ReflectionUtils.java:281)
	at org.springframework.cloud.context.scope.GenericScope$LockedScopedProxyFactoryBean.invoke(GenericScope.java:482)
	at org.springframework.aop.framework.ReflectiveMethodInvocation.proceed(ReflectiveMethodInvocation.java:184)
	at org.springframework.aop.framework.CglibAopProxy$CglibMethodInvocation.proceed(CglibAopProxy.java:765)
	at org.springframework.aop.framework.CglibAopProxy$DynamicAdvisedInterceptor.intercept(CglibAopProxy.java:717)
	at org.springframework.cloud.netflix.eureka.serviceregistry.EurekaRegistration$$SpringCGLIB$$0.getEurekaClient(<generated>)
	at org.springframework.cloud.netflix.eureka.serviceregistry.EurekaServiceRegistry.maybeInitializeClient(EurekaServiceRegistry.java:54)
	at org.springframework.cloud.netflix.eureka.serviceregistry.EurekaServiceRegistry.register(EurekaServiceRegistry.java:38)
	at org.springframework.cloud.netflix.eureka.serviceregistry.EurekaAutoServiceRegistration.start(EurekaAutoServiceRegistration.java:83)
	at org.springframework.context.support.DefaultLifecycleProcessor.doStart(DefaultLifecycleProcessor.java:284)
	at org.springframework.context.support.DefaultLifecycleProcessor$LifecycleGroup.start(DefaultLifecycleProcessor.java:467)
	at java.base/java.lang.Iterable.forEach(Iterable.java:75)
	at org.springframework.context.support.DefaultLifecycleProcessor.startBeans(DefaultLifecycleProcessor.java:256)
	at org.springframework.context.support.DefaultLifecycleProcessor.onRefresh(DefaultLifecycleProcessor.java:201)
	at org.springframework.context.support.AbstractApplicationContext.finishRefresh(AbstractApplicationContext.java:965)
	at org.springframework.context.support.AbstractApplicationContext.refresh(AbstractApplicationContext.java:619)
	at org.springframework.boot.web.servlet.context.ServletWebServerApplicationContext.refresh(ServletWebServerApplicationContext.java:146)
	at org.springframework.boot.SpringApplication.refresh(SpringApplication.java:753)
	at org.springframework.boot.SpringApplication.refreshContext(SpringApplication.java:455)
	at org.springframework.boot.SpringApplication.run(SpringApplication.java:323)
	at org.springframework.boot.SpringApplication.run(SpringApplication.java:1342)
	at org.springframework.boot.SpringApplication.run(SpringApplication.java:1331)
	at com.example.course_service.CourseServiceApplication.main(CourseServiceApplication.java:10)
Caused by: org.apache.hc.client5.http.HttpHostConnectException: Connect to http://localhost:8761 [localhost/127.0.0.1, localhost/0:0:0:0:0:0:0:1] failed: Connection refused: getsockopt
	at java.base/sun.nio.ch.Net.pollConnect(Native Method)
	at java.base/sun.nio.ch.Net.pollConnectNow(Net.java:682)
	at java.base/sun.nio.ch.NioSocketImpl.timedFinishConnect(NioSocketImpl.java:542)
	at java.base/sun.nio.ch.NioSocketImpl.connect(NioSocketImpl.java:592)
	at java.base/java.net.SocksSocketImpl.connect(SocksSocketImpl.java:327)
	at java.base/java.net.Socket.connect(Socket.java:751)
	at org.apache.hc.client5.http.socket.PlainConnectionSocketFactory.lambda$connectSocket$0(PlainConnectionSocketFactory.java:85)
	at java.base/java.security.AccessController.doPrivileged(AccessController.java:571)
	at org.apache.hc.client5.http.socket.PlainConnectionSocketFactory.connectSocket(PlainConnectionSocketFactory.java:84)
	at org.apache.hc.client5.http.socket.ConnectionSocketFactory.connectSocket(ConnectionSocketFactory.java:113)
	at org.apache.hc.client5.http.impl.io.DefaultHttpClientConnectionOperator.connect(DefaultHttpClientConnectionOperator.java:181)
	at org.apache.hc.client5.http.impl.io.PoolingHttpClientConnectionManager.connect(PoolingHttpClientConnectionManager.java:447)
	at org.apache.hc.client5.http.impl.classic.InternalExecRuntime.connectEndpoint(InternalExecRuntime.java:162)
	at org.apache.hc.client5.http.impl.classic.InternalExecRuntime.connectEndpoint(InternalExecRuntime.java:172)
	at org.apache.hc.client5.http.impl.classic.ConnectExec.execute(ConnectExec.java:142)
	at org.apache.hc.client5.http.impl.classic.ExecChainElement.execute(ExecChainElement.java:51)
	at org.apache.hc.client5.http.impl.classic.ProtocolExec.execute(ProtocolExec.java:192)
	at org.apache.hc.client5.http.impl.classic.ExecChainElement.execute(ExecChainElement.java:51)
	at org.apache.hc.client5.http.impl.classic.HttpRequestRetryExec.execute(HttpRequestRetryExec.java:96)
	at org.apache.hc.client5.http.impl.classic.ExecChainElement.execute(ExecChainElement.java:51)
	at org.apache.hc.client5.http.impl.classic.ContentCompressionExec.execute(ContentCompressionExec.java:152)
	at org.apache.hc.client5.http.impl.classic.ExecChainElement.execute(ExecChainElement.java:51)
	at org.apache.hc.client5.http.impl.classic.RedirectExec.execute(RedirectExec.java:115)
	at org.apache.hc.client5.http.impl.classic.ExecChainElement.execute(ExecChainElement.java:51)
	at org.apache.hc.client5.http.impl.classic.InternalHttpClient.doExecute(InternalHttpClient.java:170)
	at org.apache.hc.client5.http.impl.classic.CloseableHttpClient.execute(CloseableHttpClient.java:87)
	at org.apache.hc.client5.http.impl.classic.CloseableHttpClient.execute(CloseableHttpClient.java:55)
	at org.apache.hc.client5.http.classic.HttpClient.executeOpen(HttpClient.java:183)
	at org.springframework.http.client.HttpComponentsClientHttpRequest.executeInternal(HttpComponentsClientHttpRequest.java:95)
	at org.springframework.http.client.AbstractStreamingClientHttpRequest.executeInternal(AbstractStreamingClientHttpRequest.java:70)
	at org.springframework.http.client.AbstractClientHttpRequest.execute(AbstractClientHttpRequest.java:66)
	at org.springframework.http.client.InterceptingClientHttpRequest$InterceptingRequestExecution.execute(InterceptingClientHttpRequest.java:101)
	at org.springframework.cloud.netflix.eureka.http.RestTemplateTransportClientFactory.lambda$restTemplate$0(RestTemplateTransportClientFactory.java:143)
	at org.springframework.http.client.InterceptingClientHttpRequest$InterceptingRequestExecution.execute(InterceptingClientHttpRequest.java:87)
	at org.springframework.http.client.InterceptingClientHttpRequest.executeInternal(InterceptingClientHttpRequest.java:71)
	at org.springframework.http.client.AbstractBufferingClientHttpRequest.executeInternal(AbstractBufferingClientHttpRequest.java:48)
	at org.springframework.http.client.AbstractClientHttpRequest.execute(AbstractClientHttpRequest.java:66)
	at org.springframework.web.client.RestTemplate.doExecute(RestTemplate.java:879)
	... 63 more

2026-03-16T10:08:24.981+05:30  WARN 31140 --- [course-service] [main] c.n.d.s.t.d.RetryableEurekaHttpClient    : Request execution failed with message: I/O error on GET request for "http://localhost:8761/eureka/apps/": Connect to http://localhost:8761 [localhost/127.0.0.1, localhost/0:0:0:0:0:0:0:1] failed: Connection refused: getsockopt
2026-03-16T10:08:24.981+05:30  INFO 31140 --- [course-service] [main] com.netflix.discovery.DiscoveryClient    : DiscoveryClient_COURSE-SERVICE/81DH353.mshome.net:course-service:8082 - was unable to refresh its cache! This periodic background refresh will be retried in 30 seconds. status = Cannot execute request on any known server stacktrace = com.netflix.discovery.shared.transport.TransportException: Cannot execute request on any known server
	at com.netflix.discovery.shared.transport.decorator.RetryableEurekaHttpClient.execute(RetryableEurekaHttpClient.java:112)
	at com.netflix.discovery.shared.transport.decorator.EurekaHttpClientDecorator.getApplications(EurekaHttpClientDecorator.java:134)
	at com.netflix.discovery.shared.transport.decorator.EurekaHttpClientDecorator$6.execute(EurekaHttpClientDecorator.java:137)
	at com.netflix.discovery.shared.transport.decorator.SessionedEurekaHttpClient.execute(SessionedEurekaHttpClient.java:77)
	at com.netflix.discovery.shared.transport.decorator.EurekaHttpClientDecorator.getApplications(EurekaHttpClientDecorator.java:134)
	at com.netflix.discovery.DiscoveryClient.getAndStoreFullRegistry(DiscoveryClient.java:1045)
	at com.netflix.discovery.DiscoveryClient.fetchRegistry(DiscoveryClient.java:958)
	at com.netflix.discovery.DiscoveryClient.<init>(DiscoveryClient.java:396)
	at com.netflix.discovery.DiscoveryClient.<init>(DiscoveryClient.java:247)
	at com.netflix.discovery.DiscoveryClient.<init>(DiscoveryClient.java:242)
	at org.springframework.cloud.netflix.eureka.CloudEurekaClient.<init>(CloudEurekaClient.java:68)
	at org.springframework.cloud.netflix.eureka.EurekaClientAutoConfiguration$RefreshableEurekaClientConfiguration.eurekaClient(EurekaClientAutoConfiguration.java:320)
	at java.base/jdk.internal.reflect.DirectMethodHandleAccessor.invoke(DirectMethodHandleAccessor.java:103)
	at java.base/java.lang.reflect.Method.invoke(Method.java:580)
	at org.springframework.beans.factory.support.SimpleInstantiationStrategy.instantiate(SimpleInstantiationStrategy.java:140)
	at org.springframework.beans.factory.support.ConstructorResolver.instantiate(ConstructorResolver.java:651)
	at org.springframework.beans.factory.support.ConstructorResolver.instantiateUsingFactoryMethod(ConstructorResolver.java:643)
	at org.springframework.beans.factory.support.AbstractAutowireCapableBeanFactory.instantiateUsingFactoryMethod(AbstractAutowireCapableBeanFactory.java:1336)
	at org.springframework.beans.factory.support.AbstractAutowireCapableBeanFactory.createBeanInstance(AbstractAutowireCapableBeanFactory.java:1166)
	at org.springframework.beans.factory.support.AbstractAutowireCapableBeanFactory.doCreateBean(AbstractAutowireCapableBeanFactory.java:563)
	at org.springframework.beans.factory.support.AbstractAutowireCapableBeanFactory.createBean(AbstractAutowireCapableBeanFactory.java:523)
	at org.springframework.beans.factory.support.AbstractBeanFactory.lambda$doGetBean$1(AbstractBeanFactory.java:364)
	at org.springframework.cloud.context.scope.GenericScope$BeanLifecycleWrapper.getBean(GenericScope.java:375)
	at org.springframework.cloud.context.scope.GenericScope.get(GenericScope.java:179)
	at org.springframework.beans.factory.support.AbstractBeanFactory.doGetBean(AbstractBeanFactory.java:361)
	at org.springframework.beans.factory.support.AbstractBeanFactory.getBean(AbstractBeanFactory.java:199)
	at org.springframework.aop.target.SimpleBeanTargetSource.getTarget(SimpleBeanTargetSource.java:35)
	at org.springframework.cloud.netflix.eureka.serviceregistry.EurekaRegistration.getTargetObject(EurekaRegistration.java:128)
	at org.springframework.cloud.netflix.eureka.serviceregistry.EurekaRegistration.getEurekaClient(EurekaRegistration.java:116)
	at java.base/jdk.internal.reflect.DirectMethodHandleAccessor.invoke(DirectMethodHandleAccessor.java:103)
	at java.base/java.lang.reflect.Method.invoke(Method.java:580)
	at org.springframework.util.ReflectionUtils.invokeMethod(ReflectionUtils.java:281)
	at org.springframework.cloud.context.scope.GenericScope$LockedScopedProxyFactoryBean.invoke(GenericScope.java:482)
	at org.springframework.aop.framework.ReflectiveMethodInvocation.proceed(ReflectiveMethodInvocation.java:184)
	at org.springframework.aop.framework.CglibAopProxy$CglibMethodInvocation.proceed(CglibAopProxy.java:765)
	at org.springframework.aop.framework.CglibAopProxy$DynamicAdvisedInterceptor.intercept(CglibAopProxy.java:717)
	at org.springframework.cloud.netflix.eureka.serviceregistry.EurekaRegistration$$SpringCGLIB$$0.getEurekaClient(<generated>)
	at org.springframework.cloud.netflix.eureka.serviceregistry.EurekaServiceRegistry.maybeInitializeClient(EurekaServiceRegistry.java:54)
	at org.springframework.cloud.netflix.eureka.serviceregistry.EurekaServiceRegistry.register(EurekaServiceRegistry.java:38)
	at org.springframework.cloud.netflix.eureka.serviceregistry.EurekaAutoServiceRegistration.start(EurekaAutoServiceRegistration.java:83)
	at org.springframework.context.support.DefaultLifecycleProcessor.doStart(DefaultLifecycleProcessor.java:284)
	at org.springframework.context.support.DefaultLifecycleProcessor$LifecycleGroup.start(DefaultLifecycleProcessor.java:467)
	at java.base/java.lang.Iterable.forEach(Iterable.java:75)
	at org.springframework.context.support.DefaultLifecycleProcessor.startBeans(DefaultLifecycleProcessor.java:256)
	at org.springframework.context.support.DefaultLifecycleProcessor.onRefresh(DefaultLifecycleProcessor.java:201)
	at org.springframework.context.support.AbstractApplicationContext.finishRefresh(AbstractApplicationContext.java:965)
	at org.springframework.context.support.AbstractApplicationContext.refresh(AbstractApplicationContext.java:619)
	at org.springframework.boot.web.servlet.context.ServletWebServerApplicationContext.refresh(ServletWebServerApplicationContext.java:146)
	at org.springframework.boot.SpringApplication.refresh(SpringApplication.java:753)
	at org.springframework.boot.SpringApplication.refreshContext(SpringApplication.java:455)
	at org.springframework.boot.SpringApplication.run(SpringApplication.java:323)
	at org.springframework.boot.SpringApplication.run(SpringApplication.java:1342)
	at org.springframework.boot.SpringApplication.run(SpringApplication.java:1331)
	at com.example.course_service.CourseServiceApplication.main(CourseServiceApplication.java:10)

2026-03-16T10:08:24.982+05:30  INFO 31140 --- [course-service] [main] com.netflix.discovery.DiscoveryClient    : Initial registry fetch from primary servers failed
2026-03-16T10:08:24.982+05:30  WARN 31140 --- [course-service] [main] com.netflix.discovery.DiscoveryClient    : Using default backup registry implementation which does not do anything.
2026-03-16T10:08:24.983+05:30  INFO 31140 --- [course-service] [main] com.netflix.discovery.DiscoveryClient    : Initial registry fetch from backup servers failed
2026-03-16T10:08:24.987+05:30  INFO 31140 --- [course-service] [main] com.netflix.discovery.DiscoveryClient    : Starting heartbeat executor: renew interval is: 30
2026-03-16T10:08:24.997+05:30  INFO 31140 --- [course-service] [main] c.n.discovery.InstanceInfoReplicator     : InstanceInfoReplicator onDemand update allowed rate per min is 4
2026-03-16T10:08:25.121+05:30  INFO 31140 --- [course-service] [main] com.netflix.discovery.DiscoveryClient    : Discovery Client initialized at timestamp 1773635905119 with initial instances count: 0
2026-03-16T10:08:25.187+05:30  INFO 31140 --- [course-service] [main] o.s.c.n.e.s.EurekaServiceRegistry        : Registering application COURSE-SERVICE with eureka with status UP
2026-03-16T10:08:25.189+05:30  INFO 31140 --- [course-service] [main] com.netflix.discovery.DiscoveryClient    : Saw local status change event StatusChangeEvent [timestamp=1773635905189, current=UP, previous=STARTING]
2026-03-16T10:08:25.194+05:30  INFO 31140 --- [course-service] [DiscoveryClient-InstanceInfoReplicator-0] com.netflix.discovery.DiscoveryClient    : DiscoveryClient_COURSE-SERVICE/81DH353.mshome.net:course-service:8082: registering service...
2026-03-16T10:08:25.315+05:30  INFO 31140 --- [course-service] [DiscoveryClient-InstanceInfoReplicator-0] c.n.d.s.t.d.RedirectingEurekaHttpClient  : Request execution error. endpoint=DefaultEndpoint{ serviceUrl='http://localhost:8761/eureka/}, exception=I/O error on POST request for "http://localhost:8761/eureka/apps/COURSE-SERVICE": Connect to http://localhost:8761 [localhost/127.0.0.1, localhost/0:0:0:0:0:0:0:1] failed: Connection refused: getsockopt stacktrace=org.springframework.web.client.ResourceAccessException: I/O error on POST request for "http://localhost:8761/eureka/apps/COURSE-SERVICE": Connect to http://localhost:8761 [localhost/127.0.0.1, localhost/0:0:0:0:0:0:0:1] failed: Connection refused: getsockopt
	at org.springframework.web.client.RestTemplate.createResourceAccessException(RestTemplate.java:905)
	at org.springframework.web.client.RestTemplate.doExecute(RestTemplate.java:885)
	at org.springframework.web.client.RestTemplate.execute(RestTemplate.java:781)
	at org.springframework.web.client.RestTemplate.exchange(RestTemplate.java:663)
	at org.springframework.cloud.netflix.eureka.http.RestTemplateEurekaHttpClient.register(RestTemplateEurekaHttpClient.java:77)
	at com.netflix.discovery.shared.transport.decorator.EurekaHttpClientDecorator$1.execute(EurekaHttpClientDecorator.java:59)
	at com.netflix.discovery.shared.transport.decorator.RedirectingEurekaHttpClient.executeOnNewServer(RedirectingEurekaHttpClient.java:121)
	at com.netflix.discovery.shared.transport.decorator.RedirectingEurekaHttpClient.execute(RedirectingEurekaHttpClient.java:80)
	at com.netflix.discovery.shared.transport.decorator.EurekaHttpClientDecorator.register(EurekaHttpClientDecorator.java:56)
	at com.netflix.discovery.shared.transport.decorator.EurekaHttpClientDecorator$1.execute(EurekaHttpClientDecorator.java:59)
	at com.netflix.discovery.shared.transport.decorator.RetryableEurekaHttpClient.execute(RetryableEurekaHttpClient.java:120)
	at com.netflix.discovery.shared.transport.decorator.EurekaHttpClientDecorator.register(EurekaHttpClientDecorator.java:56)
	at com.netflix.discovery.shared.transport.decorator.EurekaHttpClientDecorator$1.execute(EurekaHttpClientDecorator.java:59)
	at com.netflix.discovery.shared.transport.decorator.SessionedEurekaHttpClient.execute(SessionedEurekaHttpClient.java:77)
	at com.netflix.discovery.shared.transport.decorator.EurekaHttpClientDecorator.register(EurekaHttpClientDecorator.java:56)
	at com.netflix.discovery.DiscoveryClient.register(DiscoveryClient.java:820)
	at com.netflix.discovery.InstanceInfoReplicator.run(InstanceInfoReplicator.java:121)
	at com.netflix.discovery.InstanceInfoReplicator$1.run(InstanceInfoReplicator.java:101)
	at java.base/java.util.concurrent.Executors$RunnableAdapter.call(Executors.java:572)
	at java.base/java.util.concurrent.FutureTask.run(FutureTask.java:317)
	at java.base/java.util.concurrent.ScheduledThreadPoolExecutor$ScheduledFutureTask.run(ScheduledThreadPoolExecutor.java:304)
	at java.base/java.util.concurrent.ThreadPoolExecutor.runWorker(ThreadPoolExecutor.java:1144)
	at java.base/java.util.concurrent.ThreadPoolExecutor$Worker.run(ThreadPoolExecutor.java:642)
	at java.base/java.lang.Thread.run(Thread.java:1583)
Caused by: org.apache.hc.client5.http.HttpHostConnectException: Connect to http://localhost:8761 [localhost/127.0.0.1, localhost/0:0:0:0:0:0:0:1] failed: Connection refused: getsockopt
	at java.base/sun.nio.ch.Net.pollConnect(Native Method)
	at java.base/sun.nio.ch.Net.pollConnectNow(Net.java:682)
	at java.base/sun.nio.ch.NioSocketImpl.timedFinishConnect(NioSocketImpl.java:542)
	at java.base/sun.nio.ch.NioSocketImpl.connect(NioSocketImpl.java:592)
	at java.base/java.net.SocksSocketImpl.connect(SocksSocketImpl.java:327)
	at java.base/java.net.Socket.connect(Socket.java:751)
	at org.apache.hc.client5.http.socket.PlainConnectionSocketFactory.lambda$connectSocket$0(PlainConnectionSocketFactory.java:85)
	at java.base/java.security.AccessController.doPrivileged(AccessController.java:571)
	at org.apache.hc.client5.http.socket.PlainConnectionSocketFactory.connectSocket(PlainConnectionSocketFactory.java:84)
	at org.apache.hc.client5.http.socket.ConnectionSocketFactory.connectSocket(ConnectionSocketFactory.java:113)
	at org.apache.hc.client5.http.impl.io.DefaultHttpClientConnectionOperator.connect(DefaultHttpClientConnectionOperator.java:181)
	at org.apache.hc.client5.http.impl.io.PoolingHttpClientConnectionManager.connect(PoolingHttpClientConnectionManager.java:447)
	at org.apache.hc.client5.http.impl.classic.InternalExecRuntime.connectEndpoint(InternalExecRuntime.java:162)
	at org.apache.hc.client5.http.impl.classic.InternalExecRuntime.connectEndpoint(InternalExecRuntime.java:172)
	at org.apache.hc.client5.http.impl.classic.ConnectExec.execute(ConnectExec.java:142)
	at org.apache.hc.client5.http.impl.classic.ExecChainElement.execute(ExecChainElement.java:51)
	at org.apache.hc.client5.http.impl.classic.ProtocolExec.execute(ProtocolExec.java:192)
	at org.apache.hc.client5.http.impl.classic.ExecChainElement.execute(ExecChainElement.java:51)
	at org.apache.hc.client5.http.impl.classic.HttpRequestRetryExec.execute(HttpRequestRetryExec.java:96)
	at org.apache.hc.client5.http.impl.classic.ExecChainElement.execute(ExecChainElement.java:51)
	at org.apache.hc.client5.http.impl.classic.ContentCompressionExec.execute(ContentCompressionExec.java:152)
	at org.apache.hc.client5.http.impl.classic.ExecChainElement.execute(ExecChainElement.java:51)
	at org.apache.hc.client5.http.impl.classic.RedirectExec.execute(RedirectExec.java:115)
	at org.apache.hc.client5.http.impl.classic.ExecChainElement.execute(ExecChainElement.java:51)
	at org.apache.hc.client5.http.impl.classic.InternalHttpClient.doExecute(InternalHttpClient.java:170)
	at org.apache.hc.client5.http.impl.classic.CloseableHttpClient.execute(CloseableHttpClient.java:87)
	at org.apache.hc.client5.http.impl.classic.CloseableHttpClient.execute(CloseableHttpClient.java:55)
	at org.apache.hc.client5.http.classic.HttpClient.executeOpen(HttpClient.java:183)
	at org.springframework.http.client.HttpComponentsClientHttpRequest.executeInternal(HttpComponentsClientHttpRequest.java:95)
	at org.springframework.http.client.AbstractStreamingClientHttpRequest.executeInternal(AbstractStreamingClientHttpRequest.java:70)
	at org.springframework.http.client.AbstractClientHttpRequest.execute(AbstractClientHttpRequest.java:66)
	at org.springframework.http.client.InterceptingClientHttpRequest$InterceptingRequestExecution.execute(InterceptingClientHttpRequest.java:101)
	at org.springframework.cloud.netflix.eureka.http.RestTemplateTransportClientFactory.lambda$restTemplate$0(RestTemplateTransportClientFactory.java:143)
	at org.springframework.http.client.InterceptingClientHttpRequest$InterceptingRequestExecution.execute(InterceptingClientHttpRequest.java:87)
	at org.springframework.http.client.InterceptingClientHttpRequest.executeInternal(InterceptingClientHttpRequest.java:71)
	at org.springframework.http.client.AbstractBufferingClientHttpRequest.executeInternal(AbstractBufferingClientHttpRequest.java:48)
	at org.springframework.http.client.AbstractClientHttpRequest.execute(AbstractClientHttpRequest.java:66)
	at org.springframework.web.client.RestTemplate.doExecute(RestTemplate.java:879)
	... 22 more

2026-03-16T10:08:25.316+05:30  WARN 31140 --- [course-service] [DiscoveryClient-InstanceInfoReplicator-0] c.n.d.s.t.d.RetryableEurekaHttpClient    : Request execution failed with message: I/O error on POST request for "http://localhost:8761/eureka/apps/COURSE-SERVICE": Connect to http://localhost:8761 [localhost/127.0.0.1, localhost/0:0:0:0:0:0:0:1] failed: Connection refused: getsockopt
2026-03-16T10:08:25.317+05:30  WARN 31140 --- [course-service] [DiscoveryClient-InstanceInfoReplicator-0] com.netflix.discovery.DiscoveryClient    : DiscoveryClient_COURSE-SERVICE/81DH353.mshome.net:course-service:8082 - registration failed Cannot execute request on any known server

com.netflix.discovery.shared.transport.TransportException: Cannot execute request on any known server
	at com.netflix.discovery.shared.transport.decorator.RetryableEurekaHttpClient.execute(RetryableEurekaHttpClient.java:112) ~[eureka-client-2.0.1.jar:2.0.1]
	at com.netflix.discovery.shared.transport.decorator.EurekaHttpClientDecorator.register(EurekaHttpClientDecorator.java:56) ~[eureka-client-2.0.1.jar:2.0.1]
	at com.netflix.discovery.shared.transport.decorator.EurekaHttpClientDecorator$1.execute(EurekaHttpClientDecorator.java:59) ~[eureka-client-2.0.1.jar:2.0.1]
	at com.netflix.discovery.shared.transport.decorator.SessionedEurekaHttpClient.execute(SessionedEurekaHttpClient.java:77) ~[eureka-client-2.0.1.jar:2.0.1]
	at com.netflix.discovery.shared.transport.decorator.EurekaHttpClientDecorator.register(EurekaHttpClientDecorator.java:56) ~[eureka-client-2.0.1.jar:2.0.1]
	at com.netflix.discovery.DiscoveryClient.register(DiscoveryClient.java:820) ~[eureka-client-2.0.1.jar:2.0.1]
	at com.netflix.discovery.InstanceInfoReplicator.run(InstanceInfoReplicator.java:121) ~[eureka-client-2.0.1.jar:2.0.1]
	at com.netflix.discovery.InstanceInfoReplicator$1.run(InstanceInfoReplicator.java:101) ~[eureka-client-2.0.1.jar:2.0.1]
	at java.base/java.util.concurrent.Executors$RunnableAdapter.call(Executors.java:572) ~[na:na]
	at java.base/java.util.concurrent.FutureTask.run(FutureTask.java:317) ~[na:na]
	at java.base/java.util.concurrent.ScheduledThreadPoolExecutor$ScheduledFutureTask.run(ScheduledThreadPoolExecutor.java:304) ~[na:na]
	at java.base/java.util.concurrent.ThreadPoolExecutor.runWorker(ThreadPoolExecutor.java:1144) ~[na:na]
	at java.base/java.util.concurrent.ThreadPoolExecutor$Worker.run(ThreadPoolExecutor.java:642) ~[na:na]
	at java.base/java.lang.Thread.run(Thread.java:1583) ~[na:na]

2026-03-16T10:08:25.442+05:30  WARN 31140 --- [course-service] [DiscoveryClient-InstanceInfoReplicator-0] c.n.discovery.InstanceInfoReplicator     : There was a problem with the instance info replicator

com.netflix.discovery.shared.transport.TransportException: Cannot execute request on any known server
	at com.netflix.discovery.shared.transport.decorator.RetryableEurekaHttpClient.execute(RetryableEurekaHttpClient.java:112) ~[eureka-client-2.0.1.jar:2.0.1]
	at com.netflix.discovery.shared.transport.decorator.EurekaHttpClientDecorator.register(EurekaHttpClientDecorator.java:56) ~[eureka-client-2.0.1.jar:2.0.1]
	at com.netflix.discovery.shared.transport.decorator.EurekaHttpClientDecorator$1.execute(EurekaHttpClientDecorator.java:59) ~[eureka-client-2.0.1.jar:2.0.1]
	at com.netflix.discovery.shared.transport.decorator.SessionedEurekaHttpClient.execute(SessionedEurekaHttpClient.java:77) ~[eureka-client-2.0.1.jar:2.0.1]
	at com.netflix.discovery.shared.transport.decorator.EurekaHttpClientDecorator.register(EurekaHttpClientDecorator.java:56) ~[eureka-client-2.0.1.jar:2.0.1]
	at com.netflix.discovery.DiscoveryClient.register(DiscoveryClient.java:820) ~[eureka-client-2.0.1.jar:2.0.1]
	at com.netflix.discovery.InstanceInfoReplicator.run(InstanceInfoReplicator.java:121) ~[eureka-client-2.0.1.jar:2.0.1]
	at com.netflix.discovery.InstanceInfoReplicator$1.run(InstanceInfoReplicator.java:101) ~[eureka-client-2.0.1.jar:2.0.1]
	at java.base/java.util.concurrent.Executors$RunnableAdapter.call(Executors.java:572) ~[na:na]
	at java.base/java.util.concurrent.FutureTask.run(FutureTask.java:317) ~[na:na]
	at java.base/java.util.concurrent.ScheduledThreadPoolExecutor$ScheduledFutureTask.run(ScheduledThreadPoolExecutor.java:304) ~[na:na]
	at java.base/java.util.concurrent.ThreadPoolExecutor.runWorker(ThreadPoolExecutor.java:1144) ~[na:na]
	at java.base/java.util.concurrent.ThreadPoolExecutor$Worker.run(ThreadPoolExecutor.java:642) ~[na:na]
	at java.base/java.lang.Thread.run(Thread.java:1583) ~[na:na]

2026-03-16T10:08:25.559+05:30  INFO 31140 --- [course-service] [main] o.s.b.w.embedded.tomcat.TomcatWebServer  : Tomcat started on port 8082 (http) with context path ''
2026-03-16T10:08:25.562+05:30  INFO 31140 --- [course-service] [main] .s.c.n.e.s.EurekaAutoServiceRegistration : Updating port to 8082
2026-03-16T10:08:25.860+05:30  INFO 31140 --- [course-service] [main] c.e.c.CourseServiceApplication           : Started CourseServiceApplication in 52.898 seconds (process running for 60.816)
2026-03-16T10:08:55.003+05:30  INFO 31140 --- [course-service] [DiscoveryClient-CacheRefreshExecutor-0] com.netflix.discovery.DiscoveryClient    : Disable delta property : false
2026-03-16T10:08:55.006+05:30  INFO 31140 --- [course-service] [DiscoveryClient-CacheRefreshExecutor-0] com.netflix.discovery.DiscoveryClient    : Single vip registry refresh property : null
2026-03-16T10:08:55.006+05:30  INFO 31140 --- [course-service] [DiscoveryClient-CacheRefreshExecutor-0] com.netflix.discovery.DiscoveryClient    : Force full registry fetch : false
2026-03-16T10:08:55.006+05:30  INFO 31140 --- [course-service] [DiscoveryClient-CacheRefreshExecutor-0] com.netflix.discovery.DiscoveryClient    : Application is null : false
2026-03-16T10:08:55.007+05:30  INFO 31140 --- [course-service] [DiscoveryClient-CacheRefreshExecutor-0] com.netflix.discovery.DiscoveryClient    : Registered Applications size is zero : true
2026-03-16T10:08:55.013+05:30  INFO 31140 --- [course-service] [DiscoveryClient-CacheRefreshExecutor-0] com.netflix.discovery.DiscoveryClient    : Application version is -1: true
2026-03-16T10:08:55.013+05:30  INFO 31140 --- [course-service] [DiscoveryClient-CacheRefreshExecutor-0] com.netflix.discovery.DiscoveryClient    : Getting all instance registry info from the eureka server
2026-03-16T10:08:55.070+05:30  INFO 31140 --- [course-service] [DiscoveryClient-HeartbeatExecutor-0] c.n.d.s.t.d.RedirectingEurekaHttpClient  : Request execution error. endpoint=DefaultEndpoint{ serviceUrl='http://localhost:8761/eureka/}, exception=I/O error on PUT request for "http://localhost:8761/eureka/apps/COURSE-SERVICE/81DH353.mshome.net:course-service:8082": Connect to http://localhost:8761 [localhost/127.0.0.1, localhost/0:0:0:0:0:0:0:1] failed: Connection refused: getsockopt stacktrace=org.springframework.web.client.ResourceAccessException: I/O error on PUT request for "http://localhost:8761/eureka/apps/COURSE-SERVICE/81DH353.mshome.net:course-service:8082": Connect to http://localhost:8761 [localhost/127.0.0.1, localhost/0:0:0:0:0:0:0:1] failed: Connection refused: getsockopt
	at org.springframework.web.client.RestTemplate.createResourceAccessException(RestTemplate.java:905)
	at org.springframework.web.client.RestTemplate.doExecute(RestTemplate.java:885)
	at org.springframework.web.client.RestTemplate.execute(RestTemplate.java:781)
	at org.springframework.web.client.RestTemplate.exchange(RestTemplate.java:663)
	at org.springframework.cloud.netflix.eureka.http.RestTemplateEurekaHttpClient.sendHeartBeat(RestTemplateEurekaHttpClient.java:99)
	at com.netflix.discovery.shared.transport.decorator.EurekaHttpClientDecorator$3.execute(EurekaHttpClientDecorator.java:92)
	at com.netflix.discovery.shared.transport.decorator.RedirectingEurekaHttpClient.executeOnNewServer(RedirectingEurekaHttpClient.java:121)
	at com.netflix.discovery.shared.transport.decorator.RedirectingEurekaHttpClient.execute(RedirectingEurekaHttpClient.java:80)
	at com.netflix.discovery.shared.transport.decorator.EurekaHttpClientDecorator.sendHeartBeat(EurekaHttpClientDecorator.java:89)
	at com.netflix.discovery.shared.transport.decorator.EurekaHttpClientDecorator$3.execute(EurekaHttpClientDecorator.java:92)
	at com.netflix.discovery.shared.transport.decorator.RetryableEurekaHttpClient.execute(RetryableEurekaHttpClient.java:120)
	at com.netflix.discovery.shared.transport.decorator.EurekaHttpClientDecorator.sendHeartBeat(EurekaHttpClientDecorator.java:89)
	at com.netflix.discovery.shared.transport.decorator.EurekaHttpClientDecorator$3.execute(EurekaHttpClientDecorator.java:92)
	at com.netflix.discovery.shared.transport.decorator.SessionedEurekaHttpClient.execute(SessionedEurekaHttpClient.java:77)
	at com.netflix.discovery.shared.transport.decorator.EurekaHttpClientDecorator.sendHeartBeat(EurekaHttpClientDecorator.java:89)
	at com.netflix.discovery.DiscoveryClient.renew(DiscoveryClient.java:837)
	at com.netflix.discovery.DiscoveryClient$HeartbeatThread.run(DiscoveryClient.java:1401)
	at java.base/java.util.concurrent.Executors$RunnableAdapter.call(Executors.java:572)
	at java.base/java.util.concurrent.FutureTask.run(FutureTask.java:317)
	at java.base/java.util.concurrent.ThreadPoolExecutor.runWorker(ThreadPoolExecutor.java:1144)
	at java.base/java.util.concurrent.ThreadPoolExecutor$Worker.run(ThreadPoolExecutor.java:642)
	at java.base/java.lang.Thread.run(Thread.java:1583)
Caused by: org.apache.hc.client5.http.HttpHostConnectException: Connect to http://localhost:8761 [localhost/127.0.0.1, localhost/0:0:0:0:0:0:0:1] failed: Connection refused: getsockopt
	at java.base/sun.nio.ch.Net.pollConnect(Native Method)
	at java.base/sun.nio.ch.Net.pollConnectNow(Net.java:682)
	at java.base/sun.nio.ch.NioSocketImpl.timedFinishConnect(NioSocketImpl.java:542)
	at java.base/sun.nio.ch.NioSocketImpl.connect(NioSocketImpl.java:592)
	at java.base/java.net.SocksSocketImpl.connect(SocksSocketImpl.java:327)
	at java.base/java.net.Socket.connect(Socket.java:751)
	at org.apache.hc.client5.http.socket.PlainConnectionSocketFactory.lambda$connectSocket$0(PlainConnectionSocketFactory.java:85)
	at java.base/java.security.AccessController.doPrivileged(AccessController.java:571)
	at org.apache.hc.client5.http.socket.PlainConnectionSocketFactory.connectSocket(PlainConnectionSocketFactory.java:84)
	at org.apache.hc.client5.http.socket.ConnectionSocketFactory.connectSocket(ConnectionSocketFactory.java:113)
	at org.apache.hc.client5.http.impl.io.DefaultHttpClientConnectionOperator.connect(DefaultHttpClientConnectionOperator.java:181)
	at org.apache.hc.client5.http.impl.io.PoolingHttpClientConnectionManager.connect(PoolingHttpClientConnectionManager.java:447)
	at org.apache.hc.client5.http.impl.classic.InternalExecRuntime.connectEndpoint(InternalExecRuntime.java:162)
	at org.apache.hc.client5.http.impl.classic.InternalExecRuntime.connectEndpoint(InternalExecRuntime.java:172)
	at org.apache.hc.client5.http.impl.classic.ConnectExec.execute(ConnectExec.java:142)
	at org.apache.hc.client5.http.impl.classic.ExecChainElement.execute(ExecChainElement.java:51)
	at org.apache.hc.client5.http.impl.classic.ProtocolExec.execute(ProtocolExec.java:192)
	at org.apache.hc.client5.http.impl.classic.ExecChainElement.execute(ExecChainElement.java:51)
	at org.apache.hc.client5.http.impl.classic.HttpRequestRetryExec.execute(HttpRequestRetryExec.java:96)
	at org.apache.hc.client5.http.impl.classic.ExecChainElement.execute(ExecChainElement.java:51)
	at org.apache.hc.client5.http.impl.classic.ContentCompressionExec.execute(ContentCompressionExec.java:152)
	at org.apache.hc.client5.http.impl.classic.ExecChainElement.execute(ExecChainElement.java:51)
	at org.apache.hc.client5.http.impl.classic.RedirectExec.execute(RedirectExec.java:115)
	at org.apache.hc.client5.http.impl.classic.ExecChainElement.execute(ExecChainElement.java:51)
	at org.apache.hc.client5.http.impl.classic.InternalHttpClient.doExecute(InternalHttpClient.java:170)
	at org.apache.hc.client5.http.impl.classic.CloseableHttpClient.execute(CloseableHttpClient.java:87)
	at org.apache.hc.client5.http.impl.classic.CloseableHttpClient.execute(CloseableHttpClient.java:55)
	at org.apache.hc.client5.http.classic.HttpClient.executeOpen(HttpClient.java:183)
	at org.springframework.http.client.HttpComponentsClientHttpRequest.executeInternal(HttpComponentsClientHttpRequest.java:95)
	at org.springframework.http.client.AbstractStreamingClientHttpRequest.executeInternal(AbstractStreamingClientHttpRequest.java:70)
	at org.springframework.http.client.AbstractClientHttpRequest.execute(AbstractClientHttpRequest.java:66)
	at org.springframework.http.client.InterceptingClientHttpRequest$InterceptingRequestExecution.execute(InterceptingClientHttpRequest.java:101)
	at org.springframework.cloud.netflix.eureka.http.RestTemplateTransportClientFactory.lambda$restTemplate$0(RestTemplateTransportClientFactory.java:143)
	at org.springframework.http.client.InterceptingClientHttpRequest$InterceptingRequestExecution.execute(InterceptingClientHttpRequest.java:87)
	at org.springframework.http.client.InterceptingClientHttpRequest.executeInternal(InterceptingClientHttpRequest.java:71)
	at org.springframework.http.client.AbstractBufferingClientHttpRequest.executeInternal(AbstractBufferingClientHttpRequest.java:48)
	at org.springframework.http.client.AbstractClientHttpRequest.execute(AbstractClientHttpRequest.java:66)
	at org.springframework.web.client.RestTemplate.doExecute(RestTemplate.java:879)
	... 20 more

2026-03-16T10:08:55.071+05:30  WARN 31140 --- [course-service] [DiscoveryClient-HeartbeatExecutor-0] c.n.d.s.t.d.RetryableEurekaHttpClient    : Request execution failed with message: I/O error on PUT request for "http://localhost:8761/eureka/apps/COURSE-SERVICE/81DH353.mshome.net:course-service:8082": Connect to http://localhost:8761 [localhost/127.0.0.1, localhost/0:0:0:0:0:0:0:1] failed: Connection refused: getsockopt
2026-03-16T10:08:55.071+05:30 ERROR 31140 --- [course-service] [DiscoveryClient-HeartbeatExecutor-0] com.netflix.discovery.DiscoveryClient    : DiscoveryClient_COURSE-SERVICE/81DH353.mshome.net:course-service:8082 - was unable to send heartbeat!

com.netflix.discovery.shared.transport.TransportException: Cannot execute request on any known server
	at com.netflix.discovery.shared.transport.decorator.RetryableEurekaHttpClient.execute(RetryableEurekaHttpClient.java:112) ~[eureka-client-2.0.1.jar:2.0.1]
	at com.netflix.discovery.shared.transport.decorator.EurekaHttpClientDecorator.sendHeartBeat(EurekaHttpClientDecorator.java:89) ~[eureka-client-2.0.1.jar:2.0.1]
	at com.netflix.discovery.shared.transport.decorator.EurekaHttpClientDecorator$3.execute(EurekaHttpClientDecorator.java:92) ~[eureka-client-2.0.1.jar:2.0.1]
	at com.netflix.discovery.shared.transport.decorator.SessionedEurekaHttpClient.execute(SessionedEurekaHttpClient.java:77) ~[eureka-client-2.0.1.jar:2.0.1]
	at com.netflix.discovery.shared.transport.decorator.EurekaHttpClientDecorator.sendHeartBeat(EurekaHttpClientDecorator.java:89) ~[eureka-client-2.0.1.jar:2.0.1]
	at com.netflix.discovery.DiscoveryClient.renew(DiscoveryClient.java:837) ~[eureka-client-2.0.1.jar:2.0.1]
	at com.netflix.discovery.DiscoveryClient$HeartbeatThread.run(DiscoveryClient.java:1401) ~[eureka-client-2.0.1.jar:2.0.1]
	at java.base/java.util.concurrent.Executors$RunnableAdapter.call(Executors.java:572) ~[na:na]
	at java.base/java.util.concurrent.FutureTask.run(FutureTask.java:317) ~[na:na]
	at java.base/java.util.concurrent.ThreadPoolExecutor.runWorker(ThreadPoolExecutor.java:1144) ~[na:na]
	at java.base/java.util.concurrent.ThreadPoolExecutor$Worker.run(ThreadPoolExecutor.java:642) ~[na:na]
	at java.base/java.lang.Thread.run(Thread.java:1583) ~[na:na]

2026-03-16T10:08:55.073+05:30  INFO 31140 --- [course-service] [DiscoveryClient-CacheRefreshExecutor-0] c.n.d.s.t.d.RedirectingEurekaHttpClient  : Request execution error. endpoint=DefaultEndpoint{ serviceUrl='http://localhost:8761/eureka/}, exception=I/O error on GET request for "http://localhost:8761/eureka/apps/": Connect to http://localhost:8761 [localhost/127.0.0.1, localhost/0:0:0:0:0:0:0:1] failed: Connection refused: getsockopt stacktrace=org.springframework.web.client.ResourceAccessException: I/O error on GET request for "http://localhost:8761/eureka/apps/": Connect to http://localhost:8761 [localhost/127.0.0.1, localhost/0:0:0:0:0:0:0:1] failed: Connection refused: getsockopt
	at org.springframework.web.client.RestTemplate.createResourceAccessException(RestTemplate.java:905)
	at org.springframework.web.client.RestTemplate.doExecute(RestTemplate.java:885)
	at org.springframework.web.client.RestTemplate.execute(RestTemplate.java:781)
	at org.springframework.web.client.RestTemplate.exchange(RestTemplate.java:663)
	at org.springframework.cloud.netflix.eureka.http.RestTemplateEurekaHttpClient.getApplicationsInternal(RestTemplateEurekaHttpClient.java:145)
	at org.springframework.cloud.netflix.eureka.http.RestTemplateEurekaHttpClient.getApplications(RestTemplateEurekaHttpClient.java:135)
	at com.netflix.discovery.shared.transport.decorator.EurekaHttpClientDecorator$6.execute(EurekaHttpClientDecorator.java:137)
	at com.netflix.discovery.shared.transport.decorator.RedirectingEurekaHttpClient.executeOnNewServer(RedirectingEurekaHttpClient.java:121)
	at com.netflix.discovery.shared.transport.decorator.RedirectingEurekaHttpClient.execute(RedirectingEurekaHttpClient.java:80)
	at com.netflix.discovery.shared.transport.decorator.EurekaHttpClientDecorator.getApplications(EurekaHttpClientDecorator.java:134)
	at com.netflix.discovery.shared.transport.decorator.EurekaHttpClientDecorator$6.execute(EurekaHttpClientDecorator.java:137)
	at com.netflix.discovery.shared.transport.decorator.RetryableEurekaHttpClient.execute(RetryableEurekaHttpClient.java:120)
	at com.netflix.discovery.shared.transport.decorator.EurekaHttpClientDecorator.getApplications(EurekaHttpClientDecorator.java:134)
	at com.netflix.discovery.shared.transport.decorator.EurekaHttpClientDecorator$6.execute(EurekaHttpClientDecorator.java:137)
	at com.netflix.discovery.shared.transport.decorator.SessionedEurekaHttpClient.execute(SessionedEurekaHttpClient.java:77)
	at com.netflix.discovery.shared.transport.decorator.EurekaHttpClientDecorator.getApplications(EurekaHttpClientDecorator.java:134)
	at com.netflix.discovery.DiscoveryClient.getAndStoreFullRegistry(DiscoveryClient.java:1045)
	at com.netflix.discovery.DiscoveryClient.fetchRegistry(DiscoveryClient.java:958)
	at com.netflix.discovery.DiscoveryClient.refreshRegistry(DiscoveryClient.java:1475)
	at com.netflix.discovery.DiscoveryClient$CacheRefreshThread.run(DiscoveryClient.java:1442)
	at java.base/java.util.concurrent.Executors$RunnableAdapter.call(Executors.java:572)
	at java.base/java.util.concurrent.FutureTask.run(FutureTask.java:317)
	at java.base/java.util.concurrent.ThreadPoolExecutor.runWorker(ThreadPoolExecutor.java:1144)
	at java.base/java.util.concurrent.ThreadPoolExecutor$Worker.run(ThreadPoolExecutor.java:642)
	at java.base/java.lang.Thread.run(Thread.java:1583)
Caused by: org.apache.hc.client5.http.HttpHostConnectException: Connect to http://localhost:8761 [localhost/127.0.0.1, localhost/0:0:0:0:0:0:0:1] failed: Connection refused: getsockopt
	at java.base/sun.nio.ch.Net.pollConnect(Native Method)
	at java.base/sun.nio.ch.Net.pollConnectNow(Net.java:682)
	at java.base/sun.nio.ch.NioSocketImpl.timedFinishConnect(NioSocketImpl.java:542)
	at java.base/sun.nio.ch.NioSocketImpl.connect(NioSocketImpl.java:592)
	at java.base/java.net.SocksSocketImpl.connect(SocksSocketImpl.java:327)
	at java.base/java.net.Socket.connect(Socket.java:751)
	at org.apache.hc.client5.http.socket.PlainConnectionSocketFactory.lambda$connectSocket$0(PlainConnectionSocketFactory.java:85)
	at java.base/java.security.AccessController.doPrivileged(AccessController.java:571)
	at org.apache.hc.client5.http.socket.PlainConnectionSocketFactory.connectSocket(PlainConnectionSocketFactory.java:84)
	at org.apache.hc.client5.http.socket.ConnectionSocketFactory.connectSocket(ConnectionSocketFactory.java:113)
	at org.apache.hc.client5.http.impl.io.DefaultHttpClientConnectionOperator.connect(DefaultHttpClientConnectionOperator.java:181)
	at org.apache.hc.client5.http.impl.io.PoolingHttpClientConnectionManager.connect(PoolingHttpClientConnectionManager.java:447)
	at org.apache.hc.client5.http.impl.classic.InternalExecRuntime.connectEndpoint(InternalExecRuntime.java:162)
	at org.apache.hc.client5.http.impl.classic.InternalExecRuntime.connectEndpoint(InternalExecRuntime.java:172)
	at org.apache.hc.client5.http.impl.classic.ConnectExec.execute(ConnectExec.java:142)
	at org.apache.hc.client5.http.impl.classic.ExecChainElement.execute(ExecChainElement.java:51)
	at org.apache.hc.client5.http.impl.classic.ProtocolExec.execute(ProtocolExec.java:192)
	at org.apache.hc.client5.http.impl.classic.ExecChainElement.execute(ExecChainElement.java:51)
	at org.apache.hc.client5.http.impl.classic.HttpRequestRetryExec.execute(HttpRequestRetryExec.java:96)
	at org.apache.hc.client5.http.impl.classic.ExecChainElement.execute(ExecChainElement.java:51)
	at org.apache.hc.client5.http.impl.classic.ContentCompressionExec.execute(ContentCompressionExec.java:152)
	at org.apache.hc.client5.http.impl.classic.ExecChainElement.execute(ExecChainElement.java:51)
	at org.apache.hc.client5.http.impl.classic.RedirectExec.execute(RedirectExec.java:115)
	at org.apache.hc.client5.http.impl.classic.ExecChainElement.execute(ExecChainElement.java:51)
	at org.apache.hc.client5.http.impl.classic.InternalHttpClient.doExecute(InternalHttpClient.java:170)
	at org.apache.hc.client5.http.impl.classic.CloseableHttpClient.execute(CloseableHttpClient.java:87)
	at org.apache.hc.client5.http.impl.classic.CloseableHttpClient.execute(CloseableHttpClient.java:55)
	at org.apache.hc.client5.http.classic.HttpClient.executeOpen(HttpClient.java:183)
	at org.springframework.http.client.HttpComponentsClientHttpRequest.executeInternal(HttpComponentsClientHttpRequest.java:95)
	at org.springframework.http.client.AbstractStreamingClientHttpRequest.executeInternal(AbstractStreamingClientHttpRequest.java:70)
	at org.springframework.http.client.AbstractClientHttpRequest.execute(AbstractClientHttpRequest.java:66)
	at org.springframework.http.client.InterceptingClientHttpRequest$InterceptingRequestExecution.execute(InterceptingClientHttpRequest.java:101)
	at org.springframework.cloud.netflix.eureka.http.RestTemplateTransportClientFactory.lambda$restTemplate$0(RestTemplateTransportClientFactory.java:143)
	at org.springframework.http.client.InterceptingClientHttpRequest$InterceptingRequestExecution.execute(InterceptingClientHttpRequest.java:87)
	at org.springframework.http.client.InterceptingClientHttpRequest.executeInternal(InterceptingClientHttpRequest.java:71)
	at org.springframework.http.client.AbstractBufferingClientHttpRequest.executeInternal(AbstractBufferingClientHttpRequest.java:48)
	at org.springframework.http.client.AbstractClientHttpRequest.execute(AbstractClientHttpRequest.java:66)
	at org.springframework.web.client.RestTemplate.doExecute(RestTemplate.java:879)
	... 23 more

2026-03-16T10:08:55.073+05:30  WARN 31140 --- [course-service] [DiscoveryClient-CacheRefreshExecutor-0] c.n.d.s.t.d.RetryableEurekaHttpClient    : Request execution failed with message: I/O error on GET request for "http://localhost:8761/eureka/apps/": Connect to http://localhost:8761 [localhost/127.0.0.1, localhost/0:0:0:0:0:0:0:1] failed: Connection refused: getsockopt
2026-03-16T10:08:55.074+05:30  INFO 31140 --- [course-service] [DiscoveryClient-CacheRefreshExecutor-0] com.netflix.discovery.DiscoveryClient    : DiscoveryClient_COURSE-SERVICE/81DH353.mshome.net:course-service:8082 - was unable to refresh its cache! This periodic background refresh will be retried in 30 seconds. status = Cannot execute request on any known server stacktrace = com.netflix.discovery.shared.transport.TransportException: Cannot execute request on any known server
	at com.netflix.discovery.shared.transport.decorator.RetryableEurekaHttpClient.execute(RetryableEurekaHttpClient.java:112)
	at com.netflix.discovery.shared.transport.decorator.EurekaHttpClientDecorator.getApplications(EurekaHttpClientDecorator.java:134)
	at com.netflix.discovery.shared.transport.decorator.EurekaHttpClientDecorator$6.execute(EurekaHttpClientDecorator.java:137)
	at com.netflix.discovery.shared.transport.decorator.SessionedEurekaHttpClient.execute(SessionedEurekaHttpClient.java:77)
	at com.netflix.discovery.shared.transport.decorator.EurekaHttpClientDecorator.getApplications(EurekaHttpClientDecorator.java:134)
	at com.netflix.discovery.DiscoveryClient.getAndStoreFullRegistry(DiscoveryClient.java:1045)
	at com.netflix.discovery.DiscoveryClient.fetchRegistry(DiscoveryClient.java:958)
	at com.netflix.discovery.DiscoveryClient.refreshRegistry(DiscoveryClient.java:1475)
	at com.netflix.discovery.DiscoveryClient$CacheRefreshThread.run(DiscoveryClient.java:1442)
	at java.base/java.util.concurrent.Executors$RunnableAdapter.call(Executors.java:572)
	at java.base/java.util.concurrent.FutureTask.run(FutureTask.java:317)
	at java.base/java.util.concurrent.ThreadPoolExecutor.runWorker(ThreadPoolExecutor.java:1144)
	at java.base/java.util.concurrent.ThreadPoolExecutor$Worker.run(ThreadPoolExecutor.java:642)
	at java.base/java.lang.Thread.run(Thread.java:1583)

2026-03-16T10:08:55.460+05:30  INFO 31140 --- [course-service] [DiscoveryClient-InstanceInfoReplicator-0] com.netflix.discovery.DiscoveryClient    : DiscoveryClient_COURSE-SERVICE/81DH353.mshome.net:course-service:8082: registering service...
2026-03-16T10:08:55.542+05:30  INFO 31140 --- [course-service] [DiscoveryClient-InstanceInfoReplicator-0] c.n.d.s.t.d.RedirectingEurekaHttpClient  : Request execution error. endpoint=DefaultEndpoint{ serviceUrl='http://localhost:8761/eureka/}, exception=I/O error on POST request for "http://localhost:8761/eureka/apps/COURSE-SERVICE": Connect to http://localhost:8761 [localhost/127.0.0.1, localhost/0:0:0:0:0:0:0:1] failed: Connection refused: getsockopt stacktrace=org.springframework.web.client.ResourceAccessException: I/O error on POST request for "http://localhost:8761/eureka/apps/COURSE-SERVICE": Connect to http://localhost:8761 [localhost/127.0.0.1, localhost/0:0:0:0:0:0:0:1] failed: Connection refused: getsockopt
	at org.springframework.web.client.RestTemplate.createResourceAccessException(RestTemplate.java:905)
	at org.springframework.web.client.RestTemplate.doExecute(RestTemplate.java:885)
	at org.springframework.web.client.RestTemplate.execute(RestTemplate.java:781)
	at org.springframework.web.client.RestTemplate.exchange(RestTemplate.java:663)
	at org.springframework.cloud.netflix.eureka.http.RestTemplateEurekaHttpClient.register(RestTemplateEurekaHttpClient.java:77)
	at com.netflix.discovery.shared.transport.decorator.EurekaHttpClientDecorator$1.execute(EurekaHttpClientDecorator.java:59)
	at com.netflix.discovery.shared.transport.decorator.RedirectingEurekaHttpClient.executeOnNewServer(RedirectingEurekaHttpClient.java:121)
	at com.netflix.discovery.shared.transport.decorator.RedirectingEurekaHttpClient.execute(RedirectingEurekaHttpClient.java:80)
	at com.netflix.discovery.shared.transport.decorator.EurekaHttpClientDecorator.register(EurekaHttpClientDecorator.java:56)
	at com.netflix.discovery.shared.transport.decorator.EurekaHttpClientDecorator$1.execute(EurekaHttpClientDecorator.java:59)
	at com.netflix.discovery.shared.transport.decorator.RetryableEurekaHttpClient.execute(RetryableEurekaHttpClient.java:120)
	at com.netflix.discovery.shared.transport.decorator.EurekaHttpClientDecorator.register(EurekaHttpClientDecorator.java:56)
	at com.netflix.discovery.shared.transport.decorator.EurekaHttpClientDecorator$1.execute(EurekaHttpClientDecorator.java:59)
	at com.netflix.discovery.shared.transport.decorator.SessionedEurekaHttpClient.execute(SessionedEurekaHttpClient.java:77)
	at com.netflix.discovery.shared.transport.decorator.EurekaHttpClientDecorator.register(EurekaHttpClientDecorator.java:56)
	at com.netflix.discovery.DiscoveryClient.register(DiscoveryClient.java:820)
	at com.netflix.discovery.InstanceInfoReplicator.run(InstanceInfoReplicator.java:121)
	at java.base/java.util.concurrent.Executors$RunnableAdapter.call(Executors.java:572)
	at java.base/java.util.concurrent.FutureTask.run(FutureTask.java:317)
	at java.base/java.util.concurrent.ScheduledThreadPoolExecutor$ScheduledFutureTask.run(ScheduledThreadPoolExecutor.java:304)
	at java.base/java.util.concurrent.ThreadPoolExecutor.runWorker(ThreadPoolExecutor.java:1144)
	at java.base/java.util.concurrent.ThreadPoolExecutor$Worker.run(ThreadPoolExecutor.java:642)
	at java.base/java.lang.Thread.run(Thread.java:1583)
Caused by: org.apache.hc.client5.http.HttpHostConnectException: Connect to http://localhost:8761 [localhost/127.0.0.1, localhost/0:0:0:0:0:0:0:1] failed: Connection refused: getsockopt
	at java.base/sun.nio.ch.Net.pollConnect(Native Method)
	at java.base/sun.nio.ch.Net.pollConnectNow(Net.java:682)
	at java.base/sun.nio.ch.NioSocketImpl.timedFinishConnect(NioSocketImpl.java:542)
	at java.base/sun.nio.ch.NioSocketImpl.connect(NioSocketImpl.java:592)
	at java.base/java.net.SocksSocketImpl.connect(SocksSocketImpl.java:327)
	at java.base/java.net.Socket.connect(Socket.java:751)
	at org.apache.hc.client5.http.socket.PlainConnectionSocketFactory.lambda$connectSocket$0(PlainConnectionSocketFactory.java:85)
	at java.base/java.security.AccessController.doPrivileged(AccessController.java:571)
	at org.apache.hc.client5.http.socket.PlainConnectionSocketFactory.connectSocket(PlainConnectionSocketFactory.java:84)
	at org.apache.hc.client5.http.socket.ConnectionSocketFactory.connectSocket(ConnectionSocketFactory.java:113)
	at org.apache.hc.client5.http.impl.io.DefaultHttpClientConnectionOperator.connect(DefaultHttpClientConnectionOperator.java:181)
	at org.apache.hc.client5.http.impl.io.PoolingHttpClientConnectionManager.connect(PoolingHttpClientConnectionManager.java:447)
	at org.apache.hc.client5.http.impl.classic.InternalExecRuntime.connectEndpoint(InternalExecRuntime.java:162)
	at org.apache.hc.client5.http.impl.classic.InternalExecRuntime.connectEndpoint(InternalExecRuntime.java:172)
	at org.apache.hc.client5.http.impl.classic.ConnectExec.execute(ConnectExec.java:142)
	at org.apache.hc.client5.http.impl.classic.ExecChainElement.execute(ExecChainElement.java:51)
	at org.apache.hc.client5.http.impl.classic.ProtocolExec.execute(ProtocolExec.java:192)
	at org.apache.hc.client5.http.impl.classic.ExecChainElement.execute(ExecChainElement.java:51)
	at org.apache.hc.client5.http.impl.classic.HttpRequestRetryExec.execute(HttpRequestRetryExec.java:96)
	at org.apache.hc.client5.http.impl.classic.ExecChainElement.execute(ExecChainElement.java:51)
	at org.apache.hc.client5.http.impl.classic.ContentCompressionExec.execute(ContentCompressionExec.java:152)
	at org.apache.hc.client5.http.impl.classic.ExecChainElement.execute(ExecChainElement.java:51)
	at org.apache.hc.client5.http.impl.classic.RedirectExec.execute(RedirectExec.java:115)
	at org.apache.hc.client5.http.impl.classic.ExecChainElement.execute(ExecChainElement.java:51)
	at org.apache.hc.client5.http.impl.classic.InternalHttpClient.doExecute(InternalHttpClient.java:170)
	at org.apache.hc.client5.http.impl.classic.CloseableHttpClient.execute(CloseableHttpClient.java:87)
	at org.apache.hc.client5.http.impl.classic.CloseableHttpClient.execute(CloseableHttpClient.java:55)
	at org.apache.hc.client5.http.classic.HttpClient.executeOpen(HttpClient.java:183)
	at org.springframework.http.client.HttpComponentsClientHttpRequest.executeInternal(HttpComponentsClientHttpRequest.java:95)
	at org.springframework.http.client.AbstractStreamingClientHttpRequest.executeInternal(AbstractStreamingClientHttpRequest.java:70)
	at org.springframework.http.client.AbstractClientHttpRequest.execute(AbstractClientHttpRequest.java:66)
	at org.springframework.http.client.InterceptingClientHttpRequest$InterceptingRequestExecution.execute(InterceptingClientHttpRequest.java:101)
	at org.springframework.cloud.netflix.eureka.http.RestTemplateTransportClientFactory.lambda$restTemplate$0(RestTemplateTransportClientFactory.java:143)
	at org.springframework.http.client.InterceptingClientHttpRequest$InterceptingRequestExecution.execute(InterceptingClientHttpRequest.java:87)
	at org.springframework.http.client.InterceptingClientHttpRequest.executeInternal(InterceptingClientHttpRequest.java:71)
	at org.springframework.http.client.AbstractBufferingClientHttpRequest.executeInternal(AbstractBufferingClientHttpRequest.java:48)
	at org.springframework.http.client.AbstractClientHttpRequest.execute(AbstractClientHttpRequest.java:66)
	at org.springframework.web.client.RestTemplate.doExecute(RestTemplate.java:879)
	... 21 more

2026-03-16T10:08:55.543+05:30  WARN 31140 --- [course-service] [DiscoveryClient-InstanceInfoReplicator-0] c.n.d.s.t.d.RetryableEurekaHttpClient    : Request execution failed with message: I/O error on POST request for "http://localhost:8761/eureka/apps/COURSE-SERVICE": Connect to http://localhost:8761 [localhost/127.0.0.1, localhost/0:0:0:0:0:0:0:1] failed: Connection refused: getsockopt
2026-03-16T10:08:55.543+05:30  WARN 31140 --- [course-service] [DiscoveryClient-InstanceInfoReplicator-0] com.netflix.discovery.DiscoveryClient    : DiscoveryClient_COURSE-SERVICE/81DH353.mshome.net:course-service:8082 - registration failed Cannot execute request on any known server

com.netflix.discovery.shared.transport.TransportException: Cannot execute request on any known server
	at com.netflix.discovery.shared.transport.decorator.RetryableEurekaHttpClient.execute(RetryableEurekaHttpClient.java:112) ~[eureka-client-2.0.1.jar:2.0.1]
	at com.netflix.discovery.shared.transport.decorator.EurekaHttpClientDecorator.register(EurekaHttpClientDecorator.java:56) ~[eureka-client-2.0.1.jar:2.0.1]
	at com.netflix.discovery.shared.transport.decorator.EurekaHttpClientDecorator$1.execute(EurekaHttpClientDecorator.java:59) ~[eureka-client-2.0.1.jar:2.0.1]
	at com.netflix.discovery.shared.transport.decorator.SessionedEurekaHttpClient.execute(SessionedEurekaHttpClient.java:77) ~[eureka-client-2.0.1.jar:2.0.1]
	at com.netflix.discovery.shared.transport.decorator.EurekaHttpClientDecorator.register(EurekaHttpClientDecorator.java:56) ~[eureka-client-2.0.1.jar:2.0.1]
	at com.netflix.discovery.DiscoveryClient.register(DiscoveryClient.java:820) ~[eureka-client-2.0.1.jar:2.0.1]
	at com.netflix.discovery.InstanceInfoReplicator.run(InstanceInfoReplicator.java:121) ~[eureka-client-2.0.1.jar:2.0.1]
	at java.base/java.util.concurrent.Executors$RunnableAdapter.call(Executors.java:572) ~[na:na]
	at java.base/java.util.concurrent.FutureTask.run(FutureTask.java:317) ~[na:na]
	at java.base/java.util.concurrent.ScheduledThreadPoolExecutor$ScheduledFutureTask.run(ScheduledThreadPoolExecutor.java:304) ~[na:na]
	at java.base/java.util.concurrent.ThreadPoolExecutor.runWorker(ThreadPoolExecutor.java:1144) ~[na:na]
	at java.base/java.util.concurrent.ThreadPoolExecutor$Worker.run(ThreadPoolExecutor.java:642) ~[na:na]
	at java.base/java.lang.Thread.run(Thread.java:1583) ~[na:na]

2026-03-16T10:08:55.544+05:30  WARN 31140 --- [course-service] [DiscoveryClient-InstanceInfoReplicator-0] c.n.discovery.InstanceInfoReplicator     : There was a problem with the instance info replicator

com.netflix.discovery.shared.transport.TransportException: Cannot execute request on any known server
	at com.netflix.discovery.shared.transport.decorator.RetryableEurekaHttpClient.execute(RetryableEurekaHttpClient.java:112) ~[eureka-client-2.0.1.jar:2.0.1]
	at com.netflix.discovery.shared.transport.decorator.EurekaHttpClientDecorator.register(EurekaHttpClientDecorator.java:56) ~[eureka-client-2.0.1.jar:2.0.1]
	at com.netflix.discovery.shared.transport.decorator.EurekaHttpClientDecorator$1.execute(EurekaHttpClientDecorator.java:59) ~[eureka-client-2.0.1.jar:2.0.1]
	at com.netflix.discovery.shared.transport.decorator.SessionedEurekaHttpClient.execute(SessionedEurekaHttpClient.java:77) ~[eureka-client-2.0.1.jar:2.0.1]
	at com.netflix.discovery.shared.transport.decorator.EurekaHttpClientDecorator.register(EurekaHttpClientDecorator.java:56) ~[eureka-client-2.0.1.jar:2.0.1]
	at com.netflix.discovery.DiscoveryClient.register(DiscoveryClient.java:820) ~[eureka-client-2.0.1.jar:2.0.1]
	at com.netflix.discovery.InstanceInfoReplicator.run(InstanceInfoReplicator.java:121) ~[eureka-client-2.0.1.jar:2.0.1]
	at java.base/java.util.concurrent.Executors$RunnableAdapter.call(Executors.java:572) ~[na:na]
	at java.base/java.util.concurrent.FutureTask.run(FutureTask.java:317) ~[na:na]
	at java.base/java.util.concurrent.ScheduledThreadPoolExecutor$ScheduledFutureTask.run(ScheduledThreadPoolExecutor.java:304) ~[na:na]
	at java.base/java.util.concurrent.ThreadPoolExecutor.runWorker(ThreadPoolExecutor.java:1144) ~[na:na]
	at java.base/java.util.concurrent.ThreadPoolExecutor$Worker.run(ThreadPoolExecutor.java:642) ~[na:na]
	at java.base/java.lang.Thread.run(Thread.java:1583) ~[na:na]

2026-03-16T10:09:25.084+05:30  INFO 31140 --- [course-service] [DiscoveryClient-CacheRefreshExecutor-0] com.netflix.discovery.DiscoveryClient    : Disable delta property : false
2026-03-16T10:09:25.084+05:30  INFO 31140 --- [course-service] [DiscoveryClient-CacheRefreshExecutor-0] com.netflix.discovery.DiscoveryClient    : Single vip registry refresh property : null
2026-03-16T10:09:25.085+05:30  INFO 31140 --- [course-service] [DiscoveryClient-CacheRefreshExecutor-0] com.netflix.discovery.DiscoveryClient    : Force full registry fetch : false
2026-03-16T10:09:25.085+05:30  INFO 31140 --- [course-service] [DiscoveryClient-CacheRefreshExecutor-0] com.netflix.discovery.DiscoveryClient    : Application is null : false
2026-03-16T10:09:25.086+05:30  INFO 31140 --- [course-service] [DiscoveryClient-CacheRefreshExecutor-0] com.netflix.discovery.DiscoveryClient    : Registered Applications size is zero : true
2026-03-16T10:09:25.086+05:30  INFO 31140 --- [course-service] [DiscoveryClient-CacheRefreshExecutor-0] com.netflix.discovery.DiscoveryClient    : Application version is -1: true
2026-03-16T10:09:25.086+05:30  INFO 31140 --- [course-service] [DiscoveryClient-CacheRefreshExecutor-0] com.netflix.discovery.DiscoveryClient    : Getting all instance registry info from the eureka server
2026-03-16T10:09:25.125+05:30  INFO 31140 --- [course-service] [DiscoveryClient-HeartbeatExecutor-0] c.n.d.s.t.d.RedirectingEurekaHttpClient  : Request execution error. endpoint=DefaultEndpoint{ serviceUrl='http://localhost:8761/eureka/}, exception=I/O error on PUT request for "http://localhost:8761/eureka/apps/COURSE-SERVICE/81DH353.mshome.net:course-service:8082": Connect to http://localhost:8761 [localhost/127.0.0.1, localhost/0:0:0:0:0:0:0:1] failed: Connection refused: getsockopt stacktrace=org.springframework.web.client.ResourceAccessException: I/O error on PUT request for "http://localhost:8761/eureka/apps/COURSE-SERVICE/81DH353.mshome.net:course-service:8082": Connect to http://localhost:8761 [localhost/127.0.0.1, localhost/0:0:0:0:0:0:0:1] failed: Connection refused: getsockopt
	at org.springframework.web.client.RestTemplate.createResourceAccessException(RestTemplate.java:905)
	at org.springframework.web.client.RestTemplate.doExecute(RestTemplate.java:885)
	at org.springframework.web.client.RestTemplate.execute(RestTemplate.java:781)
	at org.springframework.web.client.RestTemplate.exchange(RestTemplate.java:663)
	at org.springframework.cloud.netflix.eureka.http.RestTemplateEurekaHttpClient.sendHeartBeat(RestTemplateEurekaHttpClient.java:99)
	at com.netflix.discovery.shared.transport.decorator.EurekaHttpClientDecorator$3.execute(EurekaHttpClientDecorator.java:92)
	at com.netflix.discovery.shared.transport.decorator.RedirectingEurekaHttpClient.executeOnNewServer(RedirectingEurekaHttpClient.java:121)
	at com.netflix.discovery.shared.transport.decorator.RedirectingEurekaHttpClient.execute(RedirectingEurekaHttpClient.java:80)
	at com.netflix.discovery.shared.transport.decorator.EurekaHttpClientDecorator.sendHeartBeat(EurekaHttpClientDecorator.java:89)
	at com.netflix.discovery.shared.transport.decorator.EurekaHttpClientDecorator$3.execute(EurekaHttpClientDecorator.java:92)
	at com.netflix.discovery.shared.transport.decorator.RetryableEurekaHttpClient.execute(RetryableEurekaHttpClient.java:120)
	at com.netflix.discovery.shared.transport.decorator.EurekaHttpClientDecorator.sendHeartBeat(EurekaHttpClientDecorator.java:89)
	at com.netflix.discovery.shared.transport.decorator.EurekaHttpClientDecorator$3.execute(EurekaHttpClientDecorator.java:92)
	at com.netflix.discovery.shared.transport.decorator.SessionedEurekaHttpClient.execute(SessionedEurekaHttpClient.java:77)
	at com.netflix.discovery.shared.transport.decorator.EurekaHttpClientDecorator.sendHeartBeat(EurekaHttpClientDecorator.java:89)
	at com.netflix.discovery.DiscoveryClient.renew(DiscoveryClient.java:837)
	at com.netflix.discovery.DiscoveryClient$HeartbeatThread.run(DiscoveryClient.java:1401)
	at java.base/java.util.concurrent.Executors$RunnableAdapter.call(Executors.java:572)
	at java.base/java.util.concurrent.FutureTask.run(FutureTask.java:317)
	at java.base/java.util.concurrent.ThreadPoolExecutor.runWorker(ThreadPoolExecutor.java:1144)
	at java.base/java.util.concurrent.ThreadPoolExecutor$Worker.run(ThreadPoolExecutor.java:642)
	at java.base/java.lang.Thread.run(Thread.java:1583)
Caused by: org.apache.hc.client5.http.HttpHostConnectException: Connect to http://localhost:8761 [localhost/127.0.0.1, localhost/0:0:0:0:0:0:0:1] failed: Connection refused: getsockopt
	at java.base/sun.nio.ch.Net.pollConnect(Native Method)
	at java.base/sun.nio.ch.Net.pollConnectNow(Net.java:682)
	at java.base/sun.nio.ch.NioSocketImpl.timedFinishConnect(NioSocketImpl.java:542)
	at java.base/sun.nio.ch.NioSocketImpl.connect(NioSocketImpl.java:592)
	at java.base/java.net.SocksSocketImpl.connect(SocksSocketImpl.java:327)
	at java.base/java.net.Socket.connect(Socket.java:751)
	at org.apache.hc.client5.http.socket.PlainConnectionSocketFactory.lambda$connectSocket$0(PlainConnectionSocketFactory.java:85)
	at java.base/java.security.AccessController.doPrivileged(AccessController.java:571)
	at org.apache.hc.client5.http.socket.PlainConnectionSocketFactory.connectSocket(PlainConnectionSocketFactory.java:84)
	at org.apache.hc.client5.http.socket.ConnectionSocketFactory.connectSocket(ConnectionSocketFactory.java:113)
	at org.apache.hc.client5.http.impl.io.DefaultHttpClientConnectionOperator.connect(DefaultHttpClientConnectionOperator.java:181)
	at org.apache.hc.client5.http.impl.io.PoolingHttpClientConnectionManager.connect(PoolingHttpClientConnectionManager.java:447)
	at org.apache.hc.client5.http.impl.classic.InternalExecRuntime.connectEndpoint(InternalExecRuntime.java:162)
	at org.apache.hc.client5.http.impl.classic.InternalExecRuntime.connectEndpoint(InternalExecRuntime.java:172)
	at org.apache.hc.client5.http.impl.classic.ConnectExec.execute(ConnectExec.java:142)
	at org.apache.hc.client5.http.impl.classic.ExecChainElement.execute(ExecChainElement.java:51)
	at org.apache.hc.client5.http.impl.classic.ProtocolExec.execute(ProtocolExec.java:192)
	at org.apache.hc.client5.http.impl.classic.ExecChainElement.execute(ExecChainElement.java:51)
	at org.apache.hc.client5.http.impl.classic.HttpRequestRetryExec.execute(HttpRequestRetryExec.java:96)
	at org.apache.hc.client5.http.impl.classic.ExecChainElement.execute(ExecChainElement.java:51)
	at org.apache.hc.client5.http.impl.classic.ContentCompressionExec.execute(ContentCompressionExec.java:152)
	at org.apache.hc.client5.http.impl.classic.ExecChainElement.execute(ExecChainElement.java:51)
	at org.apache.hc.client5.http.impl.classic.RedirectExec.execute(RedirectExec.java:115)
	at org.apache.hc.client5.http.impl.classic.ExecChainElement.execute(ExecChainElement.java:51)
	at org.apache.hc.client5.http.impl.classic.InternalHttpClient.doExecute(InternalHttpClient.java:170)
	at org.apache.hc.client5.http.impl.classic.CloseableHttpClient.execute(CloseableHttpClient.java:87)
	at org.apache.hc.client5.http.impl.classic.CloseableHttpClient.execute(CloseableHttpClient.java:55)
	at org.apache.hc.client5.http.classic.HttpClient.executeOpen(HttpClient.java:183)
	at org.springframework.http.client.HttpComponentsClientHttpRequest.executeInternal(HttpComponentsClientHttpRequest.java:95)
	at org.springframework.http.client.AbstractStreamingClientHttpRequest.executeInternal(AbstractStreamingClientHttpRequest.java:70)
	at org.springframework.http.client.AbstractClientHttpRequest.execute(AbstractClientHttpRequest.java:66)
	at org.springframework.http.client.InterceptingClientHttpRequest$InterceptingRequestExecution.execute(InterceptingClientHttpRequest.java:101)
	at org.springframework.cloud.netflix.eureka.http.RestTemplateTransportClientFactory.lambda$restTemplate$0(RestTemplateTransportClientFactory.java:143)
	at org.springframework.http.client.InterceptingClientHttpRequest$InterceptingRequestExecution.execute(InterceptingClientHttpRequest.java:87)
	at org.springframework.http.client.InterceptingClientHttpRequest.executeInternal(InterceptingClientHttpRequest.java:71)
	at org.springframework.http.client.AbstractBufferingClientHttpRequest.executeInternal(AbstractBufferingClientHttpRequest.java:48)
	at org.springframework.http.client.AbstractClientHttpRequest.execute(AbstractClientHttpRequest.java:66)
	at org.springframework.web.client.RestTemplate.doExecute(RestTemplate.java:879)
	... 20 more

2026-03-16T10:09:25.129+05:30  INFO 31140 --- [course-service] [DiscoveryClient-CacheRefreshExecutor-0] c.n.d.s.t.d.RedirectingEurekaHttpClient  : Request execution error. endpoint=DefaultEndpoint{ serviceUrl='http://localhost:8761/eureka/}, exception=I/O error on GET request for "http://localhost:8761/eureka/apps/": Connect to http://localhost:8761 [localhost/127.0.0.1, localhost/0:0:0:0:0:0:0:1] failed: Connection refused: getsockopt stacktrace=org.springframework.web.client.ResourceAccessException: I/O error on GET request for "http://localhost:8761/eureka/apps/": Connect to http://localhost:8761 [localhost/127.0.0.1, localhost/0:0:0:0:0:0:0:1] failed: Connection refused: getsockopt
	at org.springframework.web.client.RestTemplate.createResourceAccessException(RestTemplate.java:905)
	at org.springframework.web.client.RestTemplate.doExecute(RestTemplate.java:885)
	at org.springframework.web.client.RestTemplate.execute(RestTemplate.java:781)
	at org.springframework.web.client.RestTemplate.exchange(RestTemplate.java:663)
	at org.springframework.cloud.netflix.eureka.http.RestTemplateEurekaHttpClient.getApplicationsInternal(RestTemplateEurekaHttpClient.java:145)
	at org.springframework.cloud.netflix.eureka.http.RestTemplateEurekaHttpClient.getApplications(RestTemplateEurekaHttpClient.java:135)
	at com.netflix.discovery.shared.transport.decorator.EurekaHttpClientDecorator$6.execute(EurekaHttpClientDecorator.java:137)
	at com.netflix.discovery.shared.transport.decorator.RedirectingEurekaHttpClient.executeOnNewServer(RedirectingEurekaHttpClient.java:121)
	at com.netflix.discovery.shared.transport.decorator.RedirectingEurekaHttpClient.execute(RedirectingEurekaHttpClient.java:80)
	at com.netflix.discovery.shared.transport.decorator.EurekaHttpClientDecorator.getApplications(EurekaHttpClientDecorator.java:134)
	at com.netflix.discovery.shared.transport.decorator.EurekaHttpClientDecorator$6.execute(EurekaHttpClientDecorator.java:137)
	at com.netflix.discovery.shared.transport.decorator.RetryableEurekaHttpClient.execute(RetryableEurekaHttpClient.java:120)
	at com.netflix.discovery.shared.transport.decorator.EurekaHttpClientDecorator.getApplications(EurekaHttpClientDecorator.java:134)
	at com.netflix.discovery.shared.transport.decorator.EurekaHttpClientDecorator$6.execute(EurekaHttpClientDecorator.java:137)
	at com.netflix.discovery.shared.transport.decorator.SessionedEurekaHttpClient.execute(SessionedEurekaHttpClient.java:77)
	at com.netflix.discovery.shared.transport.decorator.EurekaHttpClientDecorator.getApplications(EurekaHttpClientDecorator.java:134)
	at com.netflix.discovery.DiscoveryClient.getAndStoreFullRegistry(DiscoveryClient.java:1045)
	at com.netflix.discovery.DiscoveryClient.fetchRegistry(DiscoveryClient.java:958)
	at com.netflix.discovery.DiscoveryClient.refreshRegistry(DiscoveryClient.java:1475)
	at com.netflix.discovery.DiscoveryClient$CacheRefreshThread.run(DiscoveryClient.java:1442)
	at java.base/java.util.concurrent.Executors$RunnableAdapter.call(Executors.java:572)
	at java.base/java.util.concurrent.FutureTask.run(FutureTask.java:317)
	at java.base/java.util.concurrent.ThreadPoolExecutor.runWorker(ThreadPoolExecutor.java:1144)
	at java.base/java.util.concurrent.ThreadPoolExecutor$Worker.run(ThreadPoolExecutor.java:642)
	at java.base/java.lang.Thread.run(Thread.java:1583)
Caused by: org.apache.hc.client5.http.HttpHostConnectException: Connect to http://localhost:8761 [localhost/127.0.0.1, localhost/0:0:0:0:0:0:0:1] failed: Connection refused: getsockopt
	at java.base/sun.nio.ch.Net.pollConnect(Native Method)
	at java.base/sun.nio.ch.Net.pollConnectNow(Net.java:682)
	at java.base/sun.nio.ch.NioSocketImpl.timedFinishConnect(NioSocketImpl.java:542)
	at java.base/sun.nio.ch.NioSocketImpl.connect(NioSocketImpl.java:592)
	at java.base/java.net.SocksSocketImpl.connect(SocksSocketImpl.java:327)
	at java.base/java.net.Socket.connect(Socket.java:751)
	at org.apache.hc.client5.http.socket.PlainConnectionSocketFactory.lambda$connectSocket$0(PlainConnectionSocketFactory.java:85)
	at java.base/java.security.AccessController.doPrivileged(AccessController.java:571)
	at org.apache.hc.client5.http.socket.PlainConnectionSocketFactory.connectSocket(PlainConnectionSocketFactory.java:84)
	at org.apache.hc.client5.http.socket.ConnectionSocketFactory.connectSocket(ConnectionSocketFactory.java:113)
	at org.apache.hc.client5.http.impl.io.DefaultHttpClientConnectionOperator.connect(DefaultHttpClientConnectionOperator.java:181)
	at org.apache.hc.client5.http.impl.io.PoolingHttpClientConnectionManager.connect(PoolingHttpClientConnectionManager.java:447)
	at org.apache.hc.client5.http.impl.classic.InternalExecRuntime.connectEndpoint(InternalExecRuntime.java:162)
	at org.apache.hc.client5.http.impl.classic.InternalExecRuntime.connectEndpoint(InternalExecRuntime.java:172)
	at org.apache.hc.client5.http.impl.classic.ConnectExec.execute(ConnectExec.java:142)
	at org.apache.hc.client5.http.impl.classic.ExecChainElement.execute(ExecChainElement.java:51)
	at org.apache.hc.client5.http.impl.classic.ProtocolExec.execute(ProtocolExec.java:192)
	at org.apache.hc.client5.http.impl.classic.ExecChainElement.execute(ExecChainElement.java:51)
	at org.apache.hc.client5.http.impl.classic.HttpRequestRetryExec.execute(HttpRequestRetryExec.java:96)
	at org.apache.hc.client5.http.impl.classic.ExecChainElement.execute(ExecChainElement.java:51)
	at org.apache.hc.client5.http.impl.classic.ContentCompressionExec.execute(ContentCompressionExec.java:152)
	at org.apache.hc.client5.http.impl.classic.ExecChainElement.execute(ExecChainElement.java:51)
	at org.apache.hc.client5.http.impl.classic.RedirectExec.execute(RedirectExec.java:115)
	at org.apache.hc.client5.http.impl.classic.ExecChainElement.execute(ExecChainElement.java:51)
	at org.apache.hc.client5.http.impl.classic.InternalHttpClient.doExecute(InternalHttpClient.java:170)
	at org.apache.hc.client5.http.impl.classic.CloseableHttpClient.execute(CloseableHttpClient.java:87)
	at org.apache.hc.client5.http.impl.classic.CloseableHttpClient.execute(CloseableHttpClient.java:55)
	at org.apache.hc.client5.http.classic.HttpClient.executeOpen(HttpClient.java:183)
	at org.springframework.http.client.HttpComponentsClientHttpRequest.executeInternal(HttpComponentsClientHttpRequest.java:95)
	at org.springframework.http.client.AbstractStreamingClientHttpRequest.executeInternal(AbstractStreamingClientHttpRequest.java:70)
	at org.springframework.http.client.AbstractClientHttpRequest.execute(AbstractClientHttpRequest.java:66)
	at org.springframework.http.client.InterceptingClientHttpRequest$InterceptingRequestExecution.execute(InterceptingClientHttpRequest.java:101)
	at org.springframework.cloud.netflix.eureka.http.RestTemplateTransportClientFactory.lambda$restTemplate$0(RestTemplateTransportClientFactory.java:143)
	at org.springframework.http.client.InterceptingClientHttpRequest$InterceptingRequestExecution.execute(InterceptingClientHttpRequest.java:87)
	at org.springframework.http.client.InterceptingClientHttpRequest.executeInternal(InterceptingClientHttpRequest.java:71)
	at org.springframework.http.client.AbstractBufferingClientHttpRequest.executeInternal(AbstractBufferingClientHttpRequest.java:48)
	at org.springframework.http.client.AbstractClientHttpRequest.execute(AbstractClientHttpRequest.java:66)
	at org.springframework.web.client.RestTemplate.doExecute(RestTemplate.java:879)
	... 23 more

2026-03-16T10:09:25.202+05:30  WARN 31140 --- [course-service] [DiscoveryClient-CacheRefreshExecutor-0] c.n.d.s.t.d.RetryableEurekaHttpClient    : Request execution failed with message: I/O error on GET request for "http://localhost:8761/eureka/apps/": Connect to http://localhost:8761 [localhost/127.0.0.1, localhost/0:0:0:0:0:0:0:1] failed: Connection refused: getsockopt
2026-03-16T10:09:25.202+05:30  WARN 31140 --- [course-service] [DiscoveryClient-HeartbeatExecutor-0] c.n.d.s.t.d.RetryableEurekaHttpClient    : Request execution failed with message: I/O error on PUT request for "http://localhost:8761/eureka/apps/COURSE-SERVICE/81DH353.mshome.net:course-service:8082": Connect to http://localhost:8761 [localhost/127.0.0.1, localhost/0:0:0:0:0:0:0:1] failed: Connection refused: getsockopt
2026-03-16T10:09:25.202+05:30  INFO 31140 --- [course-service] [DiscoveryClient-CacheRefreshExecutor-0] com.netflix.discovery.DiscoveryClient    : DiscoveryClient_COURSE-SERVICE/81DH353.mshome.net:course-service:8082 - was unable to refresh its cache! This periodic background refresh will be retried in 30 seconds. status = Cannot execute request on any known server stacktrace = com.netflix.discovery.shared.transport.TransportException: Cannot execute request on any known server
	at com.netflix.discovery.shared.transport.decorator.RetryableEurekaHttpClient.execute(RetryableEurekaHttpClient.java:112)
	at com.netflix.discovery.shared.transport.decorator.EurekaHttpClientDecorator.getApplications(EurekaHttpClientDecorator.java:134)
	at com.netflix.discovery.shared.transport.decorator.EurekaHttpClientDecorator$6.execute(EurekaHttpClientDecorator.java:137)
	at com.netflix.discovery.shared.transport.decorator.SessionedEurekaHttpClient.execute(SessionedEurekaHttpClient.java:77)
	at com.netflix.discovery.shared.transport.decorator.EurekaHttpClientDecorator.getApplications(EurekaHttpClientDecorator.java:134)
	at com.netflix.discovery.DiscoveryClient.getAndStoreFullRegistry(DiscoveryClient.java:1045)
	at com.netflix.discovery.DiscoveryClient.fetchRegistry(DiscoveryClient.java:958)
	at com.netflix.discovery.DiscoveryClient.refreshRegistry(DiscoveryClient.java:1475)
	at com.netflix.discovery.DiscoveryClient$CacheRefreshThread.run(DiscoveryClient.java:1442)
	at java.base/java.util.concurrent.Executors$RunnableAdapter.call(Executors.java:572)
	at java.base/java.util.concurrent.FutureTask.run(FutureTask.java:317)
	at java.base/java.util.concurrent.ThreadPoolExecutor.runWorker(ThreadPoolExecutor.java:1144)
	at java.base/java.util.concurrent.ThreadPoolExecutor$Worker.run(ThreadPoolExecutor.java:642)
	at java.base/java.lang.Thread.run(Thread.java:1583)

2026-03-16T10:09:25.202+05:30 ERROR 31140 --- [course-service] [DiscoveryClient-HeartbeatExecutor-0] com.netflix.discovery.DiscoveryClient    : DiscoveryClient_COURSE-SERVICE/81DH353.mshome.net:course-service:8082 - was unable to send heartbeat!

com.netflix.discovery.shared.transport.TransportException: Cannot execute request on any known server
	at com.netflix.discovery.shared.transport.decorator.RetryableEurekaHttpClient.execute(RetryableEurekaHttpClient.java:112) ~[eureka-client-2.0.1.jar:2.0.1]
	at com.netflix.discovery.shared.transport.decorator.EurekaHttpClientDecorator.sendHeartBeat(EurekaHttpClientDecorator.java:89) ~[eureka-client-2.0.1.jar:2.0.1]
	at com.netflix.discovery.shared.transport.decorator.EurekaHttpClientDecorator$3.execute(EurekaHttpClientDecorator.java:92) ~[eureka-client-2.0.1.jar:2.0.1]
	at com.netflix.discovery.shared.transport.decorator.SessionedEurekaHttpClient.execute(SessionedEurekaHttpClient.java:77) ~[eureka-client-2.0.1.jar:2.0.1]
	at com.netflix.discovery.shared.transport.decorator.EurekaHttpClientDecorator.sendHeartBeat(EurekaHttpClientDecorator.java:89) ~[eureka-client-2.0.1.jar:2.0.1]
	at com.netflix.discovery.DiscoveryClient.renew(DiscoveryClient.java:837) ~[eureka-client-2.0.1.jar:2.0.1]
	at com.netflix.discovery.DiscoveryClient$HeartbeatThread.run(DiscoveryClient.java:1401) ~[eureka-client-2.0.1.jar:2.0.1]
	at java.base/java.util.concurrent.Executors$RunnableAdapter.call(Executors.java:572) ~[na:na]
	at java.base/java.util.concurrent.FutureTask.run(FutureTask.java:317) ~[na:na]
	at java.base/java.util.concurrent.ThreadPoolExecutor.runWorker(ThreadPoolExecutor.java:1144) ~[na:na]
	at java.base/java.util.concurrent.ThreadPoolExecutor$Worker.run(ThreadPoolExecutor.java:642) ~[na:na]
	at java.base/java.lang.Thread.run(Thread.java:1583) ~[na:na]

2026-03-16T10:09:25.559+05:30  INFO 31140 --- [course-service] [DiscoveryClient-InstanceInfoReplicator-0] com.netflix.discovery.DiscoveryClient    : DiscoveryClient_COURSE-SERVICE/81DH353.mshome.net:course-service:8082: registering service...
2026-03-16T10:09:25.577+05:30  INFO 31140 --- [course-service] [DiscoveryClient-InstanceInfoReplicator-0] c.n.d.s.t.d.RedirectingEurekaHttpClient  : Request execution error. endpoint=DefaultEndpoint{ serviceUrl='http://localhost:8761/eureka/}, exception=I/O error on POST request for "http://localhost:8761/eureka/apps/COURSE-SERVICE": Connect to http://localhost:8761 [localhost/127.0.0.1, localhost/0:0:0:0:0:0:0:1] failed: Connection refused: getsockopt stacktrace=org.springframework.web.client.ResourceAccessException: I/O error on POST request for "http://localhost:8761/eureka/apps/COURSE-SERVICE": Connect to http://localhost:8761 [localhost/127.0.0.1, localhost/0:0:0:0:0:0:0:1] failed: Connection refused: getsockopt
	at org.springframework.web.client.RestTemplate.createResourceAccessException(RestTemplate.java:905)
	at org.springframework.web.client.RestTemplate.doExecute(RestTemplate.java:885)
	at org.springframework.web.client.RestTemplate.execute(RestTemplate.java:781)
	at org.springframework.web.client.RestTemplate.exchange(RestTemplate.java:663)
	at org.springframework.cloud.netflix.eureka.http.RestTemplateEurekaHttpClient.register(RestTemplateEurekaHttpClient.java:77)
	at com.netflix.discovery.shared.transport.decorator.EurekaHttpClientDecorator$1.execute(EurekaHttpClientDecorator.java:59)
	at com.netflix.discovery.shared.transport.decorator.RedirectingEurekaHttpClient.executeOnNewServer(RedirectingEurekaHttpClient.java:121)
	at com.netflix.discovery.shared.transport.decorator.RedirectingEurekaHttpClient.execute(RedirectingEurekaHttpClient.java:80)
	at com.netflix.discovery.shared.transport.decorator.EurekaHttpClientDecorator.register(EurekaHttpClientDecorator.java:56)
	at com.netflix.discovery.shared.transport.decorator.EurekaHttpClientDecorator$1.execute(EurekaHttpClientDecorator.java:59)
	at com.netflix.discovery.shared.transport.decorator.RetryableEurekaHttpClient.execute(RetryableEurekaHttpClient.java:120)
	at com.netflix.discovery.shared.transport.decorator.EurekaHttpClientDecorator.register(EurekaHttpClientDecorator.java:56)
	at com.netflix.discovery.shared.transport.decorator.EurekaHttpClientDecorator$1.execute(EurekaHttpClientDecorator.java:59)
	at com.netflix.discovery.shared.transport.decorator.SessionedEurekaHttpClient.execute(SessionedEurekaHttpClient.java:77)
	at com.netflix.discovery.shared.transport.decorator.EurekaHttpClientDecorator.register(EurekaHttpClientDecorator.java:56)
	at com.netflix.discovery.DiscoveryClient.register(DiscoveryClient.java:820)
	at com.netflix.discovery.InstanceInfoReplicator.run(InstanceInfoReplicator.java:121)
	at java.base/java.util.concurrent.Executors$RunnableAdapter.call(Executors.java:572)
	at java.base/java.util.concurrent.FutureTask.run(FutureTask.java:317)
	at java.base/java.util.concurrent.ScheduledThreadPoolExecutor$ScheduledFutureTask.run(ScheduledThreadPoolExecutor.java:304)
	at java.base/java.util.concurrent.ThreadPoolExecutor.runWorker(ThreadPoolExecutor.java:1144)
	at java.base/java.util.concurrent.ThreadPoolExecutor$Worker.run(ThreadPoolExecutor.java:642)
	at java.base/java.lang.Thread.run(Thread.java:1583)
Caused by: org.apache.hc.client5.http.HttpHostConnectException: Connect to http://localhost:8761 [localhost/127.0.0.1, localhost/0:0:0:0:0:0:0:1] failed: Connection refused: getsockopt
	at java.base/sun.nio.ch.Net.pollConnect(Native Method)
	at java.base/sun.nio.ch.Net.pollConnectNow(Net.java:682)
	at java.base/sun.nio.ch.NioSocketImpl.timedFinishConnect(NioSocketImpl.java:542)
	at java.base/sun.nio.ch.NioSocketImpl.connect(NioSocketImpl.java:592)
	at java.base/java.net.SocksSocketImpl.connect(SocksSocketImpl.java:327)
	at java.base/java.net.Socket.connect(Socket.java:751)
	at org.apache.hc.client5.http.socket.PlainConnectionSocketFactory.lambda$connectSocket$0(PlainConnectionSocketFactory.java:85)
	at java.base/java.security.AccessController.doPrivileged(AccessController.java:571)
	at org.apache.hc.client5.http.socket.PlainConnectionSocketFactory.connectSocket(PlainConnectionSocketFactory.java:84)
	at org.apache.hc.client5.http.socket.ConnectionSocketFactory.connectSocket(ConnectionSocketFactory.java:113)
	at org.apache.hc.client5.http.impl.io.DefaultHttpClientConnectionOperator.connect(DefaultHttpClientConnectionOperator.java:181)
	at org.apache.hc.client5.http.impl.io.PoolingHttpClientConnectionManager.connect(PoolingHttpClientConnectionManager.java:447)
	at org.apache.hc.client5.http.impl.classic.InternalExecRuntime.connectEndpoint(InternalExecRuntime.java:162)
	at org.apache.hc.client5.http.impl.classic.InternalExecRuntime.connectEndpoint(InternalExecRuntime.java:172)
	at org.apache.hc.client5.http.impl.classic.ConnectExec.execute(ConnectExec.java:142)
	at org.apache.hc.client5.http.impl.classic.ExecChainElement.execute(ExecChainElement.java:51)
	at org.apache.hc.client5.http.impl.classic.ProtocolExec.execute(ProtocolExec.java:192)
	at org.apache.hc.client5.http.impl.classic.ExecChainElement.execute(ExecChainElement.java:51)
	at org.apache.hc.client5.http.impl.classic.HttpRequestRetryExec.execute(HttpRequestRetryExec.java:96)
	at org.apache.hc.client5.http.impl.classic.ExecChainElement.execute(ExecChainElement.java:51)
	at org.apache.hc.client5.http.impl.classic.ContentCompressionExec.execute(ContentCompressionExec.java:152)
	at org.apache.hc.client5.http.impl.classic.ExecChainElement.execute(ExecChainElement.java:51)
	at org.apache.hc.client5.http.impl.classic.RedirectExec.execute(RedirectExec.java:115)
	at org.apache.hc.client5.http.impl.classic.ExecChainElement.execute(ExecChainElement.java:51)
	at org.apache.hc.client5.http.impl.classic.InternalHttpClient.doExecute(InternalHttpClient.java:170)
	at org.apache.hc.client5.http.impl.classic.CloseableHttpClient.execute(CloseableHttpClient.java:87)
	at org.apache.hc.client5.http.impl.classic.CloseableHttpClient.execute(CloseableHttpClient.java:55)
	at org.apache.hc.client5.http.classic.HttpClient.executeOpen(HttpClient.java:183)
	at org.springframework.http.client.HttpComponentsClientHttpRequest.executeInternal(HttpComponentsClientHttpRequest.java:95)
	at org.springframework.http.client.AbstractStreamingClientHttpRequest.executeInternal(AbstractStreamingClientHttpRequest.java:70)
	at org.springframework.http.client.AbstractClientHttpRequest.execute(AbstractClientHttpRequest.java:66)
	at org.springframework.http.client.InterceptingClientHttpRequest$InterceptingRequestExecution.execute(InterceptingClientHttpRequest.java:101)
	at org.springframework.cloud.netflix.eureka.http.RestTemplateTransportClientFactory.lambda$restTemplate$0(RestTemplateTransportClientFactory.java:143)
	at org.springframework.http.client.InterceptingClientHttpRequest$InterceptingRequestExecution.execute(InterceptingClientHttpRequest.java:87)
	at org.springframework.http.client.InterceptingClientHttpRequest.executeInternal(InterceptingClientHttpRequest.java:71)
	at org.springframework.http.client.AbstractBufferingClientHttpRequest.executeInternal(AbstractBufferingClientHttpRequest.java:48)
	at org.springframework.http.client.AbstractClientHttpRequest.execute(AbstractClientHttpRequest.java:66)
	at org.springframework.web.client.RestTemplate.doExecute(RestTemplate.java:879)
	... 21 more

2026-03-16T10:09:25.579+05:30  WARN 31140 --- [course-service] [DiscoveryClient-InstanceInfoReplicator-0] c.n.d.s.t.d.RetryableEurekaHttpClient    : Request execution failed with message: I/O error on POST request for "http://localhost:8761/eureka/apps/COURSE-SERVICE": Connect to http://localhost:8761 [localhost/127.0.0.1, localhost/0:0:0:0:0:0:0:1] failed: Connection refused: getsockopt
2026-03-16T10:09:25.579+05:30  WARN 31140 --- [course-service] [DiscoveryClient-InstanceInfoReplicator-0] com.netflix.discovery.DiscoveryClient    : DiscoveryClient_COURSE-SERVICE/81DH353.mshome.net:course-service:8082 - registration failed Cannot execute request on any known server

com.netflix.discovery.shared.transport.TransportException: Cannot execute request on any known server
	at com.netflix.discovery.shared.transport.decorator.RetryableEurekaHttpClient.execute(RetryableEurekaHttpClient.java:112) ~[eureka-client-2.0.1.jar:2.0.1]
	at com.netflix.discovery.shared.transport.decorator.EurekaHttpClientDecorator.register(EurekaHttpClientDecorator.java:56) ~[eureka-client-2.0.1.jar:2.0.1]
	at com.netflix.discovery.shared.transport.decorator.EurekaHttpClientDecorator$1.execute(EurekaHttpClientDecorator.java:59) ~[eureka-client-2.0.1.jar:2.0.1]
	at com.netflix.discovery.shared.transport.decorator.SessionedEurekaHttpClient.execute(SessionedEurekaHttpClient.java:77) ~[eureka-client-2.0.1.jar:2.0.1]
	at com.netflix.discovery.shared.transport.decorator.EurekaHttpClientDecorator.register(EurekaHttpClientDecorator.java:56) ~[eureka-client-2.0.1.jar:2.0.1]
	at com.netflix.discovery.DiscoveryClient.register(DiscoveryClient.java:820) ~[eureka-client-2.0.1.jar:2.0.1]
	at com.netflix.discovery.InstanceInfoReplicator.run(InstanceInfoReplicator.java:121) ~[eureka-client-2.0.1.jar:2.0.1]
	at java.base/java.util.concurrent.Executors$RunnableAdapter.call(Executors.java:572) ~[na:na]
	at java.base/java.util.concurrent.FutureTask.run(FutureTask.java:317) ~[na:na]
	at java.base/java.util.concurrent.ScheduledThreadPoolExecutor$ScheduledFutureTask.run(ScheduledThreadPoolExecutor.java:304) ~[na:na]
	at java.base/java.util.concurrent.ThreadPoolExecutor.runWorker(ThreadPoolExecutor.java:1144) ~[na:na]
	at java.base/java.util.concurrent.ThreadPoolExecutor$Worker.run(ThreadPoolExecutor.java:642) ~[na:na]
	at java.base/java.lang.Thread.run(Thread.java:1583) ~[na:na]

2026-03-16T10:09:25.580+05:30  WARN 31140 --- [course-service] [DiscoveryClient-InstanceInfoReplicator-0] c.n.discovery.InstanceInfoReplicator     : There was a problem with the instance info replicator

com.netflix.discovery.shared.transport.TransportException: Cannot execute request on any known server
	at com.netflix.discovery.shared.transport.decorator.RetryableEurekaHttpClient.execute(RetryableEurekaHttpClient.java:112) ~[eureka-client-2.0.1.jar:2.0.1]
	at com.netflix.discovery.shared.transport.decorator.EurekaHttpClientDecorator.register(EurekaHttpClientDecorator.java:56) ~[eureka-client-2.0.1.jar:2.0.1]
	at com.netflix.discovery.shared.transport.decorator.EurekaHttpClientDecorator$1.execute(EurekaHttpClientDecorator.java:59) ~[eureka-client-2.0.1.jar:2.0.1]
	at com.netflix.discovery.shared.transport.decorator.SessionedEurekaHttpClient.execute(SessionedEurekaHttpClient.java:77) ~[eureka-client-2.0.1.jar:2.0.1]
	at com.netflix.discovery.shared.transport.decorator.EurekaHttpClientDecorator.register(EurekaHttpClientDecorator.java:56) ~[eureka-client-2.0.1.jar:2.0.1]
	at com.netflix.discovery.DiscoveryClient.register(DiscoveryClient.java:820) ~[eureka-client-2.0.1.jar:2.0.1]
	at com.netflix.discovery.InstanceInfoReplicator.run(InstanceInfoReplicator.java:121) ~[eureka-client-2.0.1.jar:2.0.1]
	at java.base/java.util.concurrent.Executors$RunnableAdapter.call(Executors.java:572) ~[na:na]
	at java.base/java.util.concurrent.FutureTask.run(FutureTask.java:317) ~[na:na]
	at java.base/java.util.concurrent.ScheduledThreadPoolExecutor$ScheduledFutureTask.run(ScheduledThreadPoolExecutor.java:304) ~[na:na]
	at java.base/java.util.concurrent.ThreadPoolExecutor.runWorker(ThreadPoolExecutor.java:1144) ~[na:na]
	at java.base/java.util.concurrent.ThreadPoolExecutor$Worker.run(ThreadPoolExecutor.java:642) ~[na:na]
	at java.base/java.lang.Thread.run(Thread.java:1583) ~[na:na]

2026-03-16T10:09:55.216+05:30  INFO 31140 --- [course-service] [DiscoveryClient-CacheRefreshExecutor-0] com.netflix.discovery.DiscoveryClient    : Disable delta property : false
2026-03-16T10:09:55.217+05:30  INFO 31140 --- [course-service] [DiscoveryClient-CacheRefreshExecutor-0] com.netflix.discovery.DiscoveryClient    : Single vip registry refresh property : null
2026-03-16T10:09:55.217+05:30  INFO 31140 --- [course-service] [DiscoveryClient-CacheRefreshExecutor-0] com.netflix.discovery.DiscoveryClient    : Force full registry fetch : false
2026-03-16T10:09:55.218+05:30  INFO 31140 --- [course-service] [DiscoveryClient-CacheRefreshExecutor-0] com.netflix.discovery.DiscoveryClient    : Application is null : false
2026-03-16T10:09:55.218+05:30  INFO 31140 --- [course-service] [DiscoveryClient-CacheRefreshExecutor-0] com.netflix.discovery.DiscoveryClient    : Registered Applications size is zero : true
2026-03-16T10:09:55.218+05:30  INFO 31140 --- [course-service] [DiscoveryClient-CacheRefreshExecutor-0] com.netflix.discovery.DiscoveryClient    : Application version is -1: true
2026-03-16T10:09:55.218+05:30  INFO 31140 --- [course-service] [DiscoveryClient-CacheRefreshExecutor-0] com.netflix.discovery.DiscoveryClient    : Getting all instance registry info from the eureka server
2026-03-16T10:09:55.251+05:30  INFO 31140 --- [course-service] [DiscoveryClient-HeartbeatExecutor-0] c.n.d.s.t.d.RedirectingEurekaHttpClient  : Request execution error. endpoint=DefaultEndpoint{ serviceUrl='http://localhost:8761/eureka/}, exception=I/O error on PUT request for "http://localhost:8761/eureka/apps/COURSE-SERVICE/81DH353.mshome.net:course-service:8082": Connect to http://localhost:8761 [localhost/127.0.0.1, localhost/0:0:0:0:0:0:0:1] failed: Connection refused: getsockopt stacktrace=org.springframework.web.client.ResourceAccessException: I/O error on PUT request for "http://localhost:8761/eureka/apps/COURSE-SERVICE/81DH353.mshome.net:course-service:8082": Connect to http://localhost:8761 [localhost/127.0.0.1, localhost/0:0:0:0:0:0:0:1] failed: Connection refused: getsockopt
	at org.springframework.web.client.RestTemplate.createResourceAccessException(RestTemplate.java:905)
	at org.springframework.web.client.RestTemplate.doExecute(RestTemplate.java:885)
	at org.springframework.web.client.RestTemplate.execute(RestTemplate.java:781)
	at org.springframework.web.client.RestTemplate.exchange(RestTemplate.java:663)
	at org.springframework.cloud.netflix.eureka.http.RestTemplateEurekaHttpClient.sendHeartBeat(RestTemplateEurekaHttpClient.java:99)
	at com.netflix.discovery.shared.transport.decorator.EurekaHttpClientDecorator$3.execute(EurekaHttpClientDecorator.java:92)
	at com.netflix.discovery.shared.transport.decorator.RedirectingEurekaHttpClient.executeOnNewServer(RedirectingEurekaHttpClient.java:121)
	at com.netflix.discovery.shared.transport.decorator.RedirectingEurekaHttpClient.execute(RedirectingEurekaHttpClient.java:80)
	at com.netflix.discovery.shared.transport.decorator.EurekaHttpClientDecorator.sendHeartBeat(EurekaHttpClientDecorator.java:89)
	at com.netflix.discovery.shared.transport.decorator.EurekaHttpClientDecorator$3.execute(EurekaHttpClientDecorator.java:92)
	at com.netflix.discovery.shared.transport.decorator.RetryableEurekaHttpClient.execute(RetryableEurekaHttpClient.java:120)
	at com.netflix.discovery.shared.transport.decorator.EurekaHttpClientDecorator.sendHeartBeat(EurekaHttpClientDecorator.java:89)
	at com.netflix.discovery.shared.transport.decorator.EurekaHttpClientDecorator$3.execute(EurekaHttpClientDecorator.java:92)
	at com.netflix.discovery.shared.transport.decorator.SessionedEurekaHttpClient.execute(SessionedEurekaHttpClient.java:77)
	at com.netflix.discovery.shared.transport.decorator.EurekaHttpClientDecorator.sendHeartBeat(EurekaHttpClientDecorator.java:89)
	at com.netflix.discovery.DiscoveryClient.renew(DiscoveryClient.java:837)
	at com.netflix.discovery.DiscoveryClient$HeartbeatThread.run(DiscoveryClient.java:1401)
	at java.base/java.util.concurrent.Executors$RunnableAdapter.call(Executors.java:572)
	at java.base/java.util.concurrent.FutureTask.run(FutureTask.java:317)
	at java.base/java.util.concurrent.ThreadPoolExecutor.runWorker(ThreadPoolExecutor.java:1144)
	at java.base/java.util.concurrent.ThreadPoolExecutor$Worker.run(ThreadPoolExecutor.java:642)
	at java.base/java.lang.Thread.run(Thread.java:1583)
Caused by: org.apache.hc.client5.http.HttpHostConnectException: Connect to http://localhost:8761 [localhost/127.0.0.1, localhost/0:0:0:0:0:0:0:1] failed: Connection refused: getsockopt
	at java.base/sun.nio.ch.Net.pollConnect(Native Method)
	at java.base/sun.nio.ch.Net.pollConnectNow(Net.java:682)
	at java.base/sun.nio.ch.NioSocketImpl.timedFinishConnect(NioSocketImpl.java:542)
	at java.base/sun.nio.ch.NioSocketImpl.connect(NioSocketImpl.java:592)
	at java.base/java.net.SocksSocketImpl.connect(SocksSocketImpl.java:327)
	at java.base/java.net.Socket.connect(Socket.java:751)
	at org.apache.hc.client5.http.socket.PlainConnectionSocketFactory.lambda$connectSocket$0(PlainConnectionSocketFactory.java:85)
	at java.base/java.security.AccessController.doPrivileged(AccessController.java:571)
	at org.apache.hc.client5.http.socket.PlainConnectionSocketFactory.connectSocket(PlainConnectionSocketFactory.java:84)
	at org.apache.hc.client5.http.socket.ConnectionSocketFactory.connectSocket(ConnectionSocketFactory.java:113)
	at org.apache.hc.client5.http.impl.io.DefaultHttpClientConnectionOperator.connect(DefaultHttpClientConnectionOperator.java:181)
	at org.apache.hc.client5.http.impl.io.PoolingHttpClientConnectionManager.connect(PoolingHttpClientConnectionManager.java:447)
	at org.apache.hc.client5.http.impl.classic.InternalExecRuntime.connectEndpoint(InternalExecRuntime.java:162)
	at org.apache.hc.client5.http.impl.classic.InternalExecRuntime.connectEndpoint(InternalExecRuntime.java:172)
	at org.apache.hc.client5.http.impl.classic.ConnectExec.execute(ConnectExec.java:142)
	at org.apache.hc.client5.http.impl.classic.ExecChainElement.execute(ExecChainElement.java:51)
	at org.apache.hc.client5.http.impl.classic.ProtocolExec.execute(ProtocolExec.java:192)
	at org.apache.hc.client5.http.impl.classic.ExecChainElement.execute(ExecChainElement.java:51)
	at org.apache.hc.client5.http.impl.classic.HttpRequestRetryExec.execute(HttpRequestRetryExec.java:96)
	at org.apache.hc.client5.http.impl.classic.ExecChainElement.execute(ExecChainElement.java:51)
	at org.apache.hc.client5.http.impl.classic.ContentCompressionExec.execute(ContentCompressionExec.java:152)
	at org.apache.hc.client5.http.impl.classic.ExecChainElement.execute(ExecChainElement.java:51)
	at org.apache.hc.client5.http.impl.classic.RedirectExec.execute(RedirectExec.java:115)
	at org.apache.hc.client5.http.impl.classic.ExecChainElement.execute(ExecChainElement.java:51)
	at org.apache.hc.client5.http.impl.classic.InternalHttpClient.doExecute(InternalHttpClient.java:170)
	at org.apache.hc.client5.http.impl.classic.CloseableHttpClient.execute(CloseableHttpClient.java:87)
	at org.apache.hc.client5.http.impl.classic.CloseableHttpClient.execute(CloseableHttpClient.java:55)
	at org.apache.hc.client5.http.classic.HttpClient.executeOpen(HttpClient.java:183)
	at org.springframework.http.client.HttpComponentsClientHttpRequest.executeInternal(HttpComponentsClientHttpRequest.java:95)
	at org.springframework.http.client.AbstractStreamingClientHttpRequest.executeInternal(AbstractStreamingClientHttpRequest.java:70)
	at org.springframework.http.client.AbstractClientHttpRequest.execute(AbstractClientHttpRequest.java:66)
	at org.springframework.http.client.InterceptingClientHttpRequest$InterceptingRequestExecution.execute(InterceptingClientHttpRequest.java:101)
	at org.springframework.cloud.netflix.eureka.http.RestTemplateTransportClientFactory.lambda$restTemplate$0(RestTemplateTransportClientFactory.java:143)
	at org.springframework.http.client.InterceptingClientHttpRequest$InterceptingRequestExecution.execute(InterceptingClientHttpRequest.java:87)
	at org.springframework.http.client.InterceptingClientHttpRequest.executeInternal(InterceptingClientHttpRequest.java:71)
	at org.springframework.http.client.AbstractBufferingClientHttpRequest.executeInternal(AbstractBufferingClientHttpRequest.java:48)
	at org.springframework.http.client.AbstractClientHttpRequest.execute(AbstractClientHttpRequest.java:66)
	at org.springframework.web.client.RestTemplate.doExecute(RestTemplate.java:879)
	... 20 more

2026-03-16T10:09:55.251+05:30  WARN 31140 --- [course-service] [DiscoveryClient-HeartbeatExecutor-0] c.n.d.s.t.d.RetryableEurekaHttpClient    : Request execution failed with message: I/O error on PUT request for "http://localhost:8761/eureka/apps/COURSE-SERVICE/81DH353.mshome.net:course-service:8082": Connect to http://localhost:8761 [localhost/127.0.0.1, localhost/0:0:0:0:0:0:0:1] failed: Connection refused: getsockopt
2026-03-16T10:09:55.251+05:30  INFO 31140 --- [course-service] [DiscoveryClient-CacheRefreshExecutor-0] c.n.d.s.t.d.RedirectingEurekaHttpClient  : Request execution error. endpoint=DefaultEndpoint{ serviceUrl='http://localhost:8761/eureka/}, exception=I/O error on GET request for "http://localhost:8761/eureka/apps/": Connect to http://localhost:8761 [localhost/127.0.0.1, localhost/0:0:0:0:0:0:0:1] failed: Connection refused: getsockopt stacktrace=org.springframework.web.client.ResourceAccessException: I/O error on GET request for "http://localhost:8761/eureka/apps/": Connect to http://localhost:8761 [localhost/127.0.0.1, localhost/0:0:0:0:0:0:0:1] failed: Connection refused: getsockopt
	at org.springframework.web.client.RestTemplate.createResourceAccessException(RestTemplate.java:905)
	at org.springframework.web.client.RestTemplate.doExecute(RestTemplate.java:885)
	at org.springframework.web.client.RestTemplate.execute(RestTemplate.java:781)
	at org.springframework.web.client.RestTemplate.exchange(RestTemplate.java:663)
	at org.springframework.cloud.netflix.eureka.http.RestTemplateEurekaHttpClient.getApplicationsInternal(RestTemplateEurekaHttpClient.java:145)
	at org.springframework.cloud.netflix.eureka.http.RestTemplateEurekaHttpClient.getApplications(RestTemplateEurekaHttpClient.java:135)
	at com.netflix.discovery.shared.transport.decorator.EurekaHttpClientDecorator$6.execute(EurekaHttpClientDecorator.java:137)
	at com.netflix.discovery.shared.transport.decorator.RedirectingEurekaHttpClient.executeOnNewServer(RedirectingEurekaHttpClient.java:121)
	at com.netflix.discovery.shared.transport.decorator.RedirectingEurekaHttpClient.execute(RedirectingEurekaHttpClient.java:80)
	at com.netflix.discovery.shared.transport.decorator.EurekaHttpClientDecorator.getApplications(EurekaHttpClientDecorator.java:134)
	at com.netflix.discovery.shared.transport.decorator.EurekaHttpClientDecorator$6.execute(EurekaHttpClientDecorator.java:137)
	at com.netflix.discovery.shared.transport.decorator.RetryableEurekaHttpClient.execute(RetryableEurekaHttpClient.java:120)
	at com.netflix.discovery.shared.transport.decorator.EurekaHttpClientDecorator.getApplications(EurekaHttpClientDecorator.java:134)
	at com.netflix.discovery.shared.transport.decorator.EurekaHttpClientDecorator$6.execute(EurekaHttpClientDecorator.java:137)
	at com.netflix.discovery.shared.transport.decorator.SessionedEurekaHttpClient.execute(SessionedEurekaHttpClient.java:77)
	at com.netflix.discovery.shared.transport.decorator.EurekaHttpClientDecorator.getApplications(EurekaHttpClientDecorator.java:134)
	at com.netflix.discovery.DiscoveryClient.getAndStoreFullRegistry(DiscoveryClient.java:1045)
	at com.netflix.discovery.DiscoveryClient.fetchRegistry(DiscoveryClient.java:958)
	at com.netflix.discovery.DiscoveryClient.refreshRegistry(DiscoveryClient.java:1475)
	at com.netflix.discovery.DiscoveryClient$CacheRefreshThread.run(DiscoveryClient.java:1442)
	at java.base/java.util.concurrent.Executors$RunnableAdapter.call(Executors.java:572)
	at java.base/java.util.concurrent.FutureTask.run(FutureTask.java:317)
	at java.base/java.util.concurrent.ThreadPoolExecutor.runWorker(ThreadPoolExecutor.java:1144)
	at java.base/java.util.concurrent.ThreadPoolExecutor$Worker.run(ThreadPoolExecutor.java:642)
	at java.base/java.lang.Thread.run(Thread.java:1583)
Caused by: org.apache.hc.client5.http.HttpHostConnectException: Connect to http://localhost:8761 [localhost/127.0.0.1, localhost/0:0:0:0:0:0:0:1] failed: Connection refused: getsockopt
	at java.base/sun.nio.ch.Net.pollConnect(Native Method)
	at java.base/sun.nio.ch.Net.pollConnectNow(Net.java:682)
	at java.base/sun.nio.ch.NioSocketImpl.timedFinishConnect(NioSocketImpl.java:542)
	at java.base/sun.nio.ch.NioSocketImpl.connect(NioSocketImpl.java:592)
	at java.base/java.net.SocksSocketImpl.connect(SocksSocketImpl.java:327)
	at java.base/java.net.Socket.connect(Socket.java:751)
	at org.apache.hc.client5.http.socket.PlainConnectionSocketFactory.lambda$connectSocket$0(PlainConnectionSocketFactory.java:85)
	at java.base/java.security.AccessController.doPrivileged(AccessController.java:571)
	at org.apache.hc.client5.http.socket.PlainConnectionSocketFactory.connectSocket(PlainConnectionSocketFactory.java:84)
	at org.apache.hc.client5.http.socket.ConnectionSocketFactory.connectSocket(ConnectionSocketFactory.java:113)
	at org.apache.hc.client5.http.impl.io.DefaultHttpClientConnectionOperator.connect(DefaultHttpClientConnectionOperator.java:181)
	at org.apache.hc.client5.http.impl.io.PoolingHttpClientConnectionManager.connect(PoolingHttpClientConnectionManager.java:447)
	at org.apache.hc.client5.http.impl.classic.InternalExecRuntime.connectEndpoint(InternalExecRuntime.java:162)
	at org.apache.hc.client5.http.impl.classic.InternalExecRuntime.connectEndpoint(InternalExecRuntime.java:172)
	at org.apache.hc.client5.http.impl.classic.ConnectExec.execute(ConnectExec.java:142)
	at org.apache.hc.client5.http.impl.classic.ExecChainElement.execute(ExecChainElement.java:51)
	at org.apache.hc.client5.http.impl.classic.ProtocolExec.execute(ProtocolExec.java:192)
	at org.apache.hc.client5.http.impl.classic.ExecChainElement.execute(ExecChainElement.java:51)
	at org.apache.hc.client5.http.impl.classic.HttpRequestRetryExec.execute(HttpRequestRetryExec.java:96)
	at org.apache.hc.client5.http.impl.classic.ExecChainElement.execute(ExecChainElement.java:51)
	at org.apache.hc.client5.http.impl.classic.ContentCompressionExec.execute(ContentCompressionExec.java:152)
	at org.apache.hc.client5.http.impl.classic.ExecChainElement.execute(ExecChainElement.java:51)
	at org.apache.hc.client5.http.impl.classic.RedirectExec.execute(RedirectExec.java:115)
	at org.apache.hc.client5.http.impl.classic.ExecChainElement.execute(ExecChainElement.java:51)
	at org.apache.hc.client5.http.impl.classic.InternalHttpClient.doExecute(InternalHttpClient.java:170)
	at org.apache.hc.client5.http.impl.classic.CloseableHttpClient.execute(CloseableHttpClient.java:87)
	at org.apache.hc.client5.http.impl.classic.CloseableHttpClient.execute(CloseableHttpClient.java:55)
	at org.apache.hc.client5.http.classic.HttpClient.executeOpen(HttpClient.java:183)
	at org.springframework.http.client.HttpComponentsClientHttpRequest.executeInternal(HttpComponentsClientHttpRequest.java:95)
	at org.springframework.http.client.AbstractStreamingClientHttpRequest.executeInternal(AbstractStreamingClientHttpRequest.java:70)
	at org.springframework.http.client.AbstractClientHttpRequest.execute(AbstractClientHttpRequest.java:66)
	at org.springframework.http.client.InterceptingClientHttpRequest$InterceptingRequestExecution.execute(InterceptingClientHttpRequest.java:101)
	at org.springframework.cloud.netflix.eureka.http.RestTemplateTransportClientFactory.lambda$restTemplate$0(RestTemplateTransportClientFactory.java:143)
	at org.springframework.http.client.InterceptingClientHttpRequest$InterceptingRequestExecution.execute(InterceptingClientHttpRequest.java:87)
	at org.springframework.http.client.InterceptingClientHttpRequest.executeInternal(InterceptingClientHttpRequest.java:71)
	at org.springframework.http.client.AbstractBufferingClientHttpRequest.executeInternal(AbstractBufferingClientHttpRequest.java:48)
	at org.springframework.http.client.AbstractClientHttpRequest.execute(AbstractClientHttpRequest.java:66)
	at org.springframework.web.client.RestTemplate.doExecute(RestTemplate.java:879)
	... 23 more

2026-03-16T10:09:55.252+05:30  WARN 31140 --- [course-service] [DiscoveryClient-CacheRefreshExecutor-0] c.n.d.s.t.d.RetryableEurekaHttpClient    : Request execution failed with message: I/O error on GET request for "http://localhost:8761/eureka/apps/": Connect to http://localhost:8761 [localhost/127.0.0.1, localhost/0:0:0:0:0:0:0:1] failed: Connection refused: getsockopt
2026-03-16T10:09:55.252+05:30  INFO 31140 --- [course-service] [DiscoveryClient-CacheRefreshExecutor-0] com.netflix.discovery.DiscoveryClient    : DiscoveryClient_COURSE-SERVICE/81DH353.mshome.net:course-service:8082 - was unable to refresh its cache! This periodic background refresh will be retried in 30 seconds. status = Cannot execute request on any known server stacktrace = com.netflix.discovery.shared.transport.TransportException: Cannot execute request on any known server
	at com.netflix.discovery.shared.transport.decorator.RetryableEurekaHttpClient.execute(RetryableEurekaHttpClient.java:112)
	at com.netflix.discovery.shared.transport.decorator.EurekaHttpClientDecorator.getApplications(EurekaHttpClientDecorator.java:134)
	at com.netflix.discovery.shared.transport.decorator.EurekaHttpClientDecorator$6.execute(EurekaHttpClientDecorator.java:137)
	at com.netflix.discovery.shared.transport.decorator.SessionedEurekaHttpClient.execute(SessionedEurekaHttpClient.java:77)
	at com.netflix.discovery.shared.transport.decorator.EurekaHttpClientDecorator.getApplications(EurekaHttpClientDecorator.java:134)
	at com.netflix.discovery.DiscoveryClient.getAndStoreFullRegistry(DiscoveryClient.java:1045)
	at com.netflix.discovery.DiscoveryClient.fetchRegistry(DiscoveryClient.java:958)
	at com.netflix.discovery.DiscoveryClient.refreshRegistry(DiscoveryClient.java:1475)
	at com.netflix.discovery.DiscoveryClient$CacheRefreshThread.run(DiscoveryClient.java:1442)
	at java.base/java.util.concurrent.Executors$RunnableAdapter.call(Executors.java:572)
	at java.base/java.util.concurrent.FutureTask.run(FutureTask.java:317)
	at java.base/java.util.concurrent.ThreadPoolExecutor.runWorker(ThreadPoolExecutor.java:1144)
	at java.base/java.util.concurrent.ThreadPoolExecutor$Worker.run(ThreadPoolExecutor.java:642)
	at java.base/java.lang.Thread.run(Thread.java:1583)

2026-03-16T10:09:55.251+05:30 ERROR 31140 --- [course-service] [DiscoveryClient-HeartbeatExecutor-0] com.netflix.discovery.DiscoveryClient    : DiscoveryClient_COURSE-SERVICE/81DH353.mshome.net:course-service:8082 - was unable to send heartbeat!

com.netflix.discovery.shared.transport.TransportException: Cannot execute request on any known server
	at com.netflix.discovery.shared.transport.decorator.RetryableEurekaHttpClient.execute(RetryableEurekaHttpClient.java:112) ~[eureka-client-2.0.1.jar:2.0.1]
	at com.netflix.discovery.shared.transport.decorator.EurekaHttpClientDecorator.sendHeartBeat(EurekaHttpClientDecorator.java:89) ~[eureka-client-2.0.1.jar:2.0.1]
	at com.netflix.discovery.shared.transport.decorator.EurekaHttpClientDecorator$3.execute(EurekaHttpClientDecorator.java:92) ~[eureka-client-2.0.1.jar:2.0.1]
	at com.netflix.discovery.shared.transport.decorator.SessionedEurekaHttpClient.execute(SessionedEurekaHttpClient.java:77) ~[eureka-client-2.0.1.jar:2.0.1]
	at com.netflix.discovery.shared.transport.decorator.EurekaHttpClientDecorator.sendHeartBeat(EurekaHttpClientDecorator.java:89) ~[eureka-client-2.0.1.jar:2.0.1]
	at com.netflix.discovery.DiscoveryClient.renew(DiscoveryClient.java:837) ~[eureka-client-2.0.1.jar:2.0.1]
	at com.netflix.discovery.DiscoveryClient$HeartbeatThread.run(DiscoveryClient.java:1401) ~[eureka-client-2.0.1.jar:2.0.1]
	at java.base/java.util.concurrent.Executors$RunnableAdapter.call(Executors.java:572) ~[na:na]
	at java.base/java.util.concurrent.FutureTask.run(FutureTask.java:317) ~[na:na]
	at java.base/java.util.concurrent.ThreadPoolExecutor.runWorker(ThreadPoolExecutor.java:1144) ~[na:na]
	at java.base/java.util.concurrent.ThreadPoolExecutor$Worker.run(ThreadPoolExecutor.java:642) ~[na:na]
	at java.base/java.lang.Thread.run(Thread.java:1583) ~[na:na]

2026-03-16T10:09:55.587+05:30  INFO 31140 --- [course-service] [DiscoveryClient-InstanceInfoReplicator-0] com.netflix.discovery.DiscoveryClient    : DiscoveryClient_COURSE-SERVICE/81DH353.mshome.net:course-service:8082: registering service...
2026-03-16T10:09:55.602+05:30  INFO 31140 --- [course-service] [DiscoveryClient-InstanceInfoReplicator-0] c.n.d.s.t.d.RedirectingEurekaHttpClient  : Request execution error. endpoint=DefaultEndpoint{ serviceUrl='http://localhost:8761/eureka/}, exception=I/O error on POST request for "http://localhost:8761/eureka/apps/COURSE-SERVICE": Connect to http://localhost:8761 [localhost/127.0.0.1, localhost/0:0:0:0:0:0:0:1] failed: Connection refused: getsockopt stacktrace=org.springframework.web.client.ResourceAccessException: I/O error on POST request for "http://localhost:8761/eureka/apps/COURSE-SERVICE": Connect to http://localhost:8761 [localhost/127.0.0.1, localhost/0:0:0:0:0:0:0:1] failed: Connection refused: getsockopt
	at org.springframework.web.client.RestTemplate.createResourceAccessException(RestTemplate.java:905)
	at org.springframework.web.client.RestTemplate.doExecute(RestTemplate.java:885)
	at org.springframework.web.client.RestTemplate.execute(RestTemplate.java:781)
	at org.springframework.web.client.RestTemplate.exchange(RestTemplate.java:663)
	at org.springframework.cloud.netflix.eureka.http.RestTemplateEurekaHttpClient.register(RestTemplateEurekaHttpClient.java:77)
	at com.netflix.discovery.shared.transport.decorator.EurekaHttpClientDecorator$1.execute(EurekaHttpClientDecorator.java:59)
	at com.netflix.discovery.shared.transport.decorator.RedirectingEurekaHttpClient.executeOnNewServer(RedirectingEurekaHttpClient.java:121)
	at com.netflix.discovery.shared.transport.decorator.RedirectingEurekaHttpClient.execute(RedirectingEurekaHttpClient.java:80)
	at com.netflix.discovery.shared.transport.decorator.EurekaHttpClientDecorator.register(EurekaHttpClientDecorator.java:56)
	at com.netflix.discovery.shared.transport.decorator.EurekaHttpClientDecorator$1.execute(EurekaHttpClientDecorator.java:59)
	at com.netflix.discovery.shared.transport.decorator.RetryableEurekaHttpClient.execute(RetryableEurekaHttpClient.java:120)
	at com.netflix.discovery.shared.transport.decorator.EurekaHttpClientDecorator.register(EurekaHttpClientDecorator.java:56)
	at com.netflix.discovery.shared.transport.decorator.EurekaHttpClientDecorator$1.execute(EurekaHttpClientDecorator.java:59)
	at com.netflix.discovery.shared.transport.decorator.SessionedEurekaHttpClient.execute(SessionedEurekaHttpClient.java:77)
	at com.netflix.discovery.shared.transport.decorator.EurekaHttpClientDecorator.register(EurekaHttpClientDecorator.java:56)
	at com.netflix.discovery.DiscoveryClient.register(DiscoveryClient.java:820)
	at com.netflix.discovery.InstanceInfoReplicator.run(InstanceInfoReplicator.java:121)
	at java.base/java.util.concurrent.Executors$RunnableAdapter.call(Executors.java:572)
	at java.base/java.util.concurrent.FutureTask.run(FutureTask.java:317)
	at java.base/java.util.concurrent.ScheduledThreadPoolExecutor$ScheduledFutureTask.run(ScheduledThreadPoolExecutor.java:304)
	at java.base/java.util.concurrent.ThreadPoolExecutor.runWorker(ThreadPoolExecutor.java:1144)
	at java.base/java.util.concurrent.ThreadPoolExecutor$Worker.run(ThreadPoolExecutor.java:642)
	at java.base/java.lang.Thread.run(Thread.java:1583)
Caused by: org.apache.hc.client5.http.HttpHostConnectException: Connect to http://localhost:8761 [localhost/127.0.0.1, localhost/0:0:0:0:0:0:0:1] failed: Connection refused: getsockopt
	at java.base/sun.nio.ch.Net.pollConnect(Native Method)
	at java.base/sun.nio.ch.Net.pollConnectNow(Net.java:682)
	at java.base/sun.nio.ch.NioSocketImpl.timedFinishConnect(NioSocketImpl.java:542)
	at java.base/sun.nio.ch.NioSocketImpl.connect(NioSocketImpl.java:592)
	at java.base/java.net.SocksSocketImpl.connect(SocksSocketImpl.java:327)
	at java.base/java.net.Socket.connect(Socket.java:751)
	at org.apache.hc.client5.http.socket.PlainConnectionSocketFactory.lambda$connectSocket$0(PlainConnectionSocketFactory.java:85)
	at java.base/java.security.AccessController.doPrivileged(AccessController.java:571)
	at org.apache.hc.client5.http.socket.PlainConnectionSocketFactory.connectSocket(PlainConnectionSocketFactory.java:84)
	at org.apache.hc.client5.http.socket.ConnectionSocketFactory.connectSocket(ConnectionSocketFactory.java:113)
	at org.apache.hc.client5.http.impl.io.DefaultHttpClientConnectionOperator.connect(DefaultHttpClientConnectionOperator.java:181)
	at org.apache.hc.client5.http.impl.io.PoolingHttpClientConnectionManager.connect(PoolingHttpClientConnectionManager.java:447)
	at org.apache.hc.client5.http.impl.classic.InternalExecRuntime.connectEndpoint(InternalExecRuntime.java:162)
	at org.apache.hc.client5.http.impl.classic.InternalExecRuntime.connectEndpoint(InternalExecRuntime.java:172)
	at org.apache.hc.client5.http.impl.classic.ConnectExec.execute(ConnectExec.java:142)
	at org.apache.hc.client5.http.impl.classic.ExecChainElement.execute(ExecChainElement.java:51)
	at org.apache.hc.client5.http.impl.classic.ProtocolExec.execute(ProtocolExec.java:192)
	at org.apache.hc.client5.http.impl.classic.ExecChainElement.execute(ExecChainElement.java:51)
	at org.apache.hc.client5.http.impl.classic.HttpRequestRetryExec.execute(HttpRequestRetryExec.java:96)
	at org.apache.hc.client5.http.impl.classic.ExecChainElement.execute(ExecChainElement.java:51)
	at org.apache.hc.client5.http.impl.classic.ContentCompressionExec.execute(ContentCompressionExec.java:152)
	at org.apache.hc.client5.http.impl.classic.ExecChainElement.execute(ExecChainElement.java:51)
	at org.apache.hc.client5.http.impl.classic.RedirectExec.execute(RedirectExec.java:115)
	at org.apache.hc.client5.http.impl.classic.ExecChainElement.execute(ExecChainElement.java:51)
	at org.apache.hc.client5.http.impl.classic.InternalHttpClient.doExecute(InternalHttpClient.java:170)
	at org.apache.hc.client5.http.impl.classic.CloseableHttpClient.execute(CloseableHttpClient.java:87)
	at org.apache.hc.client5.http.impl.classic.CloseableHttpClient.execute(CloseableHttpClient.java:55)
	at org.apache.hc.client5.http.classic.HttpClient.executeOpen(HttpClient.java:183)
	at org.springframework.http.client.HttpComponentsClientHttpRequest.executeInternal(HttpComponentsClientHttpRequest.java:95)
	at org.springframework.http.client.AbstractStreamingClientHttpRequest.executeInternal(AbstractStreamingClientHttpRequest.java:70)
	at org.springframework.http.client.AbstractClientHttpRequest.execute(AbstractClientHttpRequest.java:66)
	at org.springframework.http.client.InterceptingClientHttpRequest$InterceptingRequestExecution.execute(InterceptingClientHttpRequest.java:101)
	at org.springframework.cloud.netflix.eureka.http.RestTemplateTransportClientFactory.lambda$restTemplate$0(RestTemplateTransportClientFactory.java:143)
	at org.springframework.http.client.InterceptingClientHttpRequest$InterceptingRequestExecution.execute(InterceptingClientHttpRequest.java:87)
	at org.springframework.http.client.InterceptingClientHttpRequest.executeInternal(InterceptingClientHttpRequest.java:71)
	at org.springframework.http.client.AbstractBufferingClientHttpRequest.executeInternal(AbstractBufferingClientHttpRequest.java:48)
	at org.springframework.http.client.AbstractClientHttpRequest.execute(AbstractClientHttpRequest.java:66)
	at org.springframework.web.client.RestTemplate.doExecute(RestTemplate.java:879)
	... 21 more

2026-03-16T10:09:55.604+05:30  WARN 31140 --- [course-service] [DiscoveryClient-InstanceInfoReplicator-0] c.n.d.s.t.d.RetryableEurekaHttpClient    : Request execution failed with message: I/O error on POST request for "http://localhost:8761/eureka/apps/COURSE-SERVICE": Connect to http://localhost:8761 [localhost/127.0.0.1, localhost/0:0:0:0:0:0:0:1] failed: Connection refused: getsockopt
2026-03-16T10:09:55.605+05:30  WARN 31140 --- [course-service] [DiscoveryClient-InstanceInfoReplicator-0] com.netflix.discovery.DiscoveryClient    : DiscoveryClient_COURSE-SERVICE/81DH353.mshome.net:course-service:8082 - registration failed Cannot execute request on any known server

com.netflix.discovery.shared.transport.TransportException: Cannot execute request on any known server
	at com.netflix.discovery.shared.transport.decorator.RetryableEurekaHttpClient.execute(RetryableEurekaHttpClient.java:112) ~[eureka-client-2.0.1.jar:2.0.1]
	at com.netflix.discovery.shared.transport.decorator.EurekaHttpClientDecorator.register(EurekaHttpClientDecorator.java:56) ~[eureka-client-2.0.1.jar:2.0.1]
	at com.netflix.discovery.shared.transport.decorator.EurekaHttpClientDecorator$1.execute(EurekaHttpClientDecorator.java:59) ~[eureka-client-2.0.1.jar:2.0.1]
	at com.netflix.discovery.shared.transport.decorator.SessionedEurekaHttpClient.execute(SessionedEurekaHttpClient.java:77) ~[eureka-client-2.0.1.jar:2.0.1]
	at com.netflix.discovery.shared.transport.decorator.EurekaHttpClientDecorator.register(EurekaHttpClientDecorator.java:56) ~[eureka-client-2.0.1.jar:2.0.1]
	at com.netflix.discovery.DiscoveryClient.register(DiscoveryClient.java:820) ~[eureka-client-2.0.1.jar:2.0.1]
	at com.netflix.discovery.InstanceInfoReplicator.run(InstanceInfoReplicator.java:121) ~[eureka-client-2.0.1.jar:2.0.1]
	at java.base/java.util.concurrent.Executors$RunnableAdapter.call(Executors.java:572) ~[na:na]
	at java.base/java.util.concurrent.FutureTask.run(FutureTask.java:317) ~[na:na]
	at java.base/java.util.concurrent.ScheduledThreadPoolExecutor$ScheduledFutureTask.run(ScheduledThreadPoolExecutor.java:304) ~[na:na]
	at java.base/java.util.concurrent.ThreadPoolExecutor.runWorker(ThreadPoolExecutor.java:1144) ~[na:na]
	at java.base/java.util.concurrent.ThreadPoolExecutor$Worker.run(ThreadPoolExecutor.java:642) ~[na:na]
	at java.base/java.lang.Thread.run(Thread.java:1583) ~[na:na]

2026-03-16T10:09:55.607+05:30  WARN 31140 --- [course-service] [DiscoveryClient-InstanceInfoReplicator-0] c.n.discovery.InstanceInfoReplicator     : There was a problem with the instance info replicator

com.netflix.discovery.shared.transport.TransportException: Cannot execute request on any known server
	at com.netflix.discovery.shared.transport.decorator.RetryableEurekaHttpClient.execute(RetryableEurekaHttpClient.java:112) ~[eureka-client-2.0.1.jar:2.0.1]
	at com.netflix.discovery.shared.transport.decorator.EurekaHttpClientDecorator.register(EurekaHttpClientDecorator.java:56) ~[eureka-client-2.0.1.jar:2.0.1]
	at com.netflix.discovery.shared.transport.decorator.EurekaHttpClientDecorator$1.execute(EurekaHttpClientDecorator.java:59) ~[eureka-client-2.0.1.jar:2.0.1]
	at com.netflix.discovery.shared.transport.decorator.SessionedEurekaHttpClient.execute(SessionedEurekaHttpClient.java:77) ~[eureka-client-2.0.1.jar:2.0.1]
	at com.netflix.discovery.shared.transport.decorator.EurekaHttpClientDecorator.register(EurekaHttpClientDecorator.java:56) ~[eureka-client-2.0.1.jar:2.0.1]
	at com.netflix.discovery.DiscoveryClient.register(DiscoveryClient.java:820) ~[eureka-client-2.0.1.jar:2.0.1]
	at com.netflix.discovery.InstanceInfoReplicator.run(InstanceInfoReplicator.java:121) ~[eureka-client-2.0.1.jar:2.0.1]
	at java.base/java.util.concurrent.Executors$RunnableAdapter.call(Executors.java:572) ~[na:na]
	at java.base/java.util.concurrent.FutureTask.run(FutureTask.java:317) ~[na:na]
	at java.base/java.util.concurrent.ScheduledThreadPoolExecutor$ScheduledFutureTask.run(ScheduledThreadPoolExecutor.java:304) ~[na:na]
	at java.base/java.util.concurrent.ThreadPoolExecutor.runWorker(ThreadPoolExecutor.java:1144) ~[na:na]
	at java.base/java.util.concurrent.ThreadPoolExecutor$Worker.run(ThreadPoolExecutor.java:642) ~[na:na]
	at java.base/java.lang.Thread.run(Thread.java:1583) ~[na:na]

2026-03-16T10:10:20.978+05:30  INFO 31140 --- [course-service] [RMI TCP Connection(11)-127.0.0.1] inMXBeanRegistrar$SpringApplicationAdmin : Application shutdown requested.
2026-03-16T10:10:20.980+05:30  INFO 31140 --- [course-service] [RMI TCP Connection(11)-127.0.0.1] o.s.c.n.e.s.EurekaServiceRegistry        : Unregistering application COURSE-SERVICE with eureka with status DOWN
2026-03-16T10:10:20.981+05:30  INFO 31140 --- [course-service] [RMI TCP Connection(11)-127.0.0.1] com.netflix.discovery.DiscoveryClient    : Saw local status change event StatusChangeEvent [timestamp=1773636020981, current=DOWN, previous=UP]
2026-03-16T10:10:20.981+05:30  INFO 31140 --- [course-service] [DiscoveryClient-InstanceInfoReplicator-0] com.netflix.discovery.DiscoveryClient    : DiscoveryClient_COURSE-SERVICE/81DH353.mshome.net:course-service:8082: registering service...
2026-03-16T10:10:21.072+05:30  INFO 31140 --- [course-service] [RMI TCP Connection(11)-127.0.0.1] j.LocalContainerEntityManagerFactoryBean : Closing JPA EntityManagerFactory for persistence unit 'default'
2026-03-16T10:10:21.076+05:30  INFO 31140 --- [course-service] [RMI TCP Connection(11)-127.0.0.1] com.zaxxer.hikari.HikariDataSource       : HikariPool-1 - Shutdown initiated...
2026-03-16T10:10:21.106+05:30  INFO 31140 --- [course-service] [RMI TCP Connection(11)-127.0.0.1] com.zaxxer.hikari.HikariDataSource       : HikariPool-1 - Shutdown completed.
2026-03-16T10:10:21.108+05:30  INFO 31140 --- [course-service] [RMI TCP Connection(11)-127.0.0.1] com.netflix.discovery.DiscoveryClient    : Shutting down DiscoveryClient ...
2026-03-16T10:10:21.531+05:30  INFO 31140 --- [course-service] [DiscoveryClient-InstanceInfoReplicator-0] com.netflix.discovery.DiscoveryClient    : DiscoveryClient_COURSE-SERVICE/81DH353.mshome.net:course-service:8082 - registration status: 204
2026-03-16T10:10:21.542+05:30  INFO 31140 --- [course-service] [RMI TCP Connection(11)-127.0.0.1] com.netflix.discovery.DiscoveryClient    : Unregistering ...
2026-03-16T10:10:21.553+05:30  INFO 31140 --- [course-service] [RMI TCP Connection(11)-127.0.0.1] com.netflix.discovery.DiscoveryClient    : DiscoveryClient_COURSE-SERVICE/81DH353.mshome.net:course-service:8082 - deregister  status: 200
2026-03-16T10:10:21.562+05:30  INFO 31140 --- [course-service] [RMI TCP Connection(11)-127.0.0.1] com.netflix.discovery.DiscoveryClient    : Completed shut down of DiscoveryClient
2026-03-16T10:10:31.543+05:30  INFO 14216 --- [course-service] [main] c.e.c.CourseServiceApplication           : Starting CourseServiceApplication using Java 21.0.9 with PID 14216 (C:\Users\170529\Documents\workspace-spring-tools-for-eclipse-4.32.2.RELEASE\course-service\target\classes started by 170529 in C:\Users\170529\Documents\workspace-spring-tools-for-eclipse-4.32.2.RELEASE\course-service)
2026-03-16T10:10:31.546+05:30 DEBUG 14216 --- [course-service] [main] c.e.c.CourseServiceApplication           : Running with Spring Boot v3.2.0, Spring v6.1.1
2026-03-16T10:10:31.546+05:30  INFO 14216 --- [course-service] [main] c.e.c.CourseServiceApplication           : No active profile set, falling back to 1 default profile: "default"
2026-03-16T10:10:33.955+05:30  INFO 14216 --- [course-service] [main] .s.d.r.c.RepositoryConfigurationDelegate : Bootstrapping Spring Data JPA repositories in DEFAULT mode.
2026-03-16T10:10:34.557+05:30  INFO 14216 --- [course-service] [main] .s.d.r.c.RepositoryConfigurationDelegate : Finished Spring Data repository scanning in 568 ms. Found 4 JPA repository interfaces.
2026-03-16T10:10:35.542+05:30  INFO 14216 --- [course-service] [main] o.s.cloud.context.scope.GenericScope     : BeanFactory id=8e67e5e2-643f-3755-9e7d-bb356cbb7fbf
2026-03-16T10:10:36.170+05:30  WARN 14216 --- [course-service] [main] trationDelegate$BeanPostProcessorChecker : Bean 'org.springframework.cloud.client.loadbalancer.LoadBalancerAutoConfiguration$LoadBalancerInterceptorConfig' of type [org.springframework.cloud.client.loadbalancer.LoadBalancerAutoConfiguration$LoadBalancerInterceptorConfig] is not eligible for getting processed by all BeanPostProcessors (for example: not eligible for auto-proxying). The currently created BeanPostProcessor [lbRestClientPostProcessor] is declared through a non-static factory method on that class; consider declaring it as static instead.
2026-03-16T10:10:36.178+05:30  WARN 14216 --- [course-service] [main] trationDelegate$BeanPostProcessorChecker : Bean 'org.springframework.cloud.loadbalancer.config.BlockingLoadBalancerClientAutoConfiguration' of type [org.springframework.cloud.loadbalancer.config.BlockingLoadBalancerClientAutoConfiguration] is not eligible for getting processed by all BeanPostProcessors (for example: not eligible for auto-proxying). Is this bean getting eagerly injected into a currently created BeanPostProcessor [lbRestClientPostProcessor]? Check the corresponding BeanPostProcessor declaration and its dependencies.
2026-03-16T10:10:36.179+05:30  WARN 14216 --- [course-service] [main] trationDelegate$BeanPostProcessorChecker : Bean 'org.springframework.cloud.loadbalancer.config.LoadBalancerAutoConfiguration' of type [org.springframework.cloud.loadbalancer.config.LoadBalancerAutoConfiguration] is not eligible for getting processed by all BeanPostProcessors (for example: not eligible for auto-proxying). Is this bean getting eagerly injected into a currently created BeanPostProcessor [lbRestClientPostProcessor]? Check the corresponding BeanPostProcessor declaration and its dependencies.
2026-03-16T10:10:36.199+05:30  WARN 14216 --- [course-service] [main] trationDelegate$BeanPostProcessorChecker : Bean 'org.springframework.cloud.commons.config.CommonsConfigAutoConfiguration' of type [org.springframework.cloud.commons.config.CommonsConfigAutoConfiguration] is not eligible for getting processed by all BeanPostProcessors (for example: not eligible for auto-proxying). Is this bean getting eagerly injected into a currently created BeanPostProcessor [lbRestClientPostProcessor]? Check the corresponding BeanPostProcessor declaration and its dependencies.
2026-03-16T10:10:36.203+05:30  WARN 14216 --- [course-service] [main] trationDelegate$BeanPostProcessorChecker : Bean 'org.springframework.cloud.client.loadbalancer.LoadBalancerDefaultMappingsProviderAutoConfiguration' of type [org.springframework.cloud.client.loadbalancer.LoadBalancerDefaultMappingsProviderAutoConfiguration] is not eligible for getting processed by all BeanPostProcessors (for example: not eligible for auto-proxying). Is this bean getting eagerly injected into a currently created BeanPostProcessor [lbRestClientPostProcessor]? Check the corresponding BeanPostProcessor declaration and its dependencies.
2026-03-16T10:10:36.205+05:30  WARN 14216 --- [course-service] [main] trationDelegate$BeanPostProcessorChecker : Bean 'loadBalancerClientsDefaultsMappingsProvider' of type [org.springframework.cloud.client.loadbalancer.LoadBalancerDefaultMappingsProviderAutoConfiguration$$Lambda/0x000001ce9a496a98] is not eligible for getting processed by all BeanPostProcessors (for example: not eligible for auto-proxying). Is this bean getting eagerly injected into a currently created BeanPostProcessor [lbRestClientPostProcessor]? Check the corresponding BeanPostProcessor declaration and its dependencies.
2026-03-16T10:10:36.207+05:30  WARN 14216 --- [course-service] [main] trationDelegate$BeanPostProcessorChecker : Bean 'defaultsBindHandlerAdvisor' of type [org.springframework.cloud.commons.config.DefaultsBindHandlerAdvisor] is not eligible for getting processed by all BeanPostProcessors (for example: not eligible for auto-proxying). Is this bean getting eagerly injected into a currently created BeanPostProcessor [lbRestClientPostProcessor]? Check the corresponding BeanPostProcessor declaration and its dependencies.
2026-03-16T10:10:36.353+05:30  WARN 14216 --- [course-service] [main] trationDelegate$BeanPostProcessorChecker : Bean 'spring.cloud.loadbalancer-org.springframework.cloud.client.loadbalancer.LoadBalancerClientsProperties' of type [org.springframework.cloud.client.loadbalancer.LoadBalancerClientsProperties] is not eligible for getting processed by all BeanPostProcessors (for example: not eligible for auto-proxying). Is this bean getting eagerly injected into a currently created BeanPostProcessor [lbRestClientPostProcessor]? Check the corresponding BeanPostProcessor declaration and its dependencies.
2026-03-16T10:10:36.382+05:30  WARN 14216 --- [course-service] [main] trationDelegate$BeanPostProcessorChecker : Bean 'default.org.springframework.cloud.loadbalancer.config.LoadBalancerAutoConfiguration.LoadBalancerClientSpecification' of type [org.springframework.cloud.loadbalancer.annotation.LoadBalancerClientSpecification] is not eligible for getting processed by all BeanPostProcessors (for example: not eligible for auto-proxying). Is this bean getting eagerly injected into a currently created BeanPostProcessor [lbRestClientPostProcessor]? Check the corresponding BeanPostProcessor declaration and its dependencies.
2026-03-16T10:10:36.383+05:30  WARN 14216 --- [course-service] [main] trationDelegate$BeanPostProcessorChecker : Bean 'default.org.springframework.cloud.loadbalancer.config.BlockingLoadBalancerClientAutoConfiguration.LoadBalancerClientSpecification' of type [org.springframework.cloud.loadbalancer.annotation.LoadBalancerClientSpecification] is not eligible for getting processed by all BeanPostProcessors (for example: not eligible for auto-proxying). Is this bean getting eagerly injected into a currently created BeanPostProcessor [lbRestClientPostProcessor]? Check the corresponding BeanPostProcessor declaration and its dependencies.
2026-03-16T10:10:36.389+05:30  WARN 14216 --- [course-service] [main] trationDelegate$BeanPostProcessorChecker : Bean 'default.org.springframework.cloud.netflix.eureka.loadbalancer.LoadBalancerEurekaAutoConfiguration.LoadBalancerClientSpecification' of type [org.springframework.cloud.loadbalancer.annotation.LoadBalancerClientSpecification] is not eligible for getting processed by all BeanPostProcessors (for example: not eligible for auto-proxying). Is this bean getting eagerly injected into a currently created BeanPostProcessor [lbRestClientPostProcessor]? Check the corresponding BeanPostProcessor declaration and its dependencies.
2026-03-16T10:10:36.394+05:30  WARN 14216 --- [course-service] [main] trationDelegate$BeanPostProcessorChecker : Bean 'loadBalancerClientFactory' of type [org.springframework.cloud.loadbalancer.support.LoadBalancerClientFactory] is not eligible for getting processed by all BeanPostProcessors (for example: not eligible for auto-proxying). Is this bean getting eagerly injected into a currently created BeanPostProcessor [lbRestClientPostProcessor]? Check the corresponding BeanPostProcessor declaration and its dependencies.
2026-03-16T10:10:36.419+05:30  WARN 14216 --- [course-service] [main] trationDelegate$BeanPostProcessorChecker : Bean 'blockingLoadBalancerClient' of type [org.springframework.cloud.loadbalancer.blocking.client.BlockingLoadBalancerClient] is not eligible for getting processed by all BeanPostProcessors (for example: not eligible for auto-proxying). Is this bean getting eagerly injected into a currently created BeanPostProcessor [lbRestClientPostProcessor]? Check the corresponding BeanPostProcessor declaration and its dependencies.
2026-03-16T10:10:36.484+05:30  WARN 14216 --- [course-service] [main] trationDelegate$BeanPostProcessorChecker : Bean 'restTemplateConfig' of type [com.example.course_service.config.RestTemplateConfig$$SpringCGLIB$$0] is not eligible for getting processed by all BeanPostProcessors (for example: not eligible for auto-proxying). Is this bean getting eagerly injected into a currently created BeanPostProcessor [lbRestClientPostProcessor]? Check the corresponding BeanPostProcessor declaration and its dependencies.
2026-03-16T10:10:36.634+05:30  WARN 14216 --- [course-service] [main] trationDelegate$BeanPostProcessorChecker : Bean 'restTemplate' of type [org.springframework.web.client.RestTemplate] is not eligible for getting processed by all BeanPostProcessors (for example: not eligible for auto-proxying). Is this bean getting eagerly injected into a currently created BeanPostProcessor [lbRestClientPostProcessor]? Check the corresponding BeanPostProcessor declaration and its dependencies.
2026-03-16T10:10:36.657+05:30  WARN 14216 --- [course-service] [main] trationDelegate$BeanPostProcessorChecker : Bean 'loadBalancerServiceInstanceCookieTransformer' of type [org.springframework.cloud.loadbalancer.core.LoadBalancerServiceInstanceCookieTransformer] is not eligible for getting processed by all BeanPostProcessors (for example: not eligible for auto-proxying). Is this bean getting eagerly injected into a currently created BeanPostProcessor [lbRestClientPostProcessor]? Check the corresponding BeanPostProcessor declaration and its dependencies.
2026-03-16T10:10:36.662+05:30  WARN 14216 --- [course-service] [main] trationDelegate$BeanPostProcessorChecker : Bean 'xForwarderHeadersTransformer' of type [org.springframework.cloud.loadbalancer.blocking.XForwardedHeadersTransformer] is not eligible for getting processed by all BeanPostProcessors (for example: not eligible for auto-proxying). Is this bean getting eagerly injected into a currently created BeanPostProcessor [lbRestClientPostProcessor]? Check the corresponding BeanPostProcessor declaration and its dependencies.
2026-03-16T10:10:36.668+05:30  WARN 14216 --- [course-service] [main] trationDelegate$BeanPostProcessorChecker : Bean 'org.springframework.cloud.client.loadbalancer.LoadBalancerAutoConfiguration' of type [org.springframework.cloud.client.loadbalancer.LoadBalancerAutoConfiguration] is not eligible for getting processed by all BeanPostProcessors (for example: not eligible for auto-proxying). Is this bean getting eagerly injected into a currently created BeanPostProcessor [lbRestClientPostProcessor]? Check the corresponding BeanPostProcessor declaration and its dependencies.
2026-03-16T10:10:36.671+05:30  WARN 14216 --- [course-service] [main] trationDelegate$BeanPostProcessorChecker : Bean 'loadBalancerRequestFactory' of type [org.springframework.cloud.client.loadbalancer.LoadBalancerRequestFactory] is not eligible for getting processed by all BeanPostProcessors (for example: not eligible for auto-proxying). Is this bean getting eagerly injected into a currently created BeanPostProcessor [lbRestClientPostProcessor]? Check the corresponding BeanPostProcessor declaration and its dependencies.
2026-03-16T10:10:36.673+05:30  WARN 14216 --- [course-service] [main] trationDelegate$BeanPostProcessorChecker : Bean 'loadBalancerInterceptor' of type [org.springframework.cloud.client.loadbalancer.LoadBalancerInterceptor] is not eligible for getting processed by all BeanPostProcessors (for example: not eligible for auto-proxying). Is this bean getting eagerly injected into a currently created BeanPostProcessor [lbRestClientPostProcessor]? Check the corresponding BeanPostProcessor declaration and its dependencies.
2026-03-16T10:10:37.431+05:30  INFO 14216 --- [course-service] [main] o.s.b.w.embedded.tomcat.TomcatWebServer  : Tomcat initialized with port 8082 (http)
2026-03-16T10:10:37.461+05:30  INFO 14216 --- [course-service] [main] o.apache.catalina.core.StandardService   : Starting service [Tomcat]
2026-03-16T10:10:37.462+05:30  INFO 14216 --- [course-service] [main] o.apache.catalina.core.StandardEngine    : Starting Servlet engine: [Apache Tomcat/10.1.16]
2026-03-16T10:10:37.683+05:30  INFO 14216 --- [course-service] [main] o.a.c.c.C.[Tomcat].[localhost].[/]       : Initializing Spring embedded WebApplicationContext
2026-03-16T10:10:37.683+05:30  INFO 14216 --- [course-service] [main] w.s.c.ServletWebServerApplicationContext : Root WebApplicationContext: initialization completed in 6006 ms
2026-03-16T10:10:38.588+05:30  INFO 14216 --- [course-service] [main] o.hibernate.jpa.internal.util.LogHelper  : HHH000204: Processing PersistenceUnitInfo [name: default]
2026-03-16T10:10:38.835+05:30  INFO 14216 --- [course-service] [main] org.hibernate.Version                    : HHH000412: Hibernate ORM core version 6.3.1.Final
2026-03-16T10:10:39.004+05:30  INFO 14216 --- [course-service] [main] o.h.c.internal.RegionFactoryInitiator    : HHH000026: Second-level cache disabled
2026-03-16T10:10:39.896+05:30  INFO 14216 --- [course-service] [main] o.s.o.j.p.SpringPersistenceUnitInfo      : No LoadTimeWeaver setup: ignoring JPA class transformer
2026-03-16T10:10:40.037+05:30  INFO 14216 --- [course-service] [main] com.zaxxer.hikari.HikariDataSource       : HikariPool-1 - Starting...
2026-03-16T10:10:40.599+05:30  INFO 14216 --- [course-service] [main] com.zaxxer.hikari.pool.HikariPool        : HikariPool-1 - Added connection com.mysql.cj.jdbc.ConnectionImpl@1e57b783
2026-03-16T10:10:40.605+05:30  INFO 14216 --- [course-service] [main] com.zaxxer.hikari.HikariDataSource       : HikariPool-1 - Start completed.
2026-03-16T10:10:40.786+05:30  WARN 14216 --- [course-service] [main] org.hibernate.orm.deprecation            : HHH90000025: MySQL8Dialect does not need to be specified explicitly using 'hibernate.dialect' (remove the property setting and it will be selected by default)
2026-03-16T10:10:40.790+05:30  WARN 14216 --- [course-service] [main] org.hibernate.orm.deprecation            : HHH90000026: MySQL8Dialect has been deprecated; use org.hibernate.dialect.MySQLDialect instead
2026-03-16T10:10:44.118+05:30  INFO 14216 --- [course-service] [main] o.h.e.t.j.p.i.JtaPlatformInitiator       : HHH000489: No JTA platform available (set 'hibernate.transaction.jta.platform' to enable JTA platform integration)
2026-03-16T10:10:44.335+05:30  INFO 14216 --- [course-service] [main] j.LocalContainerEntityManagerFactoryBean : Initialized JPA EntityManagerFactory for persistence unit 'default'
2026-03-16T10:10:47.497+05:30  INFO 14216 --- [course-service] [main] DiscoveryClientOptionalArgsConfiguration : Eureka HTTP Client uses RestTemplate.
2026-03-16T10:10:47.644+05:30  WARN 14216 --- [course-service] [main] iguration$LoadBalancerCaffeineWarnLogger : Spring Cloud LoadBalancer is currently working with the default cache. While this cache implementation is useful for development and tests, it's recommended to use Caffeine cache in production.You can switch to using Caffeine cache, by adding it and org.springframework.cache.caffeine.CaffeineCacheManager to the classpath.
2026-03-16T10:10:47.769+05:30  INFO 14216 --- [course-service] [main] o.s.c.n.eureka.InstanceInfoFactory       : Setting initial instance status as: STARTING
2026-03-16T10:10:47.889+05:30  INFO 14216 --- [course-service] [main] com.netflix.discovery.DiscoveryClient    : Initializing Eureka in region us-east-1
2026-03-16T10:10:47.906+05:30  INFO 14216 --- [course-service] [main] c.n.d.s.r.aws.ConfigClusterResolver      : Resolving eureka endpoints via configuration
2026-03-16T10:10:47.984+05:30  INFO 14216 --- [course-service] [main] com.netflix.discovery.DiscoveryClient    : Disable delta property : false
2026-03-16T10:10:47.986+05:30  INFO 14216 --- [course-service] [main] com.netflix.discovery.DiscoveryClient    : Single vip registry refresh property : null
2026-03-16T10:10:47.986+05:30  INFO 14216 --- [course-service] [main] com.netflix.discovery.DiscoveryClient    : Force full registry fetch : false
2026-03-16T10:10:47.986+05:30  INFO 14216 --- [course-service] [main] com.netflix.discovery.DiscoveryClient    : Application is null : false
2026-03-16T10:10:47.986+05:30  INFO 14216 --- [course-service] [main] com.netflix.discovery.DiscoveryClient    : Registered Applications size is zero : true
2026-03-16T10:10:47.986+05:30  INFO 14216 --- [course-service] [main] com.netflix.discovery.DiscoveryClient    : Application version is -1: true
2026-03-16T10:10:47.986+05:30  INFO 14216 --- [course-service] [main] com.netflix.discovery.DiscoveryClient    : Getting all instance registry info from the eureka server
2026-03-16T10:10:49.021+05:30  INFO 14216 --- [course-service] [main] com.netflix.discovery.DiscoveryClient    : The response status is 200
2026-03-16T10:10:49.025+05:30  INFO 14216 --- [course-service] [main] com.netflix.discovery.DiscoveryClient    : Starting heartbeat executor: renew interval is: 30
2026-03-16T10:10:49.043+05:30  INFO 14216 --- [course-service] [main] c.n.discovery.InstanceInfoReplicator     : InstanceInfoReplicator onDemand update allowed rate per min is 4
2026-03-16T10:10:49.063+05:30  INFO 14216 --- [course-service] [main] com.netflix.discovery.DiscoveryClient    : Discovery Client initialized at timestamp 1773636049060 with initial instances count: 0
2026-03-16T10:10:49.072+05:30  INFO 14216 --- [course-service] [main] o.s.c.n.e.s.EurekaServiceRegistry        : Registering application COURSE-SERVICE with eureka with status UP
2026-03-16T10:10:49.073+05:30  INFO 14216 --- [course-service] [main] com.netflix.discovery.DiscoveryClient    : Saw local status change event StatusChangeEvent [timestamp=1773636049073, current=UP, previous=STARTING]
2026-03-16T10:10:49.079+05:30  INFO 14216 --- [course-service] [DiscoveryClient-InstanceInfoReplicator-0] com.netflix.discovery.DiscoveryClient    : DiscoveryClient_COURSE-SERVICE/81DH353.mshome.net:course-service:8082: registering service...
2026-03-16T10:10:49.158+05:30  INFO 14216 --- [course-service] [main] o.s.b.w.embedded.tomcat.TomcatWebServer  : Tomcat started on port 8082 (http) with context path ''
2026-03-16T10:10:49.160+05:30  INFO 14216 --- [course-service] [main] .s.c.n.e.s.EurekaAutoServiceRegistration : Updating port to 8082
2026-03-16T10:10:49.190+05:30  INFO 14216 --- [course-service] [main] c.e.c.CourseServiceApplication           : Started CourseServiceApplication in 18.84 seconds (process running for 21.387)
2026-03-16T10:10:49.194+05:30  INFO 14216 --- [course-service] [DiscoveryClient-InstanceInfoReplicator-0] com.netflix.discovery.DiscoveryClient    : DiscoveryClient_COURSE-SERVICE/81DH353.mshome.net:course-service:8082 - registration status: 204
2026-03-16T10:11:19.035+05:30  INFO 14216 --- [course-service] [DiscoveryClient-CacheRefreshExecutor-0] com.netflix.discovery.DiscoveryClient    : Disable delta property : false
2026-03-16T10:11:19.036+05:30  INFO 14216 --- [course-service] [DiscoveryClient-CacheRefreshExecutor-0] com.netflix.discovery.DiscoveryClient    : Single vip registry refresh property : null
2026-03-16T10:11:19.037+05:30  INFO 14216 --- [course-service] [DiscoveryClient-CacheRefreshExecutor-0] com.netflix.discovery.DiscoveryClient    : Force full registry fetch : false
2026-03-16T10:11:19.037+05:30  INFO 14216 --- [course-service] [DiscoveryClient-CacheRefreshExecutor-0] com.netflix.discovery.DiscoveryClient    : Application is null : false
2026-03-16T10:11:19.037+05:30  INFO 14216 --- [course-service] [DiscoveryClient-CacheRefreshExecutor-0] com.netflix.discovery.DiscoveryClient    : Registered Applications size is zero : true
2026-03-16T10:11:19.039+05:30  INFO 14216 --- [course-service] [DiscoveryClient-CacheRefreshExecutor-0] com.netflix.discovery.DiscoveryClient    : Application version is -1: false
2026-03-16T10:11:19.039+05:30  INFO 14216 --- [course-service] [DiscoveryClient-CacheRefreshExecutor-0] com.netflix.discovery.DiscoveryClient    : Getting all instance registry info from the eureka server
2026-03-16T10:11:19.087+05:30  INFO 14216 --- [course-service] [DiscoveryClient-CacheRefreshExecutor-0] com.netflix.discovery.DiscoveryClient    : The response status is 200
2026-03-16T10:15:48.020+05:30  INFO 14216 --- [course-service] [AsyncResolver-bootstrap-executor-0] c.n.d.s.r.aws.ConfigClusterResolver      : Resolving eureka endpoints via configuration
2026-03-16T10:18:40.952+05:30  INFO 14216 --- [course-service] [http-nio-8082-exec-1] o.a.c.c.C.[Tomcat].[localhost].[/]       : Initializing Spring DispatcherServlet 'dispatcherServlet'
2026-03-16T10:18:40.955+05:30  INFO 14216 --- [course-service] [http-nio-8082-exec-1] o.s.web.servlet.DispatcherServlet        : Initializing Servlet 'dispatcherServlet'
2026-03-16T10:18:41.006+05:30  INFO 14216 --- [course-service] [http-nio-8082-exec-1] o.s.web.servlet.DispatcherServlet        : Completed initialization in 50 ms
2026-03-16T10:18:41.550+05:30 DEBUG 14216 --- [course-service] [http-nio-8082-exec-1] org.hibernate.SQL                        : 
    select
        e1_0.enrollment_id,
        e1_0.course_id,
        e1_0.enrollment_date,
        e1_0.semester,
        e1_0.enrollment_status,
        e1_0.student_id 
    from
        enrollments e1_0 
    where
        e1_0.student_id=?
2026-03-16T10:18:41.660+05:30 DEBUG 14216 --- [course-service] [http-nio-8082-exec-1] org.hibernate.SQL                        : 
    select
        c1_0.course_id,
        c1_0.course_code,
        c1_0.course_name,
        c1_0.created_at,
        c1_0.credits,
        c1_0.description,
        c1_0.is_active,
        c1_0.is_indexed,
        c1_0.max_students,
        c1_0.semester,
        c1_0.teacher_id,
        c1_0.updated_at,
        c1_0.year 
    from
        courses c1_0 
    where
        c1_0.course_id=?
2026-03-16T10:18:41.712+05:30 DEBUG 14216 --- [course-service] [http-nio-8082-exec-1] org.hibernate.SQL                        : 
    select
        c1_0.course_id,
        c1_0.course_code,
        c1_0.course_name,
        c1_0.created_at,
        c1_0.credits,
        c1_0.description,
        c1_0.is_active,
        c1_0.is_indexed,
        c1_0.max_students,
        c1_0.semester,
        c1_0.teacher_id,
        c1_0.updated_at,
        c1_0.year 
    from
        courses c1_0 
    where
        c1_0.course_id=?
2026-03-16T10:18:41.805+05:30 DEBUG 14216 --- [course-service] [http-nio-8082-exec-2] org.hibernate.SQL                        : 
    select
        e1_0.enrollment_id,
        e1_0.course_id,
        e1_0.enrollment_date,
        e1_0.semester,
        e1_0.enrollment_status,
        e1_0.student_id 
    from
        enrollments e1_0 
    where
        e1_0.student_id=?
2026-03-16T10:18:41.812+05:30 DEBUG 14216 --- [course-service] [http-nio-8082-exec-2] org.hibernate.SQL                        : 
    select
        c1_0.course_id,
        c1_0.course_code,
        c1_0.course_name,
        c1_0.created_at,
        c1_0.credits,
        c1_0.description,
        c1_0.is_active,
        c1_0.is_indexed,
        c1_0.max_students,
        c1_0.semester,
        c1_0.teacher_id,
        c1_0.updated_at,
        c1_0.year 
    from
        courses c1_0 
    where
        c1_0.course_id=?
2026-03-16T10:18:41.821+05:30 DEBUG 14216 --- [course-service] [http-nio-8082-exec-2] org.hibernate.SQL                        : 
    select
        c1_0.course_id,
        c1_0.course_code,
        c1_0.course_name,
        c1_0.created_at,
        c1_0.credits,
        c1_0.description,
        c1_0.is_active,
        c1_0.is_indexed,
        c1_0.max_students,
        c1_0.semester,
        c1_0.teacher_id,
        c1_0.updated_at,
        c1_0.year 
    from
        courses c1_0 
    where
        c1_0.course_id=?
2026-03-16T10:18:47.058+05:30 DEBUG 14216 --- [course-service] [http-nio-8082-exec-3] org.hibernate.SQL                        : 
    select
        c1_0.course_id,
        c1_0.course_code,
        c1_0.course_name,
        c1_0.created_at,
        c1_0.credits,
        c1_0.description,
        c1_0.is_active,
        c1_0.is_indexed,
        c1_0.max_students,
        c1_0.semester,
        c1_0.teacher_id,
        c1_0.updated_at,
        c1_0.year 
    from
        courses c1_0
2026-03-16T10:18:47.134+05:30 DEBUG 14216 --- [course-service] [http-nio-8082-exec-4] org.hibernate.SQL                        : 
    select
        c1_0.course_id,
        c1_0.course_code,
        c1_0.course_name,
        c1_0.created_at,
        c1_0.credits,
        c1_0.description,
        c1_0.is_active,
        c1_0.is_indexed,
        c1_0.max_students,
        c1_0.semester,
        c1_0.teacher_id,
        c1_0.updated_at,
        c1_0.year 
    from
        courses c1_0
2026-03-16T10:18:47.137+05:30 DEBUG 14216 --- [course-service] [http-nio-8082-exec-5] org.hibernate.SQL                        : 
    select
        e1_0.enrollment_id,
        e1_0.course_id,
        e1_0.enrollment_date,
        e1_0.semester,
        e1_0.enrollment_status,
        e1_0.student_id 
    from
        enrollments e1_0 
    where
        e1_0.student_id=?
2026-03-16T10:18:47.153+05:30 DEBUG 14216 --- [course-service] [http-nio-8082-exec-5] org.hibernate.SQL                        : 
    select
        c1_0.course_id,
        c1_0.course_code,
        c1_0.course_name,
        c1_0.created_at,
        c1_0.credits,
        c1_0.description,
        c1_0.is_active,
        c1_0.is_indexed,
        c1_0.max_students,
        c1_0.semester,
        c1_0.teacher_id,
        c1_0.updated_at,
        c1_0.year 
    from
        courses c1_0 
    where
        c1_0.course_id=?
2026-03-16T10:18:47.166+05:30 DEBUG 14216 --- [course-service] [http-nio-8082-exec-5] org.hibernate.SQL                        : 
    select
        c1_0.course_id,
        c1_0.course_code,
        c1_0.course_name,
        c1_0.created_at,
        c1_0.credits,
        c1_0.description,
        c1_0.is_active,
        c1_0.is_indexed,
        c1_0.max_students,
        c1_0.semester,
        c1_0.teacher_id,
        c1_0.updated_at,
        c1_0.year 
    from
        courses c1_0 
    where
        c1_0.course_id=?
2026-03-16T10:18:47.202+05:30 DEBUG 14216 --- [course-service] [http-nio-8082-exec-7] org.hibernate.SQL                        : 
    select
        e1_0.enrollment_id,
        e1_0.course_id,
        e1_0.enrollment_date,
        e1_0.semester,
        e1_0.enrollment_status,
        e1_0.student_id 
    from
        enrollments e1_0 
    where
        e1_0.student_id=?
2026-03-16T10:18:47.208+05:30 DEBUG 14216 --- [course-service] [http-nio-8082-exec-7] org.hibernate.SQL                        : 
    select
        c1_0.course_id,
        c1_0.course_code,
        c1_0.course_name,
        c1_0.created_at,
        c1_0.credits,
        c1_0.description,
        c1_0.is_active,
        c1_0.is_indexed,
        c1_0.max_students,
        c1_0.semester,
        c1_0.teacher_id,
        c1_0.updated_at,
        c1_0.year 
    from
        courses c1_0 
    where
        c1_0.course_id=?
2026-03-16T10:18:47.217+05:30 DEBUG 14216 --- [course-service] [http-nio-8082-exec-7] org.hibernate.SQL                        : 
    select
        c1_0.course_id,
        c1_0.course_code,
        c1_0.course_name,
        c1_0.created_at,
        c1_0.credits,
        c1_0.description,
        c1_0.is_active,
        c1_0.is_indexed,
        c1_0.max_students,
        c1_0.semester,
        c1_0.teacher_id,
        c1_0.updated_at,
        c1_0.year 
    from
        courses c1_0 
    where
        c1_0.course_id=?
2026-03-16T10:18:51.511+05:30 DEBUG 14216 --- [course-service] [http-nio-8082-exec-6] org.hibernate.SQL                        : 
    select
        e1_0.enrollment_id,
        e1_0.course_id,
        e1_0.enrollment_date,
        e1_0.semester,
        e1_0.enrollment_status,
        e1_0.student_id 
    from
        enrollments e1_0 
    where
        e1_0.student_id=?
2026-03-16T10:18:51.700+05:30 DEBUG 14216 --- [course-service] [http-nio-8082-exec-8] org.hibernate.SQL                        : 
    select
        e1_0.enrollment_id,
        e1_0.course_id,
        e1_0.enrollment_date,
        e1_0.semester,
        e1_0.enrollment_status,
        e1_0.student_id 
    from
        enrollments e1_0 
    where
        e1_0.student_id=?
2026-03-16T10:19:02.264+05:30 DEBUG 14216 --- [course-service] [http-nio-8082-exec-9] org.hibernate.SQL                        : 
    select
        e1_0.enrollment_id,
        e1_0.course_id,
        e1_0.enrollment_date,
        e1_0.semester,
        e1_0.enrollment_status,
        e1_0.student_id 
    from
        enrollments e1_0 
    where
        e1_0.student_id=?
2026-03-16T10:19:02.267+05:30 DEBUG 14216 --- [course-service] [http-nio-8082-exec-9] org.hibernate.SQL                        : 
    select
        c1_0.course_id,
        c1_0.course_code,
        c1_0.course_name,
        c1_0.created_at,
        c1_0.credits,
        c1_0.description,
        c1_0.is_active,
        c1_0.is_indexed,
        c1_0.max_students,
        c1_0.semester,
        c1_0.teacher_id,
        c1_0.updated_at,
        c1_0.year 
    from
        courses c1_0 
    where
        c1_0.course_id=?
2026-03-16T10:19:02.276+05:30 DEBUG 14216 --- [course-service] [http-nio-8082-exec-9] org.hibernate.SQL                        : 
    select
        c1_0.course_id,
        c1_0.course_code,
        c1_0.course_name,
        c1_0.created_at,
        c1_0.credits,
        c1_0.description,
        c1_0.is_active,
        c1_0.is_indexed,
        c1_0.max_students,
        c1_0.semester,
        c1_0.teacher_id,
        c1_0.updated_at,
        c1_0.year 
    from
        courses c1_0 
    where
        c1_0.course_id=?
2026-03-16T10:19:02.454+05:30 DEBUG 14216 --- [course-service] [http-nio-8082-exec-10] org.hibernate.SQL                        : 
    select
        e1_0.enrollment_id,
        e1_0.course_id,
        e1_0.enrollment_date,
        e1_0.semester,
        e1_0.enrollment_status,
        e1_0.student_id 
    from
        enrollments e1_0 
    where
        e1_0.student_id=?
2026-03-16T10:19:02.458+05:30 DEBUG 14216 --- [course-service] [http-nio-8082-exec-10] org.hibernate.SQL                        : 
    select
        c1_0.course_id,
        c1_0.course_code,
        c1_0.course_name,
        c1_0.created_at,
        c1_0.credits,
        c1_0.description,
        c1_0.is_active,
        c1_0.is_indexed,
        c1_0.max_students,
        c1_0.semester,
        c1_0.teacher_id,
        c1_0.updated_at,
        c1_0.year 
    from
        courses c1_0 
    where
        c1_0.course_id=?
2026-03-16T10:19:02.472+05:30 DEBUG 14216 --- [course-service] [http-nio-8082-exec-10] org.hibernate.SQL                        : 
    select
        c1_0.course_id,
        c1_0.course_code,
        c1_0.course_name,
        c1_0.created_at,
        c1_0.credits,
        c1_0.description,
        c1_0.is_active,
        c1_0.is_indexed,
        c1_0.max_students,
        c1_0.semester,
        c1_0.teacher_id,
        c1_0.updated_at,
        c1_0.year 
    from
        courses c1_0 
    where
        c1_0.course_id=?
2026-03-16T10:19:16.928+05:30 DEBUG 14216 --- [course-service] [http-nio-8082-exec-1] org.hibernate.SQL                        : 
    select
        e1_0.enrollment_id,
        e1_0.course_id,
        e1_0.enrollment_date,
        e1_0.semester,
        e1_0.enrollment_status,
        e1_0.student_id 
    from
        enrollments e1_0 
    where
        e1_0.student_id=?
2026-03-16T10:19:16.937+05:30 DEBUG 14216 --- [course-service] [http-nio-8082-exec-1] org.hibernate.SQL                        : 
    select
        c1_0.course_id,
        c1_0.course_code,
        c1_0.course_name,
        c1_0.created_at,
        c1_0.credits,
        c1_0.description,
        c1_0.is_active,
        c1_0.is_indexed,
        c1_0.max_students,
        c1_0.semester,
        c1_0.teacher_id,
        c1_0.updated_at,
        c1_0.year 
    from
        courses c1_0 
    where
        c1_0.course_id=?
2026-03-16T10:19:16.944+05:30 DEBUG 14216 --- [course-service] [http-nio-8082-exec-1] org.hibernate.SQL                        : 
    select
        c1_0.course_id,
        c1_0.course_code,
        c1_0.course_name,
        c1_0.created_at,
        c1_0.credits,
        c1_0.description,
        c1_0.is_active,
        c1_0.is_indexed,
        c1_0.max_students,
        c1_0.semester,
        c1_0.teacher_id,
        c1_0.updated_at,
        c1_0.year 
    from
        courses c1_0 
    where
        c1_0.course_id=?
2026-03-16T10:19:16.985+05:30 DEBUG 14216 --- [course-service] [http-nio-8082-exec-2] org.hibernate.SQL                        : 
    select
        e1_0.enrollment_id,
        e1_0.course_id,
        e1_0.enrollment_date,
        e1_0.semester,
        e1_0.enrollment_status,
        e1_0.student_id 
    from
        enrollments e1_0 
    where
        e1_0.student_id=?
2026-03-16T10:19:16.989+05:30 DEBUG 14216 --- [course-service] [http-nio-8082-exec-2] org.hibernate.SQL                        : 
    select
        c1_0.course_id,
        c1_0.course_code,
        c1_0.course_name,
        c1_0.created_at,
        c1_0.credits,
        c1_0.description,
        c1_0.is_active,
        c1_0.is_indexed,
        c1_0.max_students,
        c1_0.semester,
        c1_0.teacher_id,
        c1_0.updated_at,
        c1_0.year 
    from
        courses c1_0 
    where
        c1_0.course_id=?
2026-03-16T10:19:16.997+05:30 DEBUG 14216 --- [course-service] [http-nio-8082-exec-2] org.hibernate.SQL                        : 
    select
        c1_0.course_id,
        c1_0.course_code,
        c1_0.course_name,
        c1_0.created_at,
        c1_0.credits,
        c1_0.description,
        c1_0.is_active,
        c1_0.is_indexed,
        c1_0.max_students,
        c1_0.semester,
        c1_0.teacher_id,
        c1_0.updated_at,
        c1_0.year 
    from
        courses c1_0 
    where
        c1_0.course_id=?
2026-03-16T10:19:19.439+05:30 DEBUG 14216 --- [course-service] [http-nio-8082-exec-3] org.hibernate.SQL                        : 
    select
        e1_0.enrollment_id,
        e1_0.course_id,
        e1_0.enrollment_date,
        e1_0.semester,
        e1_0.enrollment_status,
        e1_0.student_id 
    from
        enrollments e1_0 
    where
        e1_0.student_id=?
2026-03-16T10:19:19.448+05:30 DEBUG 14216 --- [course-service] [http-nio-8082-exec-3] org.hibernate.SQL                        : 
    select
        c1_0.course_id,
        c1_0.course_code,
        c1_0.course_name,
        c1_0.created_at,
        c1_0.credits,
        c1_0.description,
        c1_0.is_active,
        c1_0.is_indexed,
        c1_0.max_students,
        c1_0.semester,
        c1_0.teacher_id,
        c1_0.updated_at,
        c1_0.year 
    from
        courses c1_0 
    where
        c1_0.course_id=?
2026-03-16T10:19:19.458+05:30 DEBUG 14216 --- [course-service] [http-nio-8082-exec-3] org.hibernate.SQL                        : 
    select
        c1_0.course_id,
        c1_0.course_code,
        c1_0.course_name,
        c1_0.created_at,
        c1_0.credits,
        c1_0.description,
        c1_0.is_active,
        c1_0.is_indexed,
        c1_0.max_students,
        c1_0.semester,
        c1_0.teacher_id,
        c1_0.updated_at,
        c1_0.year 
    from
        courses c1_0 
    where
        c1_0.course_id=?
2026-03-16T10:19:19.492+05:30 DEBUG 14216 --- [course-service] [http-nio-8082-exec-4] org.hibernate.SQL                        : 
    select
        e1_0.enrollment_id,
        e1_0.course_id,
        e1_0.enrollment_date,
        e1_0.semester,
        e1_0.enrollment_status,
        e1_0.student_id 
    from
        enrollments e1_0 
    where
        e1_0.student_id=?
2026-03-16T10:19:19.500+05:30 DEBUG 14216 --- [course-service] [http-nio-8082-exec-4] org.hibernate.SQL                        : 
    select
        c1_0.course_id,
        c1_0.course_code,
        c1_0.course_name,
        c1_0.created_at,
        c1_0.credits,
        c1_0.description,
        c1_0.is_active,
        c1_0.is_indexed,
        c1_0.max_students,
        c1_0.semester,
        c1_0.teacher_id,
        c1_0.updated_at,
        c1_0.year 
    from
        courses c1_0 
    where
        c1_0.course_id=?
2026-03-16T10:19:19.512+05:30 DEBUG 14216 --- [course-service] [http-nio-8082-exec-4] org.hibernate.SQL                        : 
    select
        c1_0.course_id,
        c1_0.course_code,
        c1_0.course_name,
        c1_0.created_at,
        c1_0.credits,
        c1_0.description,
        c1_0.is_active,
        c1_0.is_indexed,
        c1_0.max_students,
        c1_0.semester,
        c1_0.teacher_id,
        c1_0.updated_at,
        c1_0.year 
    from
        courses c1_0 
    where
        c1_0.course_id=?
2026-03-16T10:19:53.226+05:30 DEBUG 14216 --- [course-service] [http-nio-8082-exec-5] org.hibernate.SQL                        : 
    select
        e1_0.enrollment_id,
        e1_0.course_id,
        e1_0.enrollment_date,
        e1_0.semester,
        e1_0.enrollment_status,
        e1_0.student_id 
    from
        enrollments e1_0 
    where
        e1_0.student_id=?
2026-03-16T10:19:53.242+05:30 DEBUG 14216 --- [course-service] [http-nio-8082-exec-5] org.hibernate.SQL                        : 
    select
        c1_0.course_id,
        c1_0.course_code,
        c1_0.course_name,
        c1_0.created_at,
        c1_0.credits,
        c1_0.description,
        c1_0.is_active,
        c1_0.is_indexed,
        c1_0.max_students,
        c1_0.semester,
        c1_0.teacher_id,
        c1_0.updated_at,
        c1_0.year 
    from
        courses c1_0 
    where
        c1_0.course_id=?
2026-03-16T10:19:53.248+05:30 DEBUG 14216 --- [course-service] [http-nio-8082-exec-5] org.hibernate.SQL                        : 
    select
        c1_0.course_id,
        c1_0.course_code,
        c1_0.course_name,
        c1_0.created_at,
        c1_0.credits,
        c1_0.description,
        c1_0.is_active,
        c1_0.is_indexed,
        c1_0.max_students,
        c1_0.semester,
        c1_0.teacher_id,
        c1_0.updated_at,
        c1_0.year 
    from
        courses c1_0 
    where
        c1_0.course_id=?
2026-03-16T10:19:53.274+05:30 DEBUG 14216 --- [course-service] [http-nio-8082-exec-7] org.hibernate.SQL                        : 
    select
        e1_0.enrollment_id,
        e1_0.course_id,
        e1_0.enrollment_date,
        e1_0.semester,
        e1_0.enrollment_status,
        e1_0.student_id 
    from
        enrollments e1_0 
    where
        e1_0.student_id=?
2026-03-16T10:19:53.280+05:30 DEBUG 14216 --- [course-service] [http-nio-8082-exec-7] org.hibernate.SQL                        : 
    select
        c1_0.course_id,
        c1_0.course_code,
        c1_0.course_name,
        c1_0.created_at,
        c1_0.credits,
        c1_0.description,
        c1_0.is_active,
        c1_0.is_indexed,
        c1_0.max_students,
        c1_0.semester,
        c1_0.teacher_id,
        c1_0.updated_at,
        c1_0.year 
    from
        courses c1_0 
    where
        c1_0.course_id=?
2026-03-16T10:19:53.290+05:30 DEBUG 14216 --- [course-service] [http-nio-8082-exec-7] org.hibernate.SQL                        : 
    select
        c1_0.course_id,
        c1_0.course_code,
        c1_0.course_name,
        c1_0.created_at,
        c1_0.credits,
        c1_0.description,
        c1_0.is_active,
        c1_0.is_indexed,
        c1_0.max_students,
        c1_0.semester,
        c1_0.teacher_id,
        c1_0.updated_at,
        c1_0.year 
    from
        courses c1_0 
    where
        c1_0.course_id=?
2026-03-16T10:19:54.691+05:30 DEBUG 14216 --- [course-service] [http-nio-8082-exec-6] org.hibernate.SQL                        : 
    select
        c1_0.course_id,
        c1_0.course_code,
        c1_0.course_name,
        c1_0.created_at,
        c1_0.credits,
        c1_0.description,
        c1_0.is_active,
        c1_0.is_indexed,
        c1_0.max_students,
        c1_0.semester,
        c1_0.teacher_id,
        c1_0.updated_at,
        c1_0.year 
    from
        courses c1_0
2026-03-16T10:19:54.732+05:30 DEBUG 14216 --- [course-service] [http-nio-8082-exec-9] org.hibernate.SQL                        : 
    select
        e1_0.enrollment_id,
        e1_0.course_id,
        e1_0.enrollment_date,
        e1_0.semester,
        e1_0.enrollment_status,
        e1_0.student_id 
    from
        enrollments e1_0 
    where
        e1_0.student_id=?
2026-03-16T10:19:54.732+05:30 DEBUG 14216 --- [course-service] [http-nio-8082-exec-8] org.hibernate.SQL                        : 
    select
        c1_0.course_id,
        c1_0.course_code,
        c1_0.course_name,
        c1_0.created_at,
        c1_0.credits,
        c1_0.description,
        c1_0.is_active,
        c1_0.is_indexed,
        c1_0.max_students,
        c1_0.semester,
        c1_0.teacher_id,
        c1_0.updated_at,
        c1_0.year 
    from
        courses c1_0
2026-03-16T10:19:54.741+05:30 DEBUG 14216 --- [course-service] [http-nio-8082-exec-9] org.hibernate.SQL                        : 
    select
        c1_0.course_id,
        c1_0.course_code,
        c1_0.course_name,
        c1_0.created_at,
        c1_0.credits,
        c1_0.description,
        c1_0.is_active,
        c1_0.is_indexed,
        c1_0.max_students,
        c1_0.semester,
        c1_0.teacher_id,
        c1_0.updated_at,
        c1_0.year 
    from
        courses c1_0 
    where
        c1_0.course_id=?
2026-03-16T10:19:54.750+05:30 DEBUG 14216 --- [course-service] [http-nio-8082-exec-9] org.hibernate.SQL                        : 
    select
        c1_0.course_id,
        c1_0.course_code,
        c1_0.course_name,
        c1_0.created_at,
        c1_0.credits,
        c1_0.description,
        c1_0.is_active,
        c1_0.is_indexed,
        c1_0.max_students,
        c1_0.semester,
        c1_0.teacher_id,
        c1_0.updated_at,
        c1_0.year 
    from
        courses c1_0 
    where
        c1_0.course_id=?
2026-03-16T10:19:54.778+05:30 DEBUG 14216 --- [course-service] [http-nio-8082-exec-10] org.hibernate.SQL                        : 
    select
        e1_0.enrollment_id,
        e1_0.course_id,
        e1_0.enrollment_date,
        e1_0.semester,
        e1_0.enrollment_status,
        e1_0.student_id 
    from
        enrollments e1_0 
    where
        e1_0.student_id=?
2026-03-16T10:19:54.787+05:30 DEBUG 14216 --- [course-service] [http-nio-8082-exec-10] org.hibernate.SQL                        : 
    select
        c1_0.course_id,
        c1_0.course_code,
        c1_0.course_name,
        c1_0.created_at,
        c1_0.credits,
        c1_0.description,
        c1_0.is_active,
        c1_0.is_indexed,
        c1_0.max_students,
        c1_0.semester,
        c1_0.teacher_id,
        c1_0.updated_at,
        c1_0.year 
    from
        courses c1_0 
    where
        c1_0.course_id=?
2026-03-16T10:19:54.794+05:30 DEBUG 14216 --- [course-service] [http-nio-8082-exec-10] org.hibernate.SQL                        : 
    select
        c1_0.course_id,
        c1_0.course_code,
        c1_0.course_name,
        c1_0.created_at,
        c1_0.credits,
        c1_0.description,
        c1_0.is_active,
        c1_0.is_indexed,
        c1_0.max_students,
        c1_0.semester,
        c1_0.teacher_id,
        c1_0.updated_at,
        c1_0.year 
    from
        courses c1_0 
    where
        c1_0.course_id=?
2026-03-16T10:19:57.236+05:30 DEBUG 14216 --- [course-service] [http-nio-8082-exec-1] org.hibernate.SQL                        : 
    select
        e1_0.enrollment_id,
        e1_0.course_id,
        e1_0.enrollment_date,
        e1_0.semester,
        e1_0.enrollment_status,
        e1_0.student_id 
    from
        enrollments e1_0 
    where
        e1_0.student_id=?
2026-03-16T10:19:57.265+05:30 DEBUG 14216 --- [course-service] [http-nio-8082-exec-2] org.hibernate.SQL                        : 
    select
        e1_0.enrollment_id,
        e1_0.course_id,
        e1_0.enrollment_date,
        e1_0.semester,
        e1_0.enrollment_status,
        e1_0.student_id 
    from
        enrollments e1_0 
    where
        e1_0.student_id=?
2026-03-16T10:20:25.675+05:30 DEBUG 14216 --- [course-service] [http-nio-8082-exec-3] org.hibernate.SQL                        : 
    select
        e1_0.enrollment_id,
        e1_0.course_id,
        e1_0.enrollment_date,
        e1_0.semester,
        e1_0.enrollment_status,
        e1_0.student_id 
    from
        enrollments e1_0 
    where
        e1_0.student_id=?
2026-03-16T10:20:25.681+05:30 DEBUG 14216 --- [course-service] [http-nio-8082-exec-3] org.hibernate.SQL                        : 
    select
        c1_0.course_id,
        c1_0.course_code,
        c1_0.course_name,
        c1_0.created_at,
        c1_0.credits,
        c1_0.description,
        c1_0.is_active,
        c1_0.is_indexed,
        c1_0.max_students,
        c1_0.semester,
        c1_0.teacher_id,
        c1_0.updated_at,
        c1_0.year 
    from
        courses c1_0 
    where
        c1_0.course_id=?
2026-03-16T10:20:25.691+05:30 DEBUG 14216 --- [course-service] [http-nio-8082-exec-3] org.hibernate.SQL                        : 
    select
        c1_0.course_id,
        c1_0.course_code,
        c1_0.course_name,
        c1_0.created_at,
        c1_0.credits,
        c1_0.description,
        c1_0.is_active,
        c1_0.is_indexed,
        c1_0.max_students,
        c1_0.semester,
        c1_0.teacher_id,
        c1_0.updated_at,
        c1_0.year 
    from
        courses c1_0 
    where
        c1_0.course_id=?
2026-03-16T10:20:25.734+05:30 DEBUG 14216 --- [course-service] [http-nio-8082-exec-4] org.hibernate.SQL                        : 
    select
        e1_0.enrollment_id,
        e1_0.course_id,
        e1_0.enrollment_date,
        e1_0.semester,
        e1_0.enrollment_status,
        e1_0.student_id 
    from
        enrollments e1_0 
    where
        e1_0.student_id=?
2026-03-16T10:20:25.742+05:30 DEBUG 14216 --- [course-service] [http-nio-8082-exec-4] org.hibernate.SQL                        : 
    select
        c1_0.course_id,
        c1_0.course_code,
        c1_0.course_name,
        c1_0.created_at,
        c1_0.credits,
        c1_0.description,
        c1_0.is_active,
        c1_0.is_indexed,
        c1_0.max_students,
        c1_0.semester,
        c1_0.teacher_id,
        c1_0.updated_at,
        c1_0.year 
    from
        courses c1_0 
    where
        c1_0.course_id=?
2026-03-16T10:20:25.749+05:30 DEBUG 14216 --- [course-service] [http-nio-8082-exec-4] org.hibernate.SQL                        : 
    select
        c1_0.course_id,
        c1_0.course_code,
        c1_0.course_name,
        c1_0.created_at,
        c1_0.credits,
        c1_0.description,
        c1_0.is_active,
        c1_0.is_indexed,
        c1_0.max_students,
        c1_0.semester,
        c1_0.teacher_id,
        c1_0.updated_at,
        c1_0.year 
    from
        courses c1_0 
    where
        c1_0.course_id=?
2026-03-16T10:20:29.898+05:30 DEBUG 14216 --- [course-service] [http-nio-8082-exec-5] org.hibernate.SQL                        : 
    select
        c1_0.course_id,
        c1_0.course_code,
        c1_0.course_name,
        c1_0.created_at,
        c1_0.credits,
        c1_0.description,
        c1_0.is_active,
        c1_0.is_indexed,
        c1_0.max_students,
        c1_0.semester,
        c1_0.teacher_id,
        c1_0.updated_at,
        c1_0.year 
    from
        courses c1_0
2026-03-16T10:20:29.943+05:30 DEBUG 14216 --- [course-service] [http-nio-8082-exec-7] org.hibernate.SQL                        : 
    select
        e1_0.enrollment_id,
        e1_0.course_id,
        e1_0.enrollment_date,
        e1_0.semester,
        e1_0.enrollment_status,
        e1_0.student_id 
    from
        enrollments e1_0 
    where
        e1_0.student_id=?
2026-03-16T10:20:29.947+05:30 DEBUG 14216 --- [course-service] [http-nio-8082-exec-6] org.hibernate.SQL                        : 
    select
        c1_0.course_id,
        c1_0.course_code,
        c1_0.course_name,
        c1_0.created_at,
        c1_0.credits,
        c1_0.description,
        c1_0.is_active,
        c1_0.is_indexed,
        c1_0.max_students,
        c1_0.semester,
        c1_0.teacher_id,
        c1_0.updated_at,
        c1_0.year 
    from
        courses c1_0
2026-03-16T10:20:29.953+05:30 DEBUG 14216 --- [course-service] [http-nio-8082-exec-7] org.hibernate.SQL                        : 
    select
        c1_0.course_id,
        c1_0.course_code,
        c1_0.course_name,
        c1_0.created_at,
        c1_0.credits,
        c1_0.description,
        c1_0.is_active,
        c1_0.is_indexed,
        c1_0.max_students,
        c1_0.semester,
        c1_0.teacher_id,
        c1_0.updated_at,
        c1_0.year 
    from
        courses c1_0 
    where
        c1_0.course_id=?
2026-03-16T10:20:29.961+05:30 DEBUG 14216 --- [course-service] [http-nio-8082-exec-7] org.hibernate.SQL                        : 
    select
        c1_0.course_id,
        c1_0.course_code,
        c1_0.course_name,
        c1_0.created_at,
        c1_0.credits,
        c1_0.description,
        c1_0.is_active,
        c1_0.is_indexed,
        c1_0.max_students,
        c1_0.semester,
        c1_0.teacher_id,
        c1_0.updated_at,
        c1_0.year 
    from
        courses c1_0 
    where
        c1_0.course_id=?
2026-03-16T10:20:29.980+05:30 DEBUG 14216 --- [course-service] [http-nio-8082-exec-8] org.hibernate.SQL                        : 
    select
        e1_0.enrollment_id,
        e1_0.course_id,
        e1_0.enrollment_date,
        e1_0.semester,
        e1_0.enrollment_status,
        e1_0.student_id 
    from
        enrollments e1_0 
    where
        e1_0.student_id=?
2026-03-16T10:20:29.995+05:30 DEBUG 14216 --- [course-service] [http-nio-8082-exec-8] org.hibernate.SQL                        : 
    select
        c1_0.course_id,
        c1_0.course_code,
        c1_0.course_name,
        c1_0.created_at,
        c1_0.credits,
        c1_0.description,
        c1_0.is_active,
        c1_0.is_indexed,
        c1_0.max_students,
        c1_0.semester,
        c1_0.teacher_id,
        c1_0.updated_at,
        c1_0.year 
    from
        courses c1_0 
    where
        c1_0.course_id=?
2026-03-16T10:20:30.003+05:30 DEBUG 14216 --- [course-service] [http-nio-8082-exec-8] org.hibernate.SQL                        : 
    select
        c1_0.course_id,
        c1_0.course_code,
        c1_0.course_name,
        c1_0.created_at,
        c1_0.credits,
        c1_0.description,
        c1_0.is_active,
        c1_0.is_indexed,
        c1_0.max_students,
        c1_0.semester,
        c1_0.teacher_id,
        c1_0.updated_at,
        c1_0.year 
    from
        courses c1_0 
    where
        c1_0.course_id=?
2026-03-16T10:20:31.244+05:30 DEBUG 14216 --- [course-service] [http-nio-8082-exec-9] org.hibernate.SQL                        : 
    select
        e1_0.enrollment_id,
        e1_0.course_id,
        e1_0.enrollment_date,
        e1_0.semester,
        e1_0.enrollment_status,
        e1_0.student_id 
    from
        enrollments e1_0 
    where
        e1_0.student_id=?
2026-03-16T10:20:31.305+05:30 DEBUG 14216 --- [course-service] [http-nio-8082-exec-10] org.hibernate.SQL                        : 
    select
        e1_0.enrollment_id,
        e1_0.course_id,
        e1_0.enrollment_date,
        e1_0.semester,
        e1_0.enrollment_status,
        e1_0.student_id 
    from
        enrollments e1_0 
    where
        e1_0.student_id=?
2026-03-16T10:20:32.511+05:30 DEBUG 14216 --- [course-service] [http-nio-8082-exec-1] org.hibernate.SQL                        : 
    select
        e1_0.enrollment_id,
        e1_0.course_id,
        e1_0.enrollment_date,
        e1_0.semester,
        e1_0.enrollment_status,
        e1_0.student_id 
    from
        enrollments e1_0 
    where
        e1_0.student_id=?
2026-03-16T10:20:32.525+05:30 DEBUG 14216 --- [course-service] [http-nio-8082-exec-1] org.hibernate.SQL                        : 
    select
        c1_0.course_id,
        c1_0.course_code,
        c1_0.course_name,
        c1_0.created_at,
        c1_0.credits,
        c1_0.description,
        c1_0.is_active,
        c1_0.is_indexed,
        c1_0.max_students,
        c1_0.semester,
        c1_0.teacher_id,
        c1_0.updated_at,
        c1_0.year 
    from
        courses c1_0 
    where
        c1_0.course_id=?
2026-03-16T10:20:32.531+05:30 DEBUG 14216 --- [course-service] [http-nio-8082-exec-1] org.hibernate.SQL                        : 
    select
        c1_0.course_id,
        c1_0.course_code,
        c1_0.course_name,
        c1_0.created_at,
        c1_0.credits,
        c1_0.description,
        c1_0.is_active,
        c1_0.is_indexed,
        c1_0.max_students,
        c1_0.semester,
        c1_0.teacher_id,
        c1_0.updated_at,
        c1_0.year 
    from
        courses c1_0 
    where
        c1_0.course_id=?
2026-03-16T10:20:32.561+05:30 DEBUG 14216 --- [course-service] [http-nio-8082-exec-2] org.hibernate.SQL                        : 
    select
        e1_0.enrollment_id,
        e1_0.course_id,
        e1_0.enrollment_date,
        e1_0.semester,
        e1_0.enrollment_status,
        e1_0.student_id 
    from
        enrollments e1_0 
    where
        e1_0.student_id=?
2026-03-16T10:20:32.569+05:30 DEBUG 14216 --- [course-service] [http-nio-8082-exec-2] org.hibernate.SQL                        : 
    select
        c1_0.course_id,
        c1_0.course_code,
        c1_0.course_name,
        c1_0.created_at,
        c1_0.credits,
        c1_0.description,
        c1_0.is_active,
        c1_0.is_indexed,
        c1_0.max_students,
        c1_0.semester,
        c1_0.teacher_id,
        c1_0.updated_at,
        c1_0.year 
    from
        courses c1_0 
    where
        c1_0.course_id=?
2026-03-16T10:20:32.578+05:30 DEBUG 14216 --- [course-service] [http-nio-8082-exec-2] org.hibernate.SQL                        : 
    select
        c1_0.course_id,
        c1_0.course_code,
        c1_0.course_name,
        c1_0.created_at,
        c1_0.credits,
        c1_0.description,
        c1_0.is_active,
        c1_0.is_indexed,
        c1_0.max_students,
        c1_0.semester,
        c1_0.teacher_id,
        c1_0.updated_at,
        c1_0.year 
    from
        courses c1_0 
    where
        c1_0.course_id=?
2026-03-16T10:20:34.012+05:30 DEBUG 14216 --- [course-service] [http-nio-8082-exec-3] org.hibernate.SQL                        : 
    select
        e1_0.enrollment_id,
        e1_0.course_id,
        e1_0.enrollment_date,
        e1_0.semester,
        e1_0.enrollment_status,
        e1_0.student_id 
    from
        enrollments e1_0 
    where
        e1_0.student_id=?
2026-03-16T10:20:34.021+05:30 DEBUG 14216 --- [course-service] [http-nio-8082-exec-3] org.hibernate.SQL                        : 
    select
        c1_0.course_id,
        c1_0.course_code,
        c1_0.course_name,
        c1_0.created_at,
        c1_0.credits,
        c1_0.description,
        c1_0.is_active,
        c1_0.is_indexed,
        c1_0.max_students,
        c1_0.semester,
        c1_0.teacher_id,
        c1_0.updated_at,
        c1_0.year 
    from
        courses c1_0 
    where
        c1_0.course_id=?
2026-03-16T10:20:34.029+05:30 DEBUG 14216 --- [course-service] [http-nio-8082-exec-3] org.hibernate.SQL                        : 
    select
        c1_0.course_id,
        c1_0.course_code,
        c1_0.course_name,
        c1_0.created_at,
        c1_0.credits,
        c1_0.description,
        c1_0.is_active,
        c1_0.is_indexed,
        c1_0.max_students,
        c1_0.semester,
        c1_0.teacher_id,
        c1_0.updated_at,
        c1_0.year 
    from
        courses c1_0 
    where
        c1_0.course_id=?
2026-03-16T10:20:34.062+05:30 DEBUG 14216 --- [course-service] [http-nio-8082-exec-4] org.hibernate.SQL                        : 
    select
        e1_0.enrollment_id,
        e1_0.course_id,
        e1_0.enrollment_date,
        e1_0.semester,
        e1_0.enrollment_status,
        e1_0.student_id 
    from
        enrollments e1_0 
    where
        e1_0.student_id=?
2026-03-16T10:20:34.070+05:30 DEBUG 14216 --- [course-service] [http-nio-8082-exec-4] org.hibernate.SQL                        : 
    select
        c1_0.course_id,
        c1_0.course_code,
        c1_0.course_name,
        c1_0.created_at,
        c1_0.credits,
        c1_0.description,
        c1_0.is_active,
        c1_0.is_indexed,
        c1_0.max_students,
        c1_0.semester,
        c1_0.teacher_id,
        c1_0.updated_at,
        c1_0.year 
    from
        courses c1_0 
    where
        c1_0.course_id=?
2026-03-16T10:20:34.078+05:30 DEBUG 14216 --- [course-service] [http-nio-8082-exec-4] org.hibernate.SQL                        : 
    select
        c1_0.course_id,
        c1_0.course_code,
        c1_0.course_name,
        c1_0.created_at,
        c1_0.credits,
        c1_0.description,
        c1_0.is_active,
        c1_0.is_indexed,
        c1_0.max_students,
        c1_0.semester,
        c1_0.teacher_id,
        c1_0.updated_at,
        c1_0.year 
    from
        courses c1_0 
    where
        c1_0.course_id=?
2026-03-16T10:20:48.079+05:30  INFO 14216 --- [course-service] [AsyncResolver-bootstrap-executor-0] c.n.d.s.r.aws.ConfigClusterResolver      : Resolving eureka endpoints via configuration
2026-03-16T10:20:51.164+05:30 DEBUG 14216 --- [course-service] [http-nio-8082-exec-5] org.hibernate.SQL                        : 
    select
        c1_0.course_id,
        c1_0.course_code,
        c1_0.course_name,
        c1_0.created_at,
        c1_0.credits,
        c1_0.description,
        c1_0.is_active,
        c1_0.is_indexed,
        c1_0.max_students,
        c1_0.semester,
        c1_0.teacher_id,
        c1_0.updated_at,
        c1_0.year 
    from
        courses c1_0 
    where
        c1_0.teacher_id=?
2026-03-16T10:20:51.271+05:30 DEBUG 14216 --- [course-service] [http-nio-8082-exec-6] org.hibernate.SQL                        : 
    select
        c1_0.course_id,
        c1_0.course_code,
        c1_0.course_name,
        c1_0.created_at,
        c1_0.credits,
        c1_0.description,
        c1_0.is_active,
        c1_0.is_indexed,
        c1_0.max_students,
        c1_0.semester,
        c1_0.teacher_id,
        c1_0.updated_at,
        c1_0.year 
    from
        courses c1_0 
    where
        c1_0.teacher_id=?
2026-03-16T10:20:51.400+05:30 DEBUG 14216 --- [course-service] [http-nio-8082-exec-7] org.hibernate.SQL                        : 
    select
        c1_0.course_id,
        c1_0.course_code,
        c1_0.course_name,
        c1_0.created_at,
        c1_0.credits,
        c1_0.description,
        c1_0.is_active,
        c1_0.is_indexed,
        c1_0.max_students,
        c1_0.semester,
        c1_0.teacher_id,
        c1_0.updated_at,
        c1_0.year 
    from
        courses c1_0 
    where
        c1_0.teacher_id=?
2026-03-16T10:20:53.032+05:30 DEBUG 14216 --- [course-service] [http-nio-8082-exec-8] org.hibernate.SQL                        : 
    select
        e1_0.enrollment_id,
        e1_0.course_id,
        e1_0.enrollment_date,
        e1_0.semester,
        e1_0.enrollment_status,
        e1_0.student_id 
    from
        enrollments e1_0 
    where
        e1_0.course_id=? 
        and e1_0.enrollment_status=?
2026-03-16T10:21:22.199+05:30 DEBUG 14216 --- [course-service] [http-nio-8082-exec-9] org.hibernate.SQL                        : 
    select
        c1_0.course_id,
        c1_0.course_code,
        c1_0.course_name,
        c1_0.created_at,
        c1_0.credits,
        c1_0.description,
        c1_0.is_active,
        c1_0.is_indexed,
        c1_0.max_students,
        c1_0.semester,
        c1_0.teacher_id,
        c1_0.updated_at,
        c1_0.year 
    from
        courses c1_0
2026-03-16T10:21:22.225+05:30 DEBUG 14216 --- [course-service] [http-nio-8082-exec-10] org.hibernate.SQL                        : 
    select
        c1_0.course_id,
        c1_0.course_code,
        c1_0.course_name,
        c1_0.created_at,
        c1_0.credits,
        c1_0.description,
        c1_0.is_active,
        c1_0.is_indexed,
        c1_0.max_students,
        c1_0.semester,
        c1_0.teacher_id,
        c1_0.updated_at,
        c1_0.year 
    from
        courses c1_0
2026-03-16T10:21:22.250+05:30 DEBUG 14216 --- [course-service] [http-nio-8082-exec-1] org.hibernate.SQL                        : 
    select
        c1_0.course_id,
        c1_0.course_code,
        c1_0.course_name,
        c1_0.created_at,
        c1_0.credits,
        c1_0.description,
        c1_0.is_active,
        c1_0.is_indexed,
        c1_0.max_students,
        c1_0.semester,
        c1_0.teacher_id,
        c1_0.updated_at,
        c1_0.year 
    from
        courses c1_0 
    where
        c1_0.teacher_id=?
2026-03-16T10:21:22.273+05:30 DEBUG 14216 --- [course-service] [http-nio-8082-exec-2] org.hibernate.SQL                        : 
    select
        c1_0.course_id,
        c1_0.course_code,
        c1_0.course_name,
        c1_0.created_at,
        c1_0.credits,
        c1_0.description,
        c1_0.is_active,
        c1_0.is_indexed,
        c1_0.max_students,
        c1_0.semester,
        c1_0.teacher_id,
        c1_0.updated_at,
        c1_0.year 
    from
        courses c1_0 
    where
        c1_0.teacher_id=?
2026-03-16T10:22:17.757+05:30 DEBUG 14216 --- [course-service] [http-nio-8082-exec-3] org.hibernate.SQL                        : 
    select
        c1_0.course_id,
        c1_0.course_code,
        c1_0.course_name,
        c1_0.created_at,
        c1_0.credits,
        c1_0.description,
        c1_0.is_active,
        c1_0.is_indexed,
        c1_0.max_students,
        c1_0.semester,
        c1_0.teacher_id,
        c1_0.updated_at,
        c1_0.year 
    from
        courses c1_0
2026-03-16T10:22:17.794+05:30 DEBUG 14216 --- [course-service] [http-nio-8082-exec-4] org.hibernate.SQL                        : 
    select
        c1_0.course_id,
        c1_0.course_code,
        c1_0.course_name,
        c1_0.created_at,
        c1_0.credits,
        c1_0.description,
        c1_0.is_active,
        c1_0.is_indexed,
        c1_0.max_students,
        c1_0.semester,
        c1_0.teacher_id,
        c1_0.updated_at,
        c1_0.year 
    from
        courses c1_0
2026-03-16T10:22:33.050+05:30 DEBUG 14216 --- [course-service] [http-nio-8082-exec-5] org.hibernate.SQL                        : 
    select
        e1_0.enrollment_id,
        e1_0.course_id,
        e1_0.enrollment_date,
        e1_0.semester,
        e1_0.enrollment_status,
        e1_0.student_id 
    from
        enrollments e1_0 
    where
        e1_0.course_id=? 
        and e1_0.enrollment_status=?
2026-03-16T10:25:48.089+05:30  INFO 14216 --- [course-service] [AsyncResolver-bootstrap-executor-0] c.n.d.s.r.aws.ConfigClusterResolver      : Resolving eureka endpoints via configuration
2026-03-16T10:30:48.092+05:30  INFO 14216 --- [course-service] [AsyncResolver-bootstrap-executor-0] c.n.d.s.r.aws.ConfigClusterResolver      : Resolving eureka endpoints via configuration
2026-03-16T10:35:48.115+05:30  INFO 14216 --- [course-service] [AsyncResolver-bootstrap-executor-0] c.n.d.s.r.aws.ConfigClusterResolver      : Resolving eureka endpoints via configuration
2026-03-16T10:40:14.783+05:30 DEBUG 14216 --- [course-service] [http-nio-8082-exec-8] org.hibernate.SQL                        : 
    select
        c1_0.course_id 
    from
        courses c1_0 
    where
        c1_0.course_code=? 
    limit
        ?
2026-03-16T10:40:14.842+05:30 DEBUG 14216 --- [course-service] [http-nio-8082-exec-8] org.hibernate.SQL                        : 
    insert 
    into
        courses
        (course_code, course_name, created_at, credits, description, is_active, is_indexed, max_students, semester, teacher_id, updated_at, year) 
    values
        (?, ?, ?, ?, ?, ?, ?, ?, ?, ?, ?, ?)
2026-03-16T10:40:14.920+05:30 DEBUG 14216 --- [course-service] [http-nio-8082-exec-9] org.hibernate.SQL                        : 
    select
        c1_0.course_id,
        c1_0.course_code,
        c1_0.course_name,
        c1_0.created_at,
        c1_0.credits,
        c1_0.description,
        c1_0.is_active,
        c1_0.is_indexed,
        c1_0.max_students,
        c1_0.semester,
        c1_0.teacher_id,
        c1_0.updated_at,
        c1_0.year 
    from
        courses c1_0 
    where
        c1_0.course_id=?
2026-03-16T10:40:14.923+05:30 DEBUG 14216 --- [course-service] [http-nio-8082-exec-9] org.hibernate.SQL                        : 
    select
        c1_0.course_id,
        c1_0.course_code,
        c1_0.course_name,
        c1_0.created_at,
        c1_0.credits,
        c1_0.description,
        c1_0.is_active,
        c1_0.is_indexed,
        c1_0.max_students,
        c1_0.semester,
        c1_0.teacher_id,
        c1_0.updated_at,
        c1_0.year 
    from
        courses c1_0 
    where
        c1_0.course_id=?
2026-03-16T10:40:14.943+05:30 DEBUG 14216 --- [course-service] [http-nio-8082-exec-9] org.hibernate.SQL                        : 
    update
        courses 
    set
        course_code=?,
        course_name=?,
        credits=?,
        description=?,
        is_active=?,
        is_indexed=?,
        max_students=?,
        semester=?,
        teacher_id=?,
        updated_at=?,
        year=? 
    where
        course_id=?
2026-03-16T10:40:17.211+05:30 DEBUG 14216 --- [course-service] [http-nio-8082-exec-10] org.hibernate.SQL                        : 
    select
        c1_0.course_id,
        c1_0.course_code,
        c1_0.course_name,
        c1_0.created_at,
        c1_0.credits,
        c1_0.description,
        c1_0.is_active,
        c1_0.is_indexed,
        c1_0.max_students,
        c1_0.semester,
        c1_0.teacher_id,
        c1_0.updated_at,
        c1_0.year 
    from
        courses c1_0
2026-03-16T10:40:20.257+05:30 DEBUG 14216 --- [course-service] [http-nio-8082-exec-1] org.hibernate.SQL                        : 
    select
        e1_0.enrollment_id,
        e1_0.course_id,
        e1_0.enrollment_date,
        e1_0.semester,
        e1_0.enrollment_status,
        e1_0.student_id 
    from
        enrollments e1_0 
    where
        e1_0.course_id=? 
        and e1_0.enrollment_status=?
2026-03-16T10:40:28.935+05:30 DEBUG 14216 --- [course-service] [http-nio-8082-exec-2] org.hibernate.SQL                        : 
    select
        c1_0.course_id,
        c1_0.course_code,
        c1_0.course_name,
        c1_0.created_at,
        c1_0.credits,
        c1_0.description,
        c1_0.is_active,
        c1_0.is_indexed,
        c1_0.max_students,
        c1_0.semester,
        c1_0.teacher_id,
        c1_0.updated_at,
        c1_0.year 
    from
        courses c1_0 
    where
        c1_0.course_id=?
2026-03-16T10:40:28.949+05:30 DEBUG 14216 --- [course-service] [http-nio-8082-exec-2] org.hibernate.SQL                        : 
    update
        courses 
    set
        course_code=?,
        course_name=?,
        credits=?,
        description=?,
        is_active=?,
        is_indexed=?,
        max_students=?,
        semester=?,
        teacher_id=?,
        updated_at=?,
        year=? 
    where
        course_id=?
2026-03-16T10:40:28.973+05:30 DEBUG 14216 --- [course-service] [http-nio-8082-exec-3] org.hibernate.SQL                        : 
    select
        c1_0.course_id,
        c1_0.course_code,
        c1_0.course_name,
        c1_0.created_at,
        c1_0.credits,
        c1_0.description,
        c1_0.is_active,
        c1_0.is_indexed,
        c1_0.max_students,
        c1_0.semester,
        c1_0.teacher_id,
        c1_0.updated_at,
        c1_0.year 
    from
        courses c1_0 
    where
        c1_0.course_id=?
2026-03-16T10:40:28.986+05:30 DEBUG 14216 --- [course-service] [http-nio-8082-exec-3] org.hibernate.SQL                        : 
    select
        c1_0.course_id,
        c1_0.course_code,
        c1_0.course_name,
        c1_0.created_at,
        c1_0.credits,
        c1_0.description,
        c1_0.is_active,
        c1_0.is_indexed,
        c1_0.max_students,
        c1_0.semester,
        c1_0.teacher_id,
        c1_0.updated_at,
        c1_0.year 
    from
        courses c1_0 
    where
        c1_0.course_id=?
2026-03-16T10:40:30.569+05:30 DEBUG 14216 --- [course-service] [http-nio-8082-exec-4] org.hibernate.SQL                        : 
    select
        c1_0.course_id,
        c1_0.course_code,
        c1_0.course_name,
        c1_0.created_at,
        c1_0.credits,
        c1_0.description,
        c1_0.is_active,
        c1_0.is_indexed,
        c1_0.max_students,
        c1_0.semester,
        c1_0.teacher_id,
        c1_0.updated_at,
        c1_0.year 
    from
        courses c1_0
2026-03-16T10:40:48.136+05:30  INFO 14216 --- [course-service] [AsyncResolver-bootstrap-executor-0] c.n.d.s.r.aws.ConfigClusterResolver      : Resolving eureka endpoints via configuration
2026-03-16T10:42:48.386+05:30 DEBUG 14216 --- [course-service] [http-nio-8082-exec-6] org.hibernate.SQL                        : 
    select
        c1_0.course_id,
        c1_0.course_code,
        c1_0.course_name,
        c1_0.created_at,
        c1_0.credits,
        c1_0.description,
        c1_0.is_active,
        c1_0.is_indexed,
        c1_0.max_students,
        c1_0.semester,
        c1_0.teacher_id,
        c1_0.updated_at,
        c1_0.year 
    from
        courses c1_0 
    where
        c1_0.teacher_id=?
2026-03-16T10:42:48.413+05:30 DEBUG 14216 --- [course-service] [http-nio-8082-exec-7] org.hibernate.SQL                        : 
    select
        c1_0.course_id,
        c1_0.course_code,
        c1_0.course_name,
        c1_0.created_at,
        c1_0.credits,
        c1_0.description,
        c1_0.is_active,
        c1_0.is_indexed,
        c1_0.max_students,
        c1_0.semester,
        c1_0.teacher_id,
        c1_0.updated_at,
        c1_0.year 
    from
        courses c1_0 
    where
        c1_0.teacher_id=?
2026-03-16T10:43:17.886+05:30 DEBUG 14216 --- [course-service] [http-nio-8082-exec-8] org.hibernate.SQL                        : 
    select
        c1_0.course_id,
        c1_0.course_code,
        c1_0.course_name,
        c1_0.created_at,
        c1_0.credits,
        c1_0.description,
        c1_0.is_active,
        c1_0.is_indexed,
        c1_0.max_students,
        c1_0.semester,
        c1_0.teacher_id,
        c1_0.updated_at,
        c1_0.year 
    from
        courses c1_0
2026-03-16T10:43:17.905+05:30 DEBUG 14216 --- [course-service] [http-nio-8082-exec-9] org.hibernate.SQL                        : 
    select
        c1_0.course_id,
        c1_0.course_code,
        c1_0.course_name,
        c1_0.created_at,
        c1_0.credits,
        c1_0.description,
        c1_0.is_active,
        c1_0.is_indexed,
        c1_0.max_students,
        c1_0.semester,
        c1_0.teacher_id,
        c1_0.updated_at,
        c1_0.year 
    from
        courses c1_0
2026-03-16T10:43:30.238+05:30 DEBUG 14216 --- [course-service] [http-nio-8082-exec-10] org.hibernate.SQL                        : 
    select
        c1_0.course_id,
        c1_0.course_code,
        c1_0.course_name,
        c1_0.created_at,
        c1_0.credits,
        c1_0.description,
        c1_0.is_active,
        c1_0.is_indexed,
        c1_0.max_students,
        c1_0.semester,
        c1_0.teacher_id,
        c1_0.updated_at,
        c1_0.year 
    from
        courses c1_0 
    where
        c1_0.course_id=?
2026-03-16T10:43:30.245+05:30 DEBUG 14216 --- [course-service] [http-nio-8082-exec-10] org.hibernate.SQL                        : 
    update
        courses 
    set
        course_code=?,
        course_name=?,
        credits=?,
        description=?,
        is_active=?,
        is_indexed=?,
        max_students=?,
        semester=?,
        teacher_id=?,
        updated_at=?,
        year=? 
    where
        course_id=?
2026-03-16T10:43:30.269+05:30 DEBUG 14216 --- [course-service] [http-nio-8082-exec-1] org.hibernate.SQL                        : 
    select
        c1_0.course_id,
        c1_0.course_code,
        c1_0.course_name,
        c1_0.created_at,
        c1_0.credits,
        c1_0.description,
        c1_0.is_active,
        c1_0.is_indexed,
        c1_0.max_students,
        c1_0.semester,
        c1_0.teacher_id,
        c1_0.updated_at,
        c1_0.year 
    from
        courses c1_0 
    where
        c1_0.course_id=?
2026-03-16T10:43:30.273+05:30 DEBUG 14216 --- [course-service] [http-nio-8082-exec-1] org.hibernate.SQL                        : 
    select
        c1_0.course_id,
        c1_0.course_code,
        c1_0.course_name,
        c1_0.created_at,
        c1_0.credits,
        c1_0.description,
        c1_0.is_active,
        c1_0.is_indexed,
        c1_0.max_students,
        c1_0.semester,
        c1_0.teacher_id,
        c1_0.updated_at,
        c1_0.year 
    from
        courses c1_0 
    where
        c1_0.course_id=?
2026-03-16T10:43:31.748+05:30 DEBUG 14216 --- [course-service] [http-nio-8082-exec-2] org.hibernate.SQL                        : 
    select
        c1_0.course_id,
        c1_0.course_code,
        c1_0.course_name,
        c1_0.created_at,
        c1_0.credits,
        c1_0.description,
        c1_0.is_active,
        c1_0.is_indexed,
        c1_0.max_students,
        c1_0.semester,
        c1_0.teacher_id,
        c1_0.updated_at,
        c1_0.year 
    from
        courses c1_0
2026-03-16T10:43:48.522+05:30 DEBUG 14216 --- [course-service] [http-nio-8082-exec-3] org.hibernate.SQL                        : 
    select
        c1_0.course_id,
        c1_0.course_code,
        c1_0.course_name,
        c1_0.created_at,
        c1_0.credits,
        c1_0.description,
        c1_0.is_active,
        c1_0.is_indexed,
        c1_0.max_students,
        c1_0.semester,
        c1_0.teacher_id,
        c1_0.updated_at,
        c1_0.year 
    from
        courses c1_0 
    where
        c1_0.teacher_id=?
2026-03-16T10:43:48.550+05:30 DEBUG 14216 --- [course-service] [http-nio-8082-exec-4] org.hibernate.SQL                        : 
    select
        c1_0.course_id,
        c1_0.course_code,
        c1_0.course_name,
        c1_0.created_at,
        c1_0.credits,
        c1_0.description,
        c1_0.is_active,
        c1_0.is_indexed,
        c1_0.max_students,
        c1_0.semester,
        c1_0.teacher_id,
        c1_0.updated_at,
        c1_0.year 
    from
        courses c1_0 
    where
        c1_0.teacher_id=?
2026-03-16T10:43:48.606+05:30 DEBUG 14216 --- [course-service] [http-nio-8082-exec-5] org.hibernate.SQL                        : 
    select
        c1_0.course_id,
        c1_0.course_code,
        c1_0.course_name,
        c1_0.created_at,
        c1_0.credits,
        c1_0.description,
        c1_0.is_active,
        c1_0.is_indexed,
        c1_0.max_students,
        c1_0.semester,
        c1_0.teacher_id,
        c1_0.updated_at,
        c1_0.year 
    from
        courses c1_0 
    where
        c1_0.teacher_id=?
2026-03-16T10:43:51.507+05:30 DEBUG 14216 --- [course-service] [http-nio-8082-exec-6] org.hibernate.SQL                        : 
    select
        c1_0.course_id,
        c1_0.course_code,
        c1_0.course_name,
        c1_0.created_at,
        c1_0.credits,
        c1_0.description,
        c1_0.is_active,
        c1_0.is_indexed,
        c1_0.max_students,
        c1_0.semester,
        c1_0.teacher_id,
        c1_0.updated_at,
        c1_0.year 
    from
        courses c1_0
2026-03-16T10:43:51.526+05:30 DEBUG 14216 --- [course-service] [http-nio-8082-exec-8] org.hibernate.SQL                        : 
    select
        c1_0.course_id,
        c1_0.course_code,
        c1_0.course_name,
        c1_0.created_at,
        c1_0.credits,
        c1_0.description,
        c1_0.is_active,
        c1_0.is_indexed,
        c1_0.max_students,
        c1_0.semester,
        c1_0.teacher_id,
        c1_0.updated_at,
        c1_0.year 
    from
        courses c1_0 
    where
        c1_0.teacher_id=?
2026-03-16T10:43:51.532+05:30 DEBUG 14216 --- [course-service] [http-nio-8082-exec-7] org.hibernate.SQL                        : 
    select
        c1_0.course_id,
        c1_0.course_code,
        c1_0.course_name,
        c1_0.created_at,
        c1_0.credits,
        c1_0.description,
        c1_0.is_active,
        c1_0.is_indexed,
        c1_0.max_students,
        c1_0.semester,
        c1_0.teacher_id,
        c1_0.updated_at,
        c1_0.year 
    from
        courses c1_0
2026-03-16T10:43:51.572+05:30 DEBUG 14216 --- [course-service] [http-nio-8082-exec-9] org.hibernate.SQL                        : 
    select
        c1_0.course_id,
        c1_0.course_code,
        c1_0.course_name,
        c1_0.created_at,
        c1_0.credits,
        c1_0.description,
        c1_0.is_active,
        c1_0.is_indexed,
        c1_0.max_students,
        c1_0.semester,
        c1_0.teacher_id,
        c1_0.updated_at,
        c1_0.year 
    from
        courses c1_0 
    where
        c1_0.teacher_id=?
2026-03-16T10:45:48.138+05:30  INFO 14216 --- [course-service] [AsyncResolver-bootstrap-executor-0] c.n.d.s.r.aws.ConfigClusterResolver      : Resolving eureka endpoints via configuration
2026-03-16T10:47:31.564+05:30 DEBUG 14216 --- [course-service] [http-nio-8082-exec-2] org.hibernate.SQL                        : 
    select
        c1_0.course_id,
        c1_0.course_code,
        c1_0.course_name,
        c1_0.created_at,
        c1_0.credits,
        c1_0.description,
        c1_0.is_active,
        c1_0.is_indexed,
        c1_0.max_students,
        c1_0.semester,
        c1_0.teacher_id,
        c1_0.updated_at,
        c1_0.year 
    from
        courses c1_0 
    where
        c1_0.teacher_id=?
2026-03-16T10:47:31.601+05:30 DEBUG 14216 --- [course-service] [http-nio-8082-exec-3] org.hibernate.SQL                        : 
    select
        c1_0.course_id,
        c1_0.course_code,
        c1_0.course_name,
        c1_0.created_at,
        c1_0.credits,
        c1_0.description,
        c1_0.is_active,
        c1_0.is_indexed,
        c1_0.max_students,
        c1_0.semester,
        c1_0.teacher_id,
        c1_0.updated_at,
        c1_0.year 
    from
        courses c1_0 
    where
        c1_0.teacher_id=?
2026-03-16T10:47:31.829+05:30 DEBUG 14216 --- [course-service] [http-nio-8082-exec-4] org.hibernate.SQL                        : 
    select
        c1_0.course_id,
        c1_0.course_code,
        c1_0.course_name,
        c1_0.created_at,
        c1_0.credits,
        c1_0.description,
        c1_0.is_active,
        c1_0.is_indexed,
        c1_0.max_students,
        c1_0.semester,
        c1_0.teacher_id,
        c1_0.updated_at,
        c1_0.year 
    from
        courses c1_0 
    where
        c1_0.teacher_id=?
2026-03-16T10:50:48.142+05:30  INFO 14216 --- [course-service] [AsyncResolver-bootstrap-executor-0] c.n.d.s.r.aws.ConfigClusterResolver      : Resolving eureka endpoints via configuration
2026-03-16T10:55:48.152+05:30  INFO 14216 --- [course-service] [AsyncResolver-bootstrap-executor-0] c.n.d.s.r.aws.ConfigClusterResolver      : Resolving eureka endpoints via configuration
2026-03-16T10:57:54.541+05:30 DEBUG 14216 --- [course-service] [http-nio-8082-exec-6] org.hibernate.SQL                        : 
    select
        c1_0.course_id,
        c1_0.course_code,
        c1_0.course_name,
        c1_0.created_at,
        c1_0.credits,
        c1_0.description,
        c1_0.is_active,
        c1_0.is_indexed,
        c1_0.max_students,
        c1_0.semester,
        c1_0.teacher_id,
        c1_0.updated_at,
        c1_0.year 
    from
        courses c1_0 
    where
        c1_0.teacher_id=?
2026-03-16T10:57:54.613+05:30 DEBUG 14216 --- [course-service] [http-nio-8082-exec-8] org.hibernate.SQL                        : 
    select
        c1_0.course_id,
        c1_0.course_code,
        c1_0.course_name,
        c1_0.created_at,
        c1_0.credits,
        c1_0.description,
        c1_0.is_active,
        c1_0.is_indexed,
        c1_0.max_students,
        c1_0.semester,
        c1_0.teacher_id,
        c1_0.updated_at,
        c1_0.year 
    from
        courses c1_0 
    where
        c1_0.teacher_id=?
2026-03-16T10:57:54.757+05:30 DEBUG 14216 --- [course-service] [http-nio-8082-exec-7] org.hibernate.SQL                        : 
    select
        c1_0.course_id,
        c1_0.course_code,
        c1_0.course_name,
        c1_0.created_at,
        c1_0.credits,
        c1_0.description,
        c1_0.is_active,
        c1_0.is_indexed,
        c1_0.max_students,
        c1_0.semester,
        c1_0.teacher_id,
        c1_0.updated_at,
        c1_0.year 
    from
        courses c1_0 
    where
        c1_0.teacher_id=?
2026-03-16T10:58:00.073+05:30 DEBUG 14216 --- [course-service] [http-nio-8082-exec-9] org.hibernate.SQL                        : 
    select
        c1_0.course_id,
        c1_0.course_code,
        c1_0.course_name,
        c1_0.created_at,
        c1_0.credits,
        c1_0.description,
        c1_0.is_active,
        c1_0.is_indexed,
        c1_0.max_students,
        c1_0.semester,
        c1_0.teacher_id,
        c1_0.updated_at,
        c1_0.year 
    from
        courses c1_0
2026-03-16T10:58:00.114+05:30 DEBUG 14216 --- [course-service] [http-nio-8082-exec-10] org.hibernate.SQL                        : 
    select
        c1_0.course_id,
        c1_0.course_code,
        c1_0.course_name,
        c1_0.created_at,
        c1_0.credits,
        c1_0.description,
        c1_0.is_active,
        c1_0.is_indexed,
        c1_0.max_students,
        c1_0.semester,
        c1_0.teacher_id,
        c1_0.updated_at,
        c1_0.year 
    from
        courses c1_0
2026-03-16T10:58:00.133+05:30 DEBUG 14216 --- [course-service] [http-nio-8082-exec-1] org.hibernate.SQL                        : 
    select
        c1_0.course_id,
        c1_0.course_code,
        c1_0.course_name,
        c1_0.created_at,
        c1_0.credits,
        c1_0.description,
        c1_0.is_active,
        c1_0.is_indexed,
        c1_0.max_students,
        c1_0.semester,
        c1_0.teacher_id,
        c1_0.updated_at,
        c1_0.year 
    from
        courses c1_0 
    where
        c1_0.teacher_id=?
2026-03-16T10:58:00.160+05:30 DEBUG 14216 --- [course-service] [http-nio-8082-exec-2] org.hibernate.SQL                        : 
    select
        c1_0.course_id,
        c1_0.course_code,
        c1_0.course_name,
        c1_0.created_at,
        c1_0.credits,
        c1_0.description,
        c1_0.is_active,
        c1_0.is_indexed,
        c1_0.max_students,
        c1_0.semester,
        c1_0.teacher_id,
        c1_0.updated_at,
        c1_0.year 
    from
        courses c1_0 
    where
        c1_0.teacher_id=?
2026-03-16T11:00:48.163+05:30  INFO 14216 --- [course-service] [AsyncResolver-bootstrap-executor-0] c.n.d.s.r.aws.ConfigClusterResolver      : Resolving eureka endpoints via configuration
2026-03-16T11:05:48.173+05:30  INFO 14216 --- [course-service] [AsyncResolver-bootstrap-executor-0] c.n.d.s.r.aws.ConfigClusterResolver      : Resolving eureka endpoints via configuration
2026-03-16T11:10:48.197+05:30  INFO 14216 --- [course-service] [AsyncResolver-bootstrap-executor-0] c.n.d.s.r.aws.ConfigClusterResolver      : Resolving eureka endpoints via configuration
2026-03-16T11:15:48.217+05:30  INFO 14216 --- [course-service] [AsyncResolver-bootstrap-executor-0] c.n.d.s.r.aws.ConfigClusterResolver      : Resolving eureka endpoints via configuration
2026-03-16T11:20:48.229+05:30  INFO 14216 --- [course-service] [AsyncResolver-bootstrap-executor-0] c.n.d.s.r.aws.ConfigClusterResolver      : Resolving eureka endpoints via configuration
2026-03-16T11:22:14.159+05:30 DEBUG 14216 --- [course-service] [http-nio-8082-exec-4] org.hibernate.SQL                        : 
    select
        c1_0.course_id,
        c1_0.course_code,
        c1_0.course_name,
        c1_0.created_at,
        c1_0.credits,
        c1_0.description,
        c1_0.is_active,
        c1_0.is_indexed,
        c1_0.max_students,
        c1_0.semester,
        c1_0.teacher_id,
        c1_0.updated_at,
        c1_0.year 
    from
        courses c1_0 
    where
        c1_0.teacher_id=?
2026-03-16T11:22:14.192+05:30 DEBUG 14216 --- [course-service] [http-nio-8082-exec-5] org.hibernate.SQL                        : 
    select
        c1_0.course_id,
        c1_0.course_code,
        c1_0.course_name,
        c1_0.created_at,
        c1_0.credits,
        c1_0.description,
        c1_0.is_active,
        c1_0.is_indexed,
        c1_0.max_students,
        c1_0.semester,
        c1_0.teacher_id,
        c1_0.updated_at,
        c1_0.year 
    from
        courses c1_0 
    where
        c1_0.teacher_id=?
2026-03-16T11:22:14.293+05:30 DEBUG 14216 --- [course-service] [http-nio-8082-exec-6] org.hibernate.SQL                        : 
    select
        c1_0.course_id,
        c1_0.course_code,
        c1_0.course_name,
        c1_0.created_at,
        c1_0.credits,
        c1_0.description,
        c1_0.is_active,
        c1_0.is_indexed,
        c1_0.max_students,
        c1_0.semester,
        c1_0.teacher_id,
        c1_0.updated_at,
        c1_0.year 
    from
        courses c1_0 
    where
        c1_0.teacher_id=?
2026-03-16T11:22:14.897+05:30 DEBUG 14216 --- [course-service] [http-nio-8082-exec-8] org.hibernate.SQL                        : 
    select
        e1_0.enrollment_id,
        e1_0.course_id,
        e1_0.enrollment_date,
        e1_0.semester,
        e1_0.enrollment_status,
        e1_0.student_id 
    from
        enrollments e1_0 
    where
        e1_0.course_id=? 
        and e1_0.enrollment_status=?
2026-03-16T11:25:48.248+05:30  INFO 14216 --- [course-service] [AsyncResolver-bootstrap-executor-0] c.n.d.s.r.aws.ConfigClusterResolver      : Resolving eureka endpoints via configuration
2026-03-16T11:30:15.163+05:30 DEBUG 14216 --- [course-service] [http-nio-8082-exec-9] org.hibernate.SQL                        : 
    select
        e1_0.enrollment_id,
        e1_0.course_id,
        e1_0.enrollment_date,
        e1_0.semester,
        e1_0.enrollment_status,
        e1_0.student_id 
    from
        enrollments e1_0 
    where
        e1_0.course_id=? 
        and e1_0.enrollment_status=?
2026-03-16T11:30:15.246+05:30 DEBUG 14216 --- [course-service] [http-nio-8082-exec-10] org.hibernate.SQL                        : 
    select
        e1_0.enrollment_id,
        e1_0.course_id,
        e1_0.enrollment_date,
        e1_0.semester,
        e1_0.enrollment_status,
        e1_0.student_id 
    from
        enrollments e1_0 
    where
        e1_0.course_id=? 
        and e1_0.enrollment_status=?
2026-03-16T11:30:48.257+05:30  INFO 14216 --- [course-service] [AsyncResolver-bootstrap-executor-0] c.n.d.s.r.aws.ConfigClusterResolver      : Resolving eureka endpoints via configuration
2026-03-16T11:31:57.903+05:30 DEBUG 14216 --- [course-service] [http-nio-8082-exec-2] org.hibernate.SQL                        : 
    select
        e1_0.enrollment_id,
        e1_0.course_id,
        e1_0.enrollment_date,
        e1_0.semester,
        e1_0.enrollment_status,
        e1_0.student_id 
    from
        enrollments e1_0 
    where
        e1_0.student_id=?
2026-03-16T11:31:57.930+05:30 DEBUG 14216 --- [course-service] [http-nio-8082-exec-3] org.hibernate.SQL                        : 
    select
        e1_0.enrollment_id,
        e1_0.course_id,
        e1_0.enrollment_date,
        e1_0.semester,
        e1_0.enrollment_status,
        e1_0.student_id 
    from
        enrollments e1_0 
    where
        e1_0.student_id=?
2026-03-16T11:32:00.012+05:30 DEBUG 14216 --- [course-service] [http-nio-8082-exec-4] org.hibernate.SQL                        : 
    select
        c1_0.course_id,
        c1_0.course_code,
        c1_0.course_name,
        c1_0.created_at,
        c1_0.credits,
        c1_0.description,
        c1_0.is_active,
        c1_0.is_indexed,
        c1_0.max_students,
        c1_0.semester,
        c1_0.teacher_id,
        c1_0.updated_at,
        c1_0.year 
    from
        courses c1_0
2026-03-16T11:32:00.048+05:30 DEBUG 14216 --- [course-service] [http-nio-8082-exec-5] org.hibernate.SQL                        : 
    select
        c1_0.course_id,
        c1_0.course_code,
        c1_0.course_name,
        c1_0.created_at,
        c1_0.credits,
        c1_0.description,
        c1_0.is_active,
        c1_0.is_indexed,
        c1_0.max_students,
        c1_0.semester,
        c1_0.teacher_id,
        c1_0.updated_at,
        c1_0.year 
    from
        courses c1_0
2026-03-16T11:32:00.049+05:30 DEBUG 14216 --- [course-service] [http-nio-8082-exec-6] org.hibernate.SQL                        : 
    select
        e1_0.enrollment_id,
        e1_0.course_id,
        e1_0.enrollment_date,
        e1_0.semester,
        e1_0.enrollment_status,
        e1_0.student_id 
    from
        enrollments e1_0 
    where
        e1_0.student_id=?
2026-03-16T11:32:00.079+05:30 DEBUG 14216 --- [course-service] [http-nio-8082-exec-8] org.hibernate.SQL                        : 
    select
        e1_0.enrollment_id,
        e1_0.course_id,
        e1_0.enrollment_date,
        e1_0.semester,
        e1_0.enrollment_status,
        e1_0.student_id 
    from
        enrollments e1_0 
    where
        e1_0.student_id=?
2026-03-16T11:32:01.427+05:30 DEBUG 14216 --- [course-service] [http-nio-8082-exec-7] org.hibernate.SQL                        : 
    select
        e1_0.enrollment_id,
        e1_0.course_id,
        e1_0.enrollment_date,
        e1_0.semester,
        e1_0.enrollment_status,
        e1_0.student_id 
    from
        enrollments e1_0 
    where
        e1_0.student_id=?
2026-03-16T11:32:01.443+05:30 DEBUG 14216 --- [course-service] [http-nio-8082-exec-9] org.hibernate.SQL                        : 
    select
        e1_0.enrollment_id,
        e1_0.course_id,
        e1_0.enrollment_date,
        e1_0.semester,
        e1_0.enrollment_status,
        e1_0.student_id 
    from
        enrollments e1_0 
    where
        e1_0.student_id=?
2026-03-16T11:32:02.507+05:30 DEBUG 14216 --- [course-service] [http-nio-8082-exec-10] org.hibernate.SQL                        : 
    select
        c1_0.course_id,
        c1_0.course_code,
        c1_0.course_name,
        c1_0.created_at,
        c1_0.credits,
        c1_0.description,
        c1_0.is_active,
        c1_0.is_indexed,
        c1_0.max_students,
        c1_0.semester,
        c1_0.teacher_id,
        c1_0.updated_at,
        c1_0.year 
    from
        courses c1_0
2026-03-16T11:32:02.533+05:30 DEBUG 14216 --- [course-service] [http-nio-8082-exec-1] org.hibernate.SQL                        : 
    select
        c1_0.course_id,
        c1_0.course_code,
        c1_0.course_name,
        c1_0.created_at,
        c1_0.credits,
        c1_0.description,
        c1_0.is_active,
        c1_0.is_indexed,
        c1_0.max_students,
        c1_0.semester,
        c1_0.teacher_id,
        c1_0.updated_at,
        c1_0.year 
    from
        courses c1_0
2026-03-16T11:32:02.533+05:30 DEBUG 14216 --- [course-service] [http-nio-8082-exec-2] org.hibernate.SQL                        : 
    select
        e1_0.enrollment_id,
        e1_0.course_id,
        e1_0.enrollment_date,
        e1_0.semester,
        e1_0.enrollment_status,
        e1_0.student_id 
    from
        enrollments e1_0 
    where
        e1_0.student_id=?
2026-03-16T11:32:02.557+05:30 DEBUG 14216 --- [course-service] [http-nio-8082-exec-3] org.hibernate.SQL                        : 
    select
        e1_0.enrollment_id,
        e1_0.course_id,
        e1_0.enrollment_date,
        e1_0.semester,
        e1_0.enrollment_status,
        e1_0.student_id 
    from
        enrollments e1_0 
    where
        e1_0.student_id=?
2026-03-16T11:32:09.004+05:30 DEBUG 14216 --- [course-service] [http-nio-8082-exec-4] org.hibernate.SQL                        : 
    select
        e1_0.enrollment_id,
        e1_0.course_id,
        e1_0.enrollment_date,
        e1_0.semester,
        e1_0.enrollment_status,
        e1_0.student_id 
    from
        enrollments e1_0 
    where
        e1_0.student_id=?
2026-03-16T11:32:09.015+05:30 DEBUG 14216 --- [course-service] [http-nio-8082-exec-5] org.hibernate.SQL                        : 
    select
        e1_0.enrollment_id,
        e1_0.course_id,
        e1_0.enrollment_date,
        e1_0.semester,
        e1_0.enrollment_status,
        e1_0.student_id 
    from
        enrollments e1_0 
    where
        e1_0.student_id=?
2026-03-16T11:32:10.487+05:30 DEBUG 14216 --- [course-service] [http-nio-8082-exec-6] org.hibernate.SQL                        : 
    select
        e1_0.enrollment_id,
        e1_0.course_id,
        e1_0.enrollment_date,
        e1_0.semester,
        e1_0.enrollment_status,
        e1_0.student_id 
    from
        enrollments e1_0 
    where
        e1_0.student_id=?
2026-03-16T11:32:10.502+05:30 DEBUG 14216 --- [course-service] [http-nio-8082-exec-8] org.hibernate.SQL                        : 
    select
        e1_0.enrollment_id,
        e1_0.course_id,
        e1_0.enrollment_date,
        e1_0.semester,
        e1_0.enrollment_status,
        e1_0.student_id 
    from
        enrollments e1_0 
    where
        e1_0.student_id=?
2026-03-16T11:32:11.793+05:30 DEBUG 14216 --- [course-service] [http-nio-8082-exec-7] org.hibernate.SQL                        : 
    select
        c1_0.course_id,
        c1_0.course_code,
        c1_0.course_name,
        c1_0.created_at,
        c1_0.credits,
        c1_0.description,
        c1_0.is_active,
        c1_0.is_indexed,
        c1_0.max_students,
        c1_0.semester,
        c1_0.teacher_id,
        c1_0.updated_at,
        c1_0.year 
    from
        courses c1_0
2026-03-16T11:32:11.813+05:30 DEBUG 14216 --- [course-service] [http-nio-8082-exec-9] org.hibernate.SQL                        : 
    select
        c1_0.course_id,
        c1_0.course_code,
        c1_0.course_name,
        c1_0.created_at,
        c1_0.credits,
        c1_0.description,
        c1_0.is_active,
        c1_0.is_indexed,
        c1_0.max_students,
        c1_0.semester,
        c1_0.teacher_id,
        c1_0.updated_at,
        c1_0.year 
    from
        courses c1_0
2026-03-16T11:32:11.813+05:30 DEBUG 14216 --- [course-service] [http-nio-8082-exec-10] org.hibernate.SQL                        : 
    select
        e1_0.enrollment_id,
        e1_0.course_id,
        e1_0.enrollment_date,
        e1_0.semester,
        e1_0.enrollment_status,
        e1_0.student_id 
    from
        enrollments e1_0 
    where
        e1_0.student_id=?
2026-03-16T11:32:11.863+05:30 DEBUG 14216 --- [course-service] [http-nio-8082-exec-2] org.hibernate.SQL                        : 
    select
        e1_0.enrollment_id,
        e1_0.course_id,
        e1_0.enrollment_date,
        e1_0.semester,
        e1_0.enrollment_status,
        e1_0.student_id 
    from
        enrollments e1_0 
    where
        e1_0.student_id=?
2026-03-16T11:32:21.376+05:30 DEBUG 14216 --- [course-service] [http-nio-8082-exec-1] org.hibernate.SQL                        : 
    select
        e1_0.enrollment_id,
        e1_0.course_id,
        e1_0.enrollment_date,
        e1_0.semester,
        e1_0.enrollment_status,
        e1_0.student_id 
    from
        enrollments e1_0 
    where
        e1_0.student_id=?
2026-03-16T11:32:21.393+05:30 DEBUG 14216 --- [course-service] [http-nio-8082-exec-3] org.hibernate.SQL                        : 
    select
        e1_0.enrollment_id,
        e1_0.course_id,
        e1_0.enrollment_date,
        e1_0.semester,
        e1_0.enrollment_status,
        e1_0.student_id 
    from
        enrollments e1_0 
    where
        e1_0.student_id=?
2026-03-16T11:32:22.531+05:30 DEBUG 14216 --- [course-service] [http-nio-8082-exec-4] org.hibernate.SQL                        : 
    select
        e1_0.enrollment_id,
        e1_0.course_id,
        e1_0.enrollment_date,
        e1_0.semester,
        e1_0.enrollment_status,
        e1_0.student_id 
    from
        enrollments e1_0 
    where
        e1_0.student_id=?
2026-03-16T11:32:22.552+05:30 DEBUG 14216 --- [course-service] [http-nio-8082-exec-5] org.hibernate.SQL                        : 
    select
        e1_0.enrollment_id,
        e1_0.course_id,
        e1_0.enrollment_date,
        e1_0.semester,
        e1_0.enrollment_status,
        e1_0.student_id 
    from
        enrollments e1_0 
    where
        e1_0.student_id=?
2026-03-16T11:32:23.941+05:30 DEBUG 14216 --- [course-service] [http-nio-8082-exec-6] org.hibernate.SQL                        : 
    select
        e1_0.enrollment_id,
        e1_0.course_id,
        e1_0.enrollment_date,
        e1_0.semester,
        e1_0.enrollment_status,
        e1_0.student_id 
    from
        enrollments e1_0 
    where
        e1_0.student_id=?
2026-03-16T11:32:23.955+05:30 DEBUG 14216 --- [course-service] [http-nio-8082-exec-8] org.hibernate.SQL                        : 
    select
        e1_0.enrollment_id,
        e1_0.course_id,
        e1_0.enrollment_date,
        e1_0.semester,
        e1_0.enrollment_status,
        e1_0.student_id 
    from
        enrollments e1_0 
    where
        e1_0.student_id=?
2026-03-16T11:32:40.820+05:30 DEBUG 14216 --- [course-service] [http-nio-8082-exec-7] org.hibernate.SQL                        : 
    select
        c1_0.course_id,
        c1_0.course_code,
        c1_0.course_name,
        c1_0.created_at,
        c1_0.credits,
        c1_0.description,
        c1_0.is_active,
        c1_0.is_indexed,
        c1_0.max_students,
        c1_0.semester,
        c1_0.teacher_id,
        c1_0.updated_at,
        c1_0.year 
    from
        courses c1_0
2026-03-16T11:32:40.844+05:30 DEBUG 14216 --- [course-service] [http-nio-8082-exec-10] org.hibernate.SQL                        : 
    select
        c1_0.course_id,
        c1_0.course_code,
        c1_0.course_name,
        c1_0.created_at,
        c1_0.credits,
        c1_0.description,
        c1_0.is_active,
        c1_0.is_indexed,
        c1_0.max_students,
        c1_0.semester,
        c1_0.teacher_id,
        c1_0.updated_at,
        c1_0.year 
    from
        courses c1_0
2026-03-16T11:33:02.568+05:30 DEBUG 14216 --- [course-service] [http-nio-8082-exec-9] org.hibernate.SQL                        : 
    select
        e1_0.enrollment_id,
        e1_0.course_id,
        e1_0.enrollment_date,
        e1_0.semester,
        e1_0.enrollment_status,
        e1_0.student_id 
    from
        enrollments e1_0 
    where
        e1_0.course_id=? 
        and e1_0.enrollment_status=?
2026-03-16T11:33:21.245+05:30 DEBUG 14216 --- [course-service] [http-nio-8082-exec-2] org.hibernate.SQL                        : 
    select
        e1_0.enrollment_id,
        e1_0.course_id,
        e1_0.enrollment_date,
        e1_0.semester,
        e1_0.enrollment_status,
        e1_0.student_id 
    from
        enrollments e1_0 
    where
        e1_0.student_id=?
2026-03-16T11:33:21.285+05:30 DEBUG 14216 --- [course-service] [http-nio-8082-exec-1] org.hibernate.SQL                        : 
    select
        e1_0.enrollment_id,
        e1_0.course_id,
        e1_0.enrollment_date,
        e1_0.semester,
        e1_0.enrollment_status,
        e1_0.student_id 
    from
        enrollments e1_0 
    where
        e1_0.student_id=?
2026-03-16T11:33:23.174+05:30 DEBUG 14216 --- [course-service] [http-nio-8082-exec-3] org.hibernate.SQL                        : 
    select
        c1_0.course_id,
        c1_0.course_code,
        c1_0.course_name,
        c1_0.created_at,
        c1_0.credits,
        c1_0.description,
        c1_0.is_active,
        c1_0.is_indexed,
        c1_0.max_students,
        c1_0.semester,
        c1_0.teacher_id,
        c1_0.updated_at,
        c1_0.year 
    from
        courses c1_0
2026-03-16T11:33:23.193+05:30 DEBUG 14216 --- [course-service] [http-nio-8082-exec-4] org.hibernate.SQL                        : 
    select
        c1_0.course_id,
        c1_0.course_code,
        c1_0.course_name,
        c1_0.created_at,
        c1_0.credits,
        c1_0.description,
        c1_0.is_active,
        c1_0.is_indexed,
        c1_0.max_students,
        c1_0.semester,
        c1_0.teacher_id,
        c1_0.updated_at,
        c1_0.year 
    from
        courses c1_0
2026-03-16T11:33:23.195+05:30 DEBUG 14216 --- [course-service] [http-nio-8082-exec-5] org.hibernate.SQL                        : 
    select
        e1_0.enrollment_id,
        e1_0.course_id,
        e1_0.enrollment_date,
        e1_0.semester,
        e1_0.enrollment_status,
        e1_0.student_id 
    from
        enrollments e1_0 
    where
        e1_0.student_id=?
2026-03-16T11:33:23.233+05:30 DEBUG 14216 --- [course-service] [http-nio-8082-exec-6] org.hibernate.SQL                        : 
    select
        e1_0.enrollment_id,
        e1_0.course_id,
        e1_0.enrollment_date,
        e1_0.semester,
        e1_0.enrollment_status,
        e1_0.student_id 
    from
        enrollments e1_0 
    where
        e1_0.student_id=?
2026-03-16T11:33:26.627+05:30 DEBUG 14216 --- [course-service] [http-nio-8082-exec-8] org.hibernate.SQL                        : 
    select
        c1_0.course_id,
        c1_0.course_code,
        c1_0.course_name,
        c1_0.created_at,
        c1_0.credits,
        c1_0.description,
        c1_0.is_active,
        c1_0.is_indexed,
        c1_0.max_students,
        c1_0.semester,
        c1_0.teacher_id,
        c1_0.updated_at,
        c1_0.year 
    from
        courses c1_0 
    where
        c1_0.course_id=?
2026-03-16T11:33:26.645+05:30 DEBUG 14216 --- [course-service] [http-nio-8082-exec-8] org.hibernate.SQL                        : 
    select
        e1_0.enrollment_id,
        e1_0.course_id,
        e1_0.enrollment_date,
        e1_0.semester,
        e1_0.enrollment_status,
        e1_0.student_id 
    from
        enrollments e1_0 
    where
        e1_0.student_id=? 
        and e1_0.course_id=?
2026-03-16T11:33:26.674+05:30 DEBUG 14216 --- [course-service] [http-nio-8082-exec-8] org.hibernate.SQL                        : 
    select
        count(e1_0.enrollment_id) 
    from
        enrollments e1_0 
    where
        e1_0.student_id=? 
        and e1_0.enrollment_status=?
2026-03-16T11:33:26.677+05:30 DEBUG 14216 --- [course-service] [http-nio-8082-exec-8] org.hibernate.SQL                        : 
    select
        count(e1_0.enrollment_id) 
    from
        enrollments e1_0 
    where
        e1_0.course_id=? 
        and e1_0.enrollment_status=?
2026-03-16T11:33:26.704+05:30 DEBUG 14216 --- [course-service] [http-nio-8082-exec-8] org.hibernate.SQL                        : 
    insert 
    into
        enrollments
        (course_id, enrollment_date, semester, enrollment_status, student_id) 
    values
        (?, ?, ?, ?, ?)
2026-03-16T11:33:29.060+05:30 DEBUG 14216 --- [course-service] [http-nio-8082-exec-7] org.hibernate.SQL                        : 
    select
        c1_0.course_id,
        c1_0.course_code,
        c1_0.course_name,
        c1_0.created_at,
        c1_0.credits,
        c1_0.description,
        c1_0.is_active,
        c1_0.is_indexed,
        c1_0.max_students,
        c1_0.semester,
        c1_0.teacher_id,
        c1_0.updated_at,
        c1_0.year 
    from
        courses c1_0
2026-03-16T11:33:29.079+05:30 DEBUG 14216 --- [course-service] [http-nio-8082-exec-10] org.hibernate.SQL                        : 
    select
        e1_0.enrollment_id,
        e1_0.course_id,
        e1_0.enrollment_date,
        e1_0.semester,
        e1_0.enrollment_status,
        e1_0.student_id 
    from
        enrollments e1_0 
    where
        e1_0.student_id=?
2026-03-16T11:33:29.082+05:30 DEBUG 14216 --- [course-service] [http-nio-8082-exec-10] org.hibernate.SQL                        : 
    select
        c1_0.course_id,
        c1_0.course_code,
        c1_0.course_name,
        c1_0.created_at,
        c1_0.credits,
        c1_0.description,
        c1_0.is_active,
        c1_0.is_indexed,
        c1_0.max_students,
        c1_0.semester,
        c1_0.teacher_id,
        c1_0.updated_at,
        c1_0.year 
    from
        courses c1_0 
    where
        c1_0.course_id=?
2026-03-16T11:33:31.079+05:30 DEBUG 14216 --- [course-service] [http-nio-8082-exec-9] org.hibernate.SQL                        : 
    select
        e1_0.enrollment_id,
        e1_0.course_id,
        e1_0.enrollment_date,
        e1_0.semester,
        e1_0.enrollment_status,
        e1_0.student_id 
    from
        enrollments e1_0 
    where
        e1_0.student_id=?
2026-03-16T11:33:31.097+05:30 DEBUG 14216 --- [course-service] [http-nio-8082-exec-2] org.hibernate.SQL                        : 
    select
        e1_0.enrollment_id,
        e1_0.course_id,
        e1_0.enrollment_date,
        e1_0.semester,
        e1_0.enrollment_status,
        e1_0.student_id 
    from
        enrollments e1_0 
    where
        e1_0.student_id=?
2026-03-16T11:34:04.646+05:30 DEBUG 14216 --- [course-service] [http-nio-8082-exec-1] org.hibernate.SQL                        : 
    select
        e1_0.enrollment_id,
        e1_0.course_id,
        e1_0.enrollment_date,
        e1_0.semester,
        e1_0.enrollment_status,
        e1_0.student_id 
    from
        enrollments e1_0 
    where
        e1_0.student_id=?
2026-03-16T11:34:04.651+05:30 DEBUG 14216 --- [course-service] [http-nio-8082-exec-1] org.hibernate.SQL                        : 
    select
        c1_0.course_id,
        c1_0.course_code,
        c1_0.course_name,
        c1_0.created_at,
        c1_0.credits,
        c1_0.description,
        c1_0.is_active,
        c1_0.is_indexed,
        c1_0.max_students,
        c1_0.semester,
        c1_0.teacher_id,
        c1_0.updated_at,
        c1_0.year 
    from
        courses c1_0 
    where
        c1_0.course_id=?
2026-03-16T11:34:04.673+05:30 DEBUG 14216 --- [course-service] [http-nio-8082-exec-3] org.hibernate.SQL                        : 
    select
        e1_0.enrollment_id,
        e1_0.course_id,
        e1_0.enrollment_date,
        e1_0.semester,
        e1_0.enrollment_status,
        e1_0.student_id 
    from
        enrollments e1_0 
    where
        e1_0.student_id=?
2026-03-16T11:34:04.677+05:30 DEBUG 14216 --- [course-service] [http-nio-8082-exec-3] org.hibernate.SQL                        : 
    select
        c1_0.course_id,
        c1_0.course_code,
        c1_0.course_name,
        c1_0.created_at,
        c1_0.credits,
        c1_0.description,
        c1_0.is_active,
        c1_0.is_indexed,
        c1_0.max_students,
        c1_0.semester,
        c1_0.teacher_id,
        c1_0.updated_at,
        c1_0.year 
    from
        courses c1_0 
    where
        c1_0.course_id=?
2026-03-16T11:34:14.002+05:30 DEBUG 14216 --- [course-service] [http-nio-8082-exec-5] org.hibernate.SQL                        : 
    select
        e1_0.enrollment_id,
        e1_0.course_id,
        e1_0.enrollment_date,
        e1_0.semester,
        e1_0.enrollment_status,
        e1_0.student_id 
    from
        enrollments e1_0 
    where
        e1_0.student_id=?
2026-03-16T11:34:14.019+05:30 DEBUG 14216 --- [course-service] [http-nio-8082-exec-4] org.hibernate.SQL                        : 
    select
        e1_0.enrollment_id,
        e1_0.course_id,
        e1_0.enrollment_date,
        e1_0.semester,
        e1_0.enrollment_status,
        e1_0.student_id 
    from
        enrollments e1_0 
    where
        e1_0.student_id=?
2026-03-16T11:34:15.050+05:30 DEBUG 14216 --- [course-service] [http-nio-8082-exec-6] org.hibernate.SQL                        : 
    select
        e1_0.enrollment_id,
        e1_0.course_id,
        e1_0.enrollment_date,
        e1_0.semester,
        e1_0.enrollment_status,
        e1_0.student_id 
    from
        enrollments e1_0 
    where
        e1_0.student_id=?
2026-03-16T11:34:15.059+05:30 DEBUG 14216 --- [course-service] [http-nio-8082-exec-6] org.hibernate.SQL                        : 
    select
        c1_0.course_id,
        c1_0.course_code,
        c1_0.course_name,
        c1_0.created_at,
        c1_0.credits,
        c1_0.description,
        c1_0.is_active,
        c1_0.is_indexed,
        c1_0.max_students,
        c1_0.semester,
        c1_0.teacher_id,
        c1_0.updated_at,
        c1_0.year 
    from
        courses c1_0 
    where
        c1_0.course_id=?
2026-03-16T11:34:15.079+05:30 DEBUG 14216 --- [course-service] [http-nio-8082-exec-8] org.hibernate.SQL                        : 
    select
        e1_0.enrollment_id,
        e1_0.course_id,
        e1_0.enrollment_date,
        e1_0.semester,
        e1_0.enrollment_status,
        e1_0.student_id 
    from
        enrollments e1_0 
    where
        e1_0.student_id=?
2026-03-16T11:34:15.085+05:30 DEBUG 14216 --- [course-service] [http-nio-8082-exec-8] org.hibernate.SQL                        : 
    select
        c1_0.course_id,
        c1_0.course_code,
        c1_0.course_name,
        c1_0.created_at,
        c1_0.credits,
        c1_0.description,
        c1_0.is_active,
        c1_0.is_indexed,
        c1_0.max_students,
        c1_0.semester,
        c1_0.teacher_id,
        c1_0.updated_at,
        c1_0.year 
    from
        courses c1_0 
    where
        c1_0.course_id=?
2026-03-16T11:34:16.708+05:30 DEBUG 14216 --- [course-service] [http-nio-8082-exec-7] org.hibernate.SQL                        : 
    select
        e1_0.enrollment_id,
        e1_0.course_id,
        e1_0.enrollment_date,
        e1_0.semester,
        e1_0.enrollment_status,
        e1_0.student_id 
    from
        enrollments e1_0 
    where
        e1_0.student_id=?
2026-03-16T11:34:16.726+05:30 DEBUG 14216 --- [course-service] [http-nio-8082-exec-10] org.hibernate.SQL                        : 
    select
        e1_0.enrollment_id,
        e1_0.course_id,
        e1_0.enrollment_date,
        e1_0.semester,
        e1_0.enrollment_status,
        e1_0.student_id 
    from
        enrollments e1_0 
    where
        e1_0.student_id=?
2026-03-16T11:34:24.806+05:30 DEBUG 14216 --- [course-service] [http-nio-8082-exec-9] org.hibernate.SQL                        : 
    select
        e1_0.enrollment_id,
        e1_0.course_id,
        e1_0.enrollment_date,
        e1_0.semester,
        e1_0.enrollment_status,
        e1_0.student_id 
    from
        enrollments e1_0 
    where
        e1_0.student_id=?
2026-03-16T11:34:24.814+05:30 DEBUG 14216 --- [course-service] [http-nio-8082-exec-9] org.hibernate.SQL                        : 
    select
        c1_0.course_id,
        c1_0.course_code,
        c1_0.course_name,
        c1_0.created_at,
        c1_0.credits,
        c1_0.description,
        c1_0.is_active,
        c1_0.is_indexed,
        c1_0.max_students,
        c1_0.semester,
        c1_0.teacher_id,
        c1_0.updated_at,
        c1_0.year 
    from
        courses c1_0 
    where
        c1_0.course_id=?
2026-03-16T11:34:24.829+05:30 DEBUG 14216 --- [course-service] [http-nio-8082-exec-2] org.hibernate.SQL                        : 
    select
        e1_0.enrollment_id,
        e1_0.course_id,
        e1_0.enrollment_date,
        e1_0.semester,
        e1_0.enrollment_status,
        e1_0.student_id 
    from
        enrollments e1_0 
    where
        e1_0.student_id=?
2026-03-16T11:34:24.832+05:30 DEBUG 14216 --- [course-service] [http-nio-8082-exec-2] org.hibernate.SQL                        : 
    select
        c1_0.course_id,
        c1_0.course_code,
        c1_0.course_name,
        c1_0.created_at,
        c1_0.credits,
        c1_0.description,
        c1_0.is_active,
        c1_0.is_indexed,
        c1_0.max_students,
        c1_0.semester,
        c1_0.teacher_id,
        c1_0.updated_at,
        c1_0.year 
    from
        courses c1_0 
    where
        c1_0.course_id=?
2026-03-16T11:35:48.270+05:30  INFO 14216 --- [course-service] [AsyncResolver-bootstrap-executor-0] c.n.d.s.r.aws.ConfigClusterResolver      : Resolving eureka endpoints via configuration
2026-03-16T11:36:00.086+05:30 DEBUG 14216 --- [course-service] [http-nio-8082-exec-5] org.hibernate.SQL                        : 
    select
        c1_0.course_id,
        c1_0.course_code,
        c1_0.course_name,
        c1_0.created_at,
        c1_0.credits,
        c1_0.description,
        c1_0.is_active,
        c1_0.is_indexed,
        c1_0.max_students,
        c1_0.semester,
        c1_0.teacher_id,
        c1_0.updated_at,
        c1_0.year 
    from
        courses c1_0
2026-03-16T11:36:00.125+05:30 DEBUG 14216 --- [course-service] [http-nio-8082-exec-4] org.hibernate.SQL                        : 
    select
        c1_0.course_id,
        c1_0.course_code,
        c1_0.course_name,
        c1_0.created_at,
        c1_0.credits,
        c1_0.description,
        c1_0.is_active,
        c1_0.is_indexed,
        c1_0.max_students,
        c1_0.semester,
        c1_0.teacher_id,
        c1_0.updated_at,
        c1_0.year 
    from
        courses c1_0
2026-03-16T11:36:11.345+05:30 DEBUG 14216 --- [course-service] [http-nio-8082-exec-6] org.hibernate.SQL                        : 
    select
        e1_0.enrollment_id,
        e1_0.course_id,
        e1_0.enrollment_date,
        e1_0.semester,
        e1_0.enrollment_status,
        e1_0.student_id 
    from
        enrollments e1_0 
    where
        e1_0.course_id=? 
        and e1_0.enrollment_status=?
2026-03-16T11:40:48.286+05:30  INFO 14216 --- [course-service] [AsyncResolver-bootstrap-executor-0] c.n.d.s.r.aws.ConfigClusterResolver      : Resolving eureka endpoints via configuration
2026-03-16T11:45:48.305+05:30  INFO 14216 --- [course-service] [AsyncResolver-bootstrap-executor-0] c.n.d.s.r.aws.ConfigClusterResolver      : Resolving eureka endpoints via configuration
2026-03-16T11:50:29.512+05:30 DEBUG 14216 --- [course-service] [http-nio-8082-exec-7] org.hibernate.SQL                        : 
    select
        c1_0.course_id,
        c1_0.course_code,
        c1_0.course_name,
        c1_0.created_at,
        c1_0.credits,
        c1_0.description,
        c1_0.is_active,
        c1_0.is_indexed,
        c1_0.max_students,
        c1_0.semester,
        c1_0.teacher_id,
        c1_0.updated_at,
        c1_0.year 
    from
        courses c1_0 
    where
        c1_0.teacher_id=?
2026-03-16T11:50:29.545+05:30 DEBUG 14216 --- [course-service] [http-nio-8082-exec-10] org.hibernate.SQL                        : 
    select
        c1_0.course_id,
        c1_0.course_code,
        c1_0.course_name,
        c1_0.created_at,
        c1_0.credits,
        c1_0.description,
        c1_0.is_active,
        c1_0.is_indexed,
        c1_0.max_students,
        c1_0.semester,
        c1_0.teacher_id,
        c1_0.updated_at,
        c1_0.year 
    from
        courses c1_0 
    where
        c1_0.teacher_id=?
2026-03-16T11:50:29.587+05:30 DEBUG 14216 --- [course-service] [http-nio-8082-exec-9] org.hibernate.SQL                        : 
    select
        c1_0.course_id,
        c1_0.course_code,
        c1_0.course_name,
        c1_0.created_at,
        c1_0.credits,
        c1_0.description,
        c1_0.is_active,
        c1_0.is_indexed,
        c1_0.max_students,
        c1_0.semester,
        c1_0.teacher_id,
        c1_0.updated_at,
        c1_0.year 
    from
        courses c1_0 
    where
        c1_0.teacher_id=?
2026-03-16T11:50:29.680+05:30 DEBUG 14216 --- [course-service] [http-nio-8082-exec-2] org.hibernate.SQL                        : 
    select
        e1_0.enrollment_id,
        e1_0.course_id,
        e1_0.enrollment_date,
        e1_0.semester,
        e1_0.enrollment_status,
        e1_0.student_id 
    from
        enrollments e1_0 
    where
        e1_0.course_id=? 
        and e1_0.enrollment_status=?
2026-03-16T11:50:48.312+05:30  INFO 14216 --- [course-service] [AsyncResolver-bootstrap-executor-0] c.n.d.s.r.aws.ConfigClusterResolver      : Resolving eureka endpoints via configuration
2026-03-16T11:51:02.338+05:30 DEBUG 14216 --- [course-service] [http-nio-8082-exec-1] org.hibernate.SQL                        : 
    select
        c1_0.course_id,
        c1_0.course_code,
        c1_0.course_name,
        c1_0.created_at,
        c1_0.credits,
        c1_0.description,
        c1_0.is_active,
        c1_0.is_indexed,
        c1_0.max_students,
        c1_0.semester,
        c1_0.teacher_id,
        c1_0.updated_at,
        c1_0.year 
    from
        courses c1_0 
    where
        c1_0.teacher_id=?
2026-03-16T11:51:02.368+05:30 DEBUG 14216 --- [course-service] [http-nio-8082-exec-3] org.hibernate.SQL                        : 
    select
        c1_0.course_id,
        c1_0.course_code,
        c1_0.course_name,
        c1_0.created_at,
        c1_0.credits,
        c1_0.description,
        c1_0.is_active,
        c1_0.is_indexed,
        c1_0.max_students,
        c1_0.semester,
        c1_0.teacher_id,
        c1_0.updated_at,
        c1_0.year 
    from
        courses c1_0 
    where
        c1_0.teacher_id=?
2026-03-16T11:51:02.414+05:30 DEBUG 14216 --- [course-service] [http-nio-8082-exec-5] org.hibernate.SQL                        : 
    select
        c1_0.course_id,
        c1_0.course_code,
        c1_0.course_name,
        c1_0.created_at,
        c1_0.credits,
        c1_0.description,
        c1_0.is_active,
        c1_0.is_indexed,
        c1_0.max_students,
        c1_0.semester,
        c1_0.teacher_id,
        c1_0.updated_at,
        c1_0.year 
    from
        courses c1_0 
    where
        c1_0.teacher_id=?
2026-03-16T11:51:26.582+05:30 DEBUG 14216 --- [course-service] [http-nio-8082-exec-4] org.hibernate.SQL                        : 
    select
        e1_0.enrollment_id,
        e1_0.course_id,
        e1_0.enrollment_date,
        e1_0.semester,
        e1_0.enrollment_status,
        e1_0.student_id 
    from
        enrollments e1_0 
    where
        e1_0.student_id=?
2026-03-16T11:51:26.588+05:30 DEBUG 14216 --- [course-service] [http-nio-8082-exec-4] org.hibernate.SQL                        : 
    select
        c1_0.course_id,
        c1_0.course_code,
        c1_0.course_name,
        c1_0.created_at,
        c1_0.credits,
        c1_0.description,
        c1_0.is_active,
        c1_0.is_indexed,
        c1_0.max_students,
        c1_0.semester,
        c1_0.teacher_id,
        c1_0.updated_at,
        c1_0.year 
    from
        courses c1_0 
    where
        c1_0.course_id=?
2026-03-16T11:51:26.614+05:30 DEBUG 14216 --- [course-service] [http-nio-8082-exec-6] org.hibernate.SQL                        : 
    select
        e1_0.enrollment_id,
        e1_0.course_id,
        e1_0.enrollment_date,
        e1_0.semester,
        e1_0.enrollment_status,
        e1_0.student_id 
    from
        enrollments e1_0 
    where
        e1_0.student_id=?
2026-03-16T11:51:26.616+05:30 DEBUG 14216 --- [course-service] [http-nio-8082-exec-6] org.hibernate.SQL                        : 
    select
        c1_0.course_id,
        c1_0.course_code,
        c1_0.course_name,
        c1_0.created_at,
        c1_0.credits,
        c1_0.description,
        c1_0.is_active,
        c1_0.is_indexed,
        c1_0.max_students,
        c1_0.semester,
        c1_0.teacher_id,
        c1_0.updated_at,
        c1_0.year 
    from
        courses c1_0 
    where
        c1_0.course_id=?
2026-03-16T11:51:29.768+05:30 DEBUG 14216 --- [course-service] [http-nio-8082-exec-8] org.hibernate.SQL                        : 
    select
        e1_0.enrollment_id,
        e1_0.course_id,
        e1_0.enrollment_date,
        e1_0.semester,
        e1_0.enrollment_status,
        e1_0.student_id 
    from
        enrollments e1_0 
    where
        e1_0.student_id=?
2026-03-16T11:51:29.791+05:30 DEBUG 14216 --- [course-service] [http-nio-8082-exec-7] org.hibernate.SQL                        : 
    select
        e1_0.enrollment_id,
        e1_0.course_id,
        e1_0.enrollment_date,
        e1_0.semester,
        e1_0.enrollment_status,
        e1_0.student_id 
    from
        enrollments e1_0 
    where
        e1_0.student_id=?
2026-03-16T11:53:36.206+05:30 DEBUG 14216 --- [course-service] [http-nio-8082-exec-9] org.hibernate.SQL                        : 
    select
        e1_0.enrollment_id,
        e1_0.course_id,
        e1_0.enrollment_date,
        e1_0.semester,
        e1_0.enrollment_status,
        e1_0.student_id 
    from
        enrollments e1_0 
    where
        e1_0.student_id=?
2026-03-16T11:53:36.209+05:30 DEBUG 14216 --- [course-service] [http-nio-8082-exec-9] org.hibernate.SQL                        : 
    select
        c1_0.course_id,
        c1_0.course_code,
        c1_0.course_name,
        c1_0.created_at,
        c1_0.credits,
        c1_0.description,
        c1_0.is_active,
        c1_0.is_indexed,
        c1_0.max_students,
        c1_0.semester,
        c1_0.teacher_id,
        c1_0.updated_at,
        c1_0.year 
    from
        courses c1_0 
    where
        c1_0.course_id=?
2026-03-16T11:53:36.224+05:30 DEBUG 14216 --- [course-service] [http-nio-8082-exec-2] org.hibernate.SQL                        : 
    select
        e1_0.enrollment_id,
        e1_0.course_id,
        e1_0.enrollment_date,
        e1_0.semester,
        e1_0.enrollment_status,
        e1_0.student_id 
    from
        enrollments e1_0 
    where
        e1_0.student_id=?
2026-03-16T11:53:36.234+05:30 DEBUG 14216 --- [course-service] [http-nio-8082-exec-2] org.hibernate.SQL                        : 
    select
        c1_0.course_id,
        c1_0.course_code,
        c1_0.course_name,
        c1_0.created_at,
        c1_0.credits,
        c1_0.description,
        c1_0.is_active,
        c1_0.is_indexed,
        c1_0.max_students,
        c1_0.semester,
        c1_0.teacher_id,
        c1_0.updated_at,
        c1_0.year 
    from
        courses c1_0 
    where
        c1_0.course_id=?
2026-03-16T11:53:41.519+05:30 DEBUG 14216 --- [course-service] [http-nio-8082-exec-1] org.hibernate.SQL                        : 
    select
        c1_0.course_id,
        c1_0.course_code,
        c1_0.course_name,
        c1_0.created_at,
        c1_0.credits,
        c1_0.description,
        c1_0.is_active,
        c1_0.is_indexed,
        c1_0.max_students,
        c1_0.semester,
        c1_0.teacher_id,
        c1_0.updated_at,
        c1_0.year 
    from
        courses c1_0
2026-03-16T11:53:41.539+05:30 DEBUG 14216 --- [course-service] [http-nio-8082-exec-3] org.hibernate.SQL                        : 
    select
        c1_0.course_id,
        c1_0.course_code,
        c1_0.course_name,
        c1_0.created_at,
        c1_0.credits,
        c1_0.description,
        c1_0.is_active,
        c1_0.is_indexed,
        c1_0.max_students,
        c1_0.semester,
        c1_0.teacher_id,
        c1_0.updated_at,
        c1_0.year 
    from
        courses c1_0
2026-03-16T11:53:41.553+05:30 DEBUG 14216 --- [course-service] [http-nio-8082-exec-5] org.hibernate.SQL                        : 
    select
        e1_0.enrollment_id,
        e1_0.course_id,
        e1_0.enrollment_date,
        e1_0.semester,
        e1_0.enrollment_status,
        e1_0.student_id 
    from
        enrollments e1_0 
    where
        e1_0.student_id=?
2026-03-16T11:53:41.559+05:30 DEBUG 14216 --- [course-service] [http-nio-8082-exec-5] org.hibernate.SQL                        : 
    select
        c1_0.course_id,
        c1_0.course_code,
        c1_0.course_name,
        c1_0.created_at,
        c1_0.credits,
        c1_0.description,
        c1_0.is_active,
        c1_0.is_indexed,
        c1_0.max_students,
        c1_0.semester,
        c1_0.teacher_id,
        c1_0.updated_at,
        c1_0.year 
    from
        courses c1_0 
    where
        c1_0.course_id=?
2026-03-16T11:53:41.575+05:30 DEBUG 14216 --- [course-service] [http-nio-8082-exec-4] org.hibernate.SQL                        : 
    select
        e1_0.enrollment_id,
        e1_0.course_id,
        e1_0.enrollment_date,
        e1_0.semester,
        e1_0.enrollment_status,
        e1_0.student_id 
    from
        enrollments e1_0 
    where
        e1_0.student_id=?
2026-03-16T11:53:41.584+05:30 DEBUG 14216 --- [course-service] [http-nio-8082-exec-4] org.hibernate.SQL                        : 
    select
        c1_0.course_id,
        c1_0.course_code,
        c1_0.course_name,
        c1_0.created_at,
        c1_0.credits,
        c1_0.description,
        c1_0.is_active,
        c1_0.is_indexed,
        c1_0.max_students,
        c1_0.semester,
        c1_0.teacher_id,
        c1_0.updated_at,
        c1_0.year 
    from
        courses c1_0 
    where
        c1_0.course_id=?
2026-03-16T11:53:42.411+05:30 DEBUG 14216 --- [course-service] [http-nio-8082-exec-6] org.hibernate.SQL                        : 
    select
        e1_0.enrollment_id,
        e1_0.course_id,
        e1_0.enrollment_date,
        e1_0.semester,
        e1_0.enrollment_status,
        e1_0.student_id 
    from
        enrollments e1_0 
    where
        e1_0.student_id=?
2026-03-16T11:53:42.425+05:30 DEBUG 14216 --- [course-service] [http-nio-8082-exec-8] org.hibernate.SQL                        : 
    select
        e1_0.enrollment_id,
        e1_0.course_id,
        e1_0.enrollment_date,
        e1_0.semester,
        e1_0.enrollment_status,
        e1_0.student_id 
    from
        enrollments e1_0 
    where
        e1_0.student_id=?
2026-03-16T11:55:48.329+05:30  INFO 14216 --- [course-service] [AsyncResolver-bootstrap-executor-0] c.n.d.s.r.aws.ConfigClusterResolver      : Resolving eureka endpoints via configuration
2026-03-16T12:00:48.343+05:30  INFO 14216 --- [course-service] [AsyncResolver-bootstrap-executor-0] c.n.d.s.r.aws.ConfigClusterResolver      : Resolving eureka endpoints via configuration
2026-03-16T12:05:48.363+05:30  INFO 14216 --- [course-service] [AsyncResolver-bootstrap-executor-0] c.n.d.s.r.aws.ConfigClusterResolver      : Resolving eureka endpoints via configuration
2026-03-16T12:10:33.081+05:30 DEBUG 14216 --- [course-service] [http-nio-8082-exec-9] org.hibernate.SQL                        : 
    select
        c1_0.course_id,
        c1_0.course_code,
        c1_0.course_name,
        c1_0.created_at,
        c1_0.credits,
        c1_0.description,
        c1_0.is_active,
        c1_0.is_indexed,
        c1_0.max_students,
        c1_0.semester,
        c1_0.teacher_id,
        c1_0.updated_at,
        c1_0.year 
    from
        courses c1_0 
    where
        c1_0.teacher_id=?
2026-03-16T12:10:33.111+05:30 DEBUG 14216 --- [course-service] [http-nio-8082-exec-2] org.hibernate.SQL                        : 
    select
        c1_0.course_id,
        c1_0.course_code,
        c1_0.course_name,
        c1_0.created_at,
        c1_0.credits,
        c1_0.description,
        c1_0.is_active,
        c1_0.is_indexed,
        c1_0.max_students,
        c1_0.semester,
        c1_0.teacher_id,
        c1_0.updated_at,
        c1_0.year 
    from
        courses c1_0 
    where
        c1_0.teacher_id=?
2026-03-16T12:10:33.265+05:30 DEBUG 14216 --- [course-service] [http-nio-8082-exec-1] org.hibernate.SQL                        : 
    select
        c1_0.course_id,
        c1_0.course_code,
        c1_0.course_name,
        c1_0.created_at,
        c1_0.credits,
        c1_0.description,
        c1_0.is_active,
        c1_0.is_indexed,
        c1_0.max_students,
        c1_0.semester,
        c1_0.teacher_id,
        c1_0.updated_at,
        c1_0.year 
    from
        courses c1_0 
    where
        c1_0.teacher_id=?
2026-03-16T12:10:33.408+05:30 DEBUG 14216 --- [course-service] [http-nio-8082-exec-3] org.hibernate.SQL                        : 
    select
        e1_0.enrollment_id,
        e1_0.course_id,
        e1_0.enrollment_date,
        e1_0.semester,
        e1_0.enrollment_status,
        e1_0.student_id 
    from
        enrollments e1_0 
    where
        e1_0.course_id=? 
        and e1_0.enrollment_status=?
2026-03-16T12:10:43.280+05:30 DEBUG 14216 --- [course-service] [http-nio-8082-exec-5] org.hibernate.SQL                        : 
    select
        c1_0.course_id,
        c1_0.course_code,
        c1_0.course_name,
        c1_0.created_at,
        c1_0.credits,
        c1_0.description,
        c1_0.is_active,
        c1_0.is_indexed,
        c1_0.max_students,
        c1_0.semester,
        c1_0.teacher_id,
        c1_0.updated_at,
        c1_0.year 
    from
        courses c1_0
2026-03-16T12:10:43.304+05:30 DEBUG 14216 --- [course-service] [http-nio-8082-exec-4] org.hibernate.SQL                        : 
    select
        c1_0.course_id,
        c1_0.course_code,
        c1_0.course_name,
        c1_0.created_at,
        c1_0.credits,
        c1_0.description,
        c1_0.is_active,
        c1_0.is_indexed,
        c1_0.max_students,
        c1_0.semester,
        c1_0.teacher_id,
        c1_0.updated_at,
        c1_0.year 
    from
        courses c1_0
2026-03-16T12:10:43.321+05:30 DEBUG 14216 --- [course-service] [http-nio-8082-exec-6] org.hibernate.SQL                        : 
    select
        c1_0.course_id,
        c1_0.course_code,
        c1_0.course_name,
        c1_0.created_at,
        c1_0.credits,
        c1_0.description,
        c1_0.is_active,
        c1_0.is_indexed,
        c1_0.max_students,
        c1_0.semester,
        c1_0.teacher_id,
        c1_0.updated_at,
        c1_0.year 
    from
        courses c1_0 
    where
        c1_0.teacher_id=?
2026-03-16T12:10:43.338+05:30 DEBUG 14216 --- [course-service] [http-nio-8082-exec-8] org.hibernate.SQL                        : 
    select
        c1_0.course_id,
        c1_0.course_code,
        c1_0.course_name,
        c1_0.created_at,
        c1_0.credits,
        c1_0.description,
        c1_0.is_active,
        c1_0.is_indexed,
        c1_0.max_students,
        c1_0.semester,
        c1_0.teacher_id,
        c1_0.updated_at,
        c1_0.year 
    from
        courses c1_0 
    where
        c1_0.teacher_id=?
2026-03-16T12:10:48.377+05:30  INFO 14216 --- [course-service] [AsyncResolver-bootstrap-executor-0] c.n.d.s.r.aws.ConfigClusterResolver      : Resolving eureka endpoints via configuration
2026-03-16T12:15:48.388+05:30  INFO 14216 --- [course-service] [AsyncResolver-bootstrap-executor-0] c.n.d.s.r.aws.ConfigClusterResolver      : Resolving eureka endpoints via configuration
2026-03-16T12:20:48.403+05:30  INFO 14216 --- [course-service] [AsyncResolver-bootstrap-executor-0] c.n.d.s.r.aws.ConfigClusterResolver      : Resolving eureka endpoints via configuration
2026-03-16T12:25:48.407+05:30  INFO 14216 --- [course-service] [AsyncResolver-bootstrap-executor-0] c.n.d.s.r.aws.ConfigClusterResolver      : Resolving eureka endpoints via configuration
2026-03-16T12:30:48.421+05:30  INFO 14216 --- [course-service] [AsyncResolver-bootstrap-executor-0] c.n.d.s.r.aws.ConfigClusterResolver      : Resolving eureka endpoints via configuration
2026-03-16T12:35:48.435+05:30  INFO 14216 --- [course-service] [AsyncResolver-bootstrap-executor-0] c.n.d.s.r.aws.ConfigClusterResolver      : Resolving eureka endpoints via configuration
2026-03-16T12:47:45.821+05:30  INFO 7568 --- [course-service] [main] c.e.c.CourseServiceApplication           : Starting CourseServiceApplication using Java 21.0.9 with PID 7568 (C:\Users\170529\Documents\workspace-spring-tools-for-eclipse-4.32.2.RELEASE\course-service\target\classes started by 170529 in C:\Users\170529\Documents\workspace-spring-tools-for-eclipse-4.32.2.RELEASE\course-service)
2026-03-16T12:47:45.832+05:30 DEBUG 7568 --- [course-service] [main] c.e.c.CourseServiceApplication           : Running with Spring Boot v3.2.0, Spring v6.1.1
2026-03-16T12:47:45.836+05:30  INFO 7568 --- [course-service] [main] c.e.c.CourseServiceApplication           : No active profile set, falling back to 1 default profile: "default"
2026-03-16T12:47:54.714+05:30  INFO 7568 --- [course-service] [main] .s.d.r.c.RepositoryConfigurationDelegate : Bootstrapping Spring Data JPA repositories in DEFAULT mode.
2026-03-16T12:47:56.294+05:30  INFO 7568 --- [course-service] [main] .s.d.r.c.RepositoryConfigurationDelegate : Finished Spring Data repository scanning in 1269 ms. Found 4 JPA repository interfaces.
2026-03-16T12:47:58.761+05:30  INFO 7568 --- [course-service] [main] o.s.cloud.context.scope.GenericScope     : BeanFactory id=8e67e5e2-643f-3755-9e7d-bb356cbb7fbf
2026-03-16T12:48:00.745+05:30  WARN 7568 --- [course-service] [main] trationDelegate$BeanPostProcessorChecker : Bean 'org.springframework.cloud.client.loadbalancer.LoadBalancerAutoConfiguration$LoadBalancerInterceptorConfig' of type [org.springframework.cloud.client.loadbalancer.LoadBalancerAutoConfiguration$LoadBalancerInterceptorConfig] is not eligible for getting processed by all BeanPostProcessors (for example: not eligible for auto-proxying). The currently created BeanPostProcessor [lbRestClientPostProcessor] is declared through a non-static factory method on that class; consider declaring it as static instead.
2026-03-16T12:48:00.771+05:30  WARN 7568 --- [course-service] [main] trationDelegate$BeanPostProcessorChecker : Bean 'org.springframework.cloud.loadbalancer.config.BlockingLoadBalancerClientAutoConfiguration' of type [org.springframework.cloud.loadbalancer.config.BlockingLoadBalancerClientAutoConfiguration] is not eligible for getting processed by all BeanPostProcessors (for example: not eligible for auto-proxying). Is this bean getting eagerly injected into a currently created BeanPostProcessor [lbRestClientPostProcessor]? Check the corresponding BeanPostProcessor declaration and its dependencies.
2026-03-16T12:48:00.780+05:30  WARN 7568 --- [course-service] [main] trationDelegate$BeanPostProcessorChecker : Bean 'org.springframework.cloud.loadbalancer.config.LoadBalancerAutoConfiguration' of type [org.springframework.cloud.loadbalancer.config.LoadBalancerAutoConfiguration] is not eligible for getting processed by all BeanPostProcessors (for example: not eligible for auto-proxying). Is this bean getting eagerly injected into a currently created BeanPostProcessor [lbRestClientPostProcessor]? Check the corresponding BeanPostProcessor declaration and its dependencies.
2026-03-16T12:48:00.863+05:30  WARN 7568 --- [course-service] [main] trationDelegate$BeanPostProcessorChecker : Bean 'org.springframework.cloud.commons.config.CommonsConfigAutoConfiguration' of type [org.springframework.cloud.commons.config.CommonsConfigAutoConfiguration] is not eligible for getting processed by all BeanPostProcessors (for example: not eligible for auto-proxying). Is this bean getting eagerly injected into a currently created BeanPostProcessor [lbRestClientPostProcessor]? Check the corresponding BeanPostProcessor declaration and its dependencies.
2026-03-16T12:48:00.883+05:30  WARN 7568 --- [course-service] [main] trationDelegate$BeanPostProcessorChecker : Bean 'org.springframework.cloud.client.loadbalancer.LoadBalancerDefaultMappingsProviderAutoConfiguration' of type [org.springframework.cloud.client.loadbalancer.LoadBalancerDefaultMappingsProviderAutoConfiguration] is not eligible for getting processed by all BeanPostProcessors (for example: not eligible for auto-proxying). Is this bean getting eagerly injected into a currently created BeanPostProcessor [lbRestClientPostProcessor]? Check the corresponding BeanPostProcessor declaration and its dependencies.
2026-03-16T12:48:00.892+05:30  WARN 7568 --- [course-service] [main] trationDelegate$BeanPostProcessorChecker : Bean 'loadBalancerClientsDefaultsMappingsProvider' of type [org.springframework.cloud.client.loadbalancer.LoadBalancerDefaultMappingsProviderAutoConfiguration$$Lambda/0x000001b781495a30] is not eligible for getting processed by all BeanPostProcessors (for example: not eligible for auto-proxying). Is this bean getting eagerly injected into a currently created BeanPostProcessor [lbRestClientPostProcessor]? Check the corresponding BeanPostProcessor declaration and its dependencies.
2026-03-16T12:48:01.053+05:30  WARN 7568 --- [course-service] [main] trationDelegate$BeanPostProcessorChecker : Bean 'defaultsBindHandlerAdvisor' of type [org.springframework.cloud.commons.config.DefaultsBindHandlerAdvisor] is not eligible for getting processed by all BeanPostProcessors (for example: not eligible for auto-proxying). Is this bean getting eagerly injected into a currently created BeanPostProcessor [lbRestClientPostProcessor]? Check the corresponding BeanPostProcessor declaration and its dependencies.
2026-03-16T12:48:01.123+05:30  WARN 7568 --- [course-service] [main] trationDelegate$BeanPostProcessorChecker : Bean 'spring.cloud.loadbalancer-org.springframework.cloud.client.loadbalancer.LoadBalancerClientsProperties' of type [org.springframework.cloud.client.loadbalancer.LoadBalancerClientsProperties] is not eligible for getting processed by all BeanPostProcessors (for example: not eligible for auto-proxying). Is this bean getting eagerly injected into a currently created BeanPostProcessor [lbRestClientPostProcessor]? Check the corresponding BeanPostProcessor declaration and its dependencies.
2026-03-16T12:48:01.179+05:30  WARN 7568 --- [course-service] [main] trationDelegate$BeanPostProcessorChecker : Bean 'default.org.springframework.cloud.loadbalancer.config.LoadBalancerAutoConfiguration.LoadBalancerClientSpecification' of type [org.springframework.cloud.loadbalancer.annotation.LoadBalancerClientSpecification] is not eligible for getting processed by all BeanPostProcessors (for example: not eligible for auto-proxying). Is this bean getting eagerly injected into a currently created BeanPostProcessor [lbRestClientPostProcessor]? Check the corresponding BeanPostProcessor declaration and its dependencies.
2026-03-16T12:48:01.187+05:30  WARN 7568 --- [course-service] [main] trationDelegate$BeanPostProcessorChecker : Bean 'default.org.springframework.cloud.loadbalancer.config.BlockingLoadBalancerClientAutoConfiguration.LoadBalancerClientSpecification' of type [org.springframework.cloud.loadbalancer.annotation.LoadBalancerClientSpecification] is not eligible for getting processed by all BeanPostProcessors (for example: not eligible for auto-proxying). Is this bean getting eagerly injected into a currently created BeanPostProcessor [lbRestClientPostProcessor]? Check the corresponding BeanPostProcessor declaration and its dependencies.
2026-03-16T12:48:01.197+05:30  WARN 7568 --- [course-service] [main] trationDelegate$BeanPostProcessorChecker : Bean 'default.org.springframework.cloud.netflix.eureka.loadbalancer.LoadBalancerEurekaAutoConfiguration.LoadBalancerClientSpecification' of type [org.springframework.cloud.loadbalancer.annotation.LoadBalancerClientSpecification] is not eligible for getting processed by all BeanPostProcessors (for example: not eligible for auto-proxying). Is this bean getting eagerly injected into a currently created BeanPostProcessor [lbRestClientPostProcessor]? Check the corresponding BeanPostProcessor declaration and its dependencies.
2026-03-16T12:48:01.205+05:30  WARN 7568 --- [course-service] [main] trationDelegate$BeanPostProcessorChecker : Bean 'loadBalancerClientFactory' of type [org.springframework.cloud.loadbalancer.support.LoadBalancerClientFactory] is not eligible for getting processed by all BeanPostProcessors (for example: not eligible for auto-proxying). Is this bean getting eagerly injected into a currently created BeanPostProcessor [lbRestClientPostProcessor]? Check the corresponding BeanPostProcessor declaration and its dependencies.
2026-03-16T12:48:04.603+05:30  WARN 7568 --- [course-service] [main] trationDelegate$BeanPostProcessorChecker : Bean 'blockingLoadBalancerClient' of type [org.springframework.cloud.loadbalancer.blocking.client.BlockingLoadBalancerClient] is not eligible for getting processed by all BeanPostProcessors (for example: not eligible for auto-proxying). Is this bean getting eagerly injected into a currently created BeanPostProcessor [lbRestClientPostProcessor]? Check the corresponding BeanPostProcessor declaration and its dependencies.
2026-03-16T12:48:04.616+05:30  WARN 7568 --- [course-service] [main] trationDelegate$BeanPostProcessorChecker : Bean 'restTemplateConfig' of type [com.example.course_service.config.RestTemplateConfig$$SpringCGLIB$$0] is not eligible for getting processed by all BeanPostProcessors (for example: not eligible for auto-proxying). Is this bean getting eagerly injected into a currently created BeanPostProcessor [lbRestClientPostProcessor]? Check the corresponding BeanPostProcessor declaration and its dependencies.
2026-03-16T12:48:04.680+05:30  WARN 7568 --- [course-service] [main] trationDelegate$BeanPostProcessorChecker : Bean 'restTemplate' of type [org.springframework.web.client.RestTemplate] is not eligible for getting processed by all BeanPostProcessors (for example: not eligible for auto-proxying). Is this bean getting eagerly injected into a currently created BeanPostProcessor [lbRestClientPostProcessor]? Check the corresponding BeanPostProcessor declaration and its dependencies.
2026-03-16T12:48:04.697+05:30  WARN 7568 --- [course-service] [main] trationDelegate$BeanPostProcessorChecker : Bean 'loadBalancerServiceInstanceCookieTransformer' of type [org.springframework.cloud.loadbalancer.core.LoadBalancerServiceInstanceCookieTransformer] is not eligible for getting processed by all BeanPostProcessors (for example: not eligible for auto-proxying). Is this bean getting eagerly injected into a currently created BeanPostProcessor [lbRestClientPostProcessor]? Check the corresponding BeanPostProcessor declaration and its dependencies.
2026-03-16T12:48:04.700+05:30  WARN 7568 --- [course-service] [main] trationDelegate$BeanPostProcessorChecker : Bean 'xForwarderHeadersTransformer' of type [org.springframework.cloud.loadbalancer.blocking.XForwardedHeadersTransformer] is not eligible for getting processed by all BeanPostProcessors (for example: not eligible for auto-proxying). Is this bean getting eagerly injected into a currently created BeanPostProcessor [lbRestClientPostProcessor]? Check the corresponding BeanPostProcessor declaration and its dependencies.
2026-03-16T12:48:04.706+05:30  WARN 7568 --- [course-service] [main] trationDelegate$BeanPostProcessorChecker : Bean 'org.springframework.cloud.client.loadbalancer.LoadBalancerAutoConfiguration' of type [org.springframework.cloud.client.loadbalancer.LoadBalancerAutoConfiguration] is not eligible for getting processed by all BeanPostProcessors (for example: not eligible for auto-proxying). Is this bean getting eagerly injected into a currently created BeanPostProcessor [lbRestClientPostProcessor]? Check the corresponding BeanPostProcessor declaration and its dependencies.
2026-03-16T12:48:04.710+05:30  WARN 7568 --- [course-service] [main] trationDelegate$BeanPostProcessorChecker : Bean 'loadBalancerRequestFactory' of type [org.springframework.cloud.client.loadbalancer.LoadBalancerRequestFactory] is not eligible for getting processed by all BeanPostProcessors (for example: not eligible for auto-proxying). Is this bean getting eagerly injected into a currently created BeanPostProcessor [lbRestClientPostProcessor]? Check the corresponding BeanPostProcessor declaration and its dependencies.
2026-03-16T12:48:08.759+05:30  WARN 7568 --- [course-service] [main] trationDelegate$BeanPostProcessorChecker : Bean 'loadBalancerInterceptor' of type [org.springframework.cloud.client.loadbalancer.LoadBalancerInterceptor] is not eligible for getting processed by all BeanPostProcessors (for example: not eligible for auto-proxying). Is this bean getting eagerly injected into a currently created BeanPostProcessor [lbRestClientPostProcessor]? Check the corresponding BeanPostProcessor declaration and its dependencies.
2026-03-16T12:48:09.719+05:30  INFO 7568 --- [course-service] [main] o.s.b.w.embedded.tomcat.TomcatWebServer  : Tomcat initialized with port 8082 (http)
2026-03-16T12:48:09.771+05:30  INFO 7568 --- [course-service] [main] o.apache.catalina.core.StandardService   : Starting service [Tomcat]
2026-03-16T12:48:09.773+05:30  INFO 7568 --- [course-service] [main] o.apache.catalina.core.StandardEngine    : Starting Servlet engine: [Apache Tomcat/10.1.16]
2026-03-16T12:48:10.060+05:30  INFO 7568 --- [course-service] [main] o.a.c.c.C.[Tomcat].[localhost].[/]       : Initializing Spring embedded WebApplicationContext
2026-03-16T12:48:10.060+05:30  INFO 7568 --- [course-service] [main] w.s.c.ServletWebServerApplicationContext : Root WebApplicationContext: initialization completed in 23923 ms
2026-03-16T12:48:10.702+05:30  INFO 7568 --- [course-service] [main] o.hibernate.jpa.internal.util.LogHelper  : HHH000204: Processing PersistenceUnitInfo [name: default]
2026-03-16T12:48:13.613+05:30  INFO 7568 --- [course-service] [main] org.hibernate.Version                    : HHH000412: Hibernate ORM core version 6.3.1.Final
2026-03-16T12:48:13.836+05:30  INFO 7568 --- [course-service] [main] o.h.c.internal.RegionFactoryInitiator    : HHH000026: Second-level cache disabled
2026-03-16T12:48:15.112+05:30  INFO 7568 --- [course-service] [main] o.s.o.j.p.SpringPersistenceUnitInfo      : No LoadTimeWeaver setup: ignoring JPA class transformer
2026-03-16T12:48:15.201+05:30  INFO 7568 --- [course-service] [main] com.zaxxer.hikari.HikariDataSource       : HikariPool-1 - Starting...
2026-03-16T12:48:15.868+05:30  INFO 7568 --- [course-service] [main] com.zaxxer.hikari.pool.HikariPool        : HikariPool-1 - Added connection com.mysql.cj.jdbc.ConnectionImpl@628bd77e
2026-03-16T12:48:15.877+05:30  INFO 7568 --- [course-service] [main] com.zaxxer.hikari.HikariDataSource       : HikariPool-1 - Start completed.
2026-03-16T12:48:16.127+05:30  WARN 7568 --- [course-service] [main] org.hibernate.orm.deprecation            : HHH90000025: MySQL8Dialect does not need to be specified explicitly using 'hibernate.dialect' (remove the property setting and it will be selected by default)
2026-03-16T12:48:16.138+05:30  WARN 7568 --- [course-service] [main] org.hibernate.orm.deprecation            : HHH90000026: MySQL8Dialect has been deprecated; use org.hibernate.dialect.MySQLDialect instead
2026-03-16T12:48:21.432+05:30  INFO 7568 --- [course-service] [main] o.h.e.t.j.p.i.JtaPlatformInitiator       : HHH000489: No JTA platform available (set 'hibernate.transaction.jta.platform' to enable JTA platform integration)
2026-03-16T12:48:21.811+05:30  INFO 7568 --- [course-service] [main] j.LocalContainerEntityManagerFactoryBean : Initialized JPA EntityManagerFactory for persistence unit 'default'
2026-03-16T12:48:27.878+05:30  INFO 7568 --- [course-service] [main] DiscoveryClientOptionalArgsConfiguration : Eureka HTTP Client uses RestTemplate.
2026-03-16T12:48:28.255+05:30  WARN 7568 --- [course-service] [main] iguration$LoadBalancerCaffeineWarnLogger : Spring Cloud LoadBalancer is currently working with the default cache. While this cache implementation is useful for development and tests, it's recommended to use Caffeine cache in production.You can switch to using Caffeine cache, by adding it and org.springframework.cache.caffeine.CaffeineCacheManager to the classpath.
2026-03-16T12:48:28.470+05:30  INFO 7568 --- [course-service] [main] o.s.c.n.eureka.InstanceInfoFactory       : Setting initial instance status as: STARTING
2026-03-16T12:48:28.721+05:30  INFO 7568 --- [course-service] [main] com.netflix.discovery.DiscoveryClient    : Initializing Eureka in region us-east-1
2026-03-16T12:48:28.740+05:30  INFO 7568 --- [course-service] [main] c.n.d.s.r.aws.ConfigClusterResolver      : Resolving eureka endpoints via configuration
2026-03-16T12:48:28.844+05:30  INFO 7568 --- [course-service] [main] com.netflix.discovery.DiscoveryClient    : Disable delta property : false
2026-03-16T12:48:28.845+05:30  INFO 7568 --- [course-service] [main] com.netflix.discovery.DiscoveryClient    : Single vip registry refresh property : null
2026-03-16T12:48:28.845+05:30  INFO 7568 --- [course-service] [main] com.netflix.discovery.DiscoveryClient    : Force full registry fetch : false
2026-03-16T12:48:28.845+05:30  INFO 7568 --- [course-service] [main] com.netflix.discovery.DiscoveryClient    : Application is null : false
2026-03-16T12:48:28.845+05:30  INFO 7568 --- [course-service] [main] com.netflix.discovery.DiscoveryClient    : Registered Applications size is zero : true
2026-03-16T12:48:28.845+05:30  INFO 7568 --- [course-service] [main] com.netflix.discovery.DiscoveryClient    : Application version is -1: true
2026-03-16T12:48:28.845+05:30  INFO 7568 --- [course-service] [main] com.netflix.discovery.DiscoveryClient    : Getting all instance registry info from the eureka server
2026-03-16T12:48:30.565+05:30  INFO 7568 --- [course-service] [main] com.netflix.discovery.DiscoveryClient    : The response status is 200
2026-03-16T12:48:30.570+05:30  INFO 7568 --- [course-service] [main] com.netflix.discovery.DiscoveryClient    : Starting heartbeat executor: renew interval is: 30
2026-03-16T12:48:30.586+05:30  INFO 7568 --- [course-service] [main] c.n.discovery.InstanceInfoReplicator     : InstanceInfoReplicator onDemand update allowed rate per min is 4
2026-03-16T12:48:30.606+05:30  INFO 7568 --- [course-service] [main] com.netflix.discovery.DiscoveryClient    : Discovery Client initialized at timestamp 1773645510604 with initial instances count: 1
2026-03-16T12:48:30.618+05:30  INFO 7568 --- [course-service] [main] o.s.c.n.e.s.EurekaServiceRegistry        : Registering application COURSE-SERVICE with eureka with status UP
2026-03-16T12:48:30.620+05:30  INFO 7568 --- [course-service] [main] com.netflix.discovery.DiscoveryClient    : Saw local status change event StatusChangeEvent [timestamp=1773645510620, current=UP, previous=STARTING]
2026-03-16T12:48:30.624+05:30  INFO 7568 --- [course-service] [DiscoveryClient-InstanceInfoReplicator-0] com.netflix.discovery.DiscoveryClient    : DiscoveryClient_COURSE-SERVICE/81DH353.mshome.net:course-service:8082: registering service...
2026-03-16T12:48:30.769+05:30  INFO 7568 --- [course-service] [DiscoveryClient-InstanceInfoReplicator-0] com.netflix.discovery.DiscoveryClient    : DiscoveryClient_COURSE-SERVICE/81DH353.mshome.net:course-service:8082 - registration status: 204
2026-03-16T12:48:30.784+05:30  INFO 7568 --- [course-service] [main] o.s.b.w.embedded.tomcat.TomcatWebServer  : Tomcat started on port 8082 (http) with context path ''
2026-03-16T12:48:30.789+05:30  INFO 7568 --- [course-service] [main] .s.c.n.e.s.EurekaAutoServiceRegistration : Updating port to 8082
2026-03-16T12:48:30.897+05:30  INFO 7568 --- [course-service] [main] c.e.c.CourseServiceApplication           : Started CourseServiceApplication in 48.352 seconds (process running for 53.698)
2026-03-16T12:53:28.857+05:30  INFO 7568 --- [course-service] [AsyncResolver-bootstrap-executor-0] c.n.d.s.r.aws.ConfigClusterResolver      : Resolving eureka endpoints via configuration
2026-03-16T12:54:05.952+05:30  INFO 7568 --- [course-service] [http-nio-8082-exec-1] o.a.c.c.C.[Tomcat].[localhost].[/]       : Initializing Spring DispatcherServlet 'dispatcherServlet'
2026-03-16T12:54:05.952+05:30  INFO 7568 --- [course-service] [http-nio-8082-exec-1] o.s.web.servlet.DispatcherServlet        : Initializing Servlet 'dispatcherServlet'
2026-03-16T12:54:05.954+05:30  INFO 7568 --- [course-service] [http-nio-8082-exec-1] o.s.web.servlet.DispatcherServlet        : Completed initialization in 2 ms
2026-03-16T12:54:06.155+05:30 DEBUG 7568 --- [course-service] [http-nio-8082-exec-1] org.hibernate.SQL                        : 
    select
        c1_0.course_id,
        c1_0.course_code,
        c1_0.course_name,
        c1_0.created_at,
        c1_0.credits,
        c1_0.description,
        c1_0.is_active,
        c1_0.is_indexed,
        c1_0.max_students,
        c1_0.semester,
        c1_0.teacher_id,
        c1_0.updated_at,
        c1_0.year 
    from
        courses c1_0
2026-03-16T12:54:06.248+05:30 DEBUG 7568 --- [course-service] [http-nio-8082-exec-2] org.hibernate.SQL                        : 
    select
        c1_0.course_id,
        c1_0.course_code,
        c1_0.course_name,
        c1_0.created_at,
        c1_0.credits,
        c1_0.description,
        c1_0.is_active,
        c1_0.is_indexed,
        c1_0.max_students,
        c1_0.semester,
        c1_0.teacher_id,
        c1_0.updated_at,
        c1_0.year 
    from
        courses c1_0
2026-03-16T12:54:16.075+05:30 DEBUG 7568 --- [course-service] [http-nio-8082-exec-4] org.hibernate.SQL                        : 
    select
        e1_0.enrollment_id,
        e1_0.course_id,
        e1_0.enrollment_date,
        e1_0.semester,
        e1_0.enrollment_status,
        e1_0.student_id 
    from
        enrollments e1_0 
    where
        e1_0.course_id=? 
        and e1_0.enrollment_status=?
2026-03-16T12:54:41.553+05:30 DEBUG 7568 --- [course-service] [http-nio-8082-exec-8] org.hibernate.SQL                        : 
    select
        c1_0.course_id,
        c1_0.course_code,
        c1_0.course_name,
        c1_0.created_at,
        c1_0.credits,
        c1_0.description,
        c1_0.is_active,
        c1_0.is_indexed,
        c1_0.max_students,
        c1_0.semester,
        c1_0.teacher_id,
        c1_0.updated_at,
        c1_0.year 
    from
        courses c1_0 
    where
        c1_0.teacher_id=?
2026-03-16T12:54:41.591+05:30 DEBUG 7568 --- [course-service] [http-nio-8082-exec-9] org.hibernate.SQL                        : 
    select
        c1_0.course_id,
        c1_0.course_code,
        c1_0.course_name,
        c1_0.created_at,
        c1_0.credits,
        c1_0.description,
        c1_0.is_active,
        c1_0.is_indexed,
        c1_0.max_students,
        c1_0.semester,
        c1_0.teacher_id,
        c1_0.updated_at,
        c1_0.year 
    from
        courses c1_0 
    where
        c1_0.teacher_id=?
2026-03-16T12:54:41.801+05:30 DEBUG 7568 --- [course-service] [http-nio-8082-exec-5] org.hibernate.SQL                        : 
    select
        c1_0.course_id,
        c1_0.course_code,
        c1_0.course_name,
        c1_0.created_at,
        c1_0.credits,
        c1_0.description,
        c1_0.is_active,
        c1_0.is_indexed,
        c1_0.max_students,
        c1_0.semester,
        c1_0.teacher_id,
        c1_0.updated_at,
        c1_0.year 
    from
        courses c1_0 
    where
        c1_0.teacher_id=?
2026-03-16T12:54:43.250+05:30 DEBUG 7568 --- [course-service] [http-nio-8082-exec-3] org.hibernate.SQL                        : 
    select
        e1_0.enrollment_id,
        e1_0.course_id,
        e1_0.enrollment_date,
        e1_0.semester,
        e1_0.enrollment_status,
        e1_0.student_id 
    from
        enrollments e1_0 
    where
        e1_0.course_id=? 
        and e1_0.enrollment_status=?
2026-03-16T12:54:47.068+05:30 DEBUG 7568 --- [course-service] [http-nio-8082-exec-6] org.hibernate.SQL                        : 
    select
        c1_0.course_id,
        c1_0.course_code,
        c1_0.course_name,
        c1_0.created_at,
        c1_0.credits,
        c1_0.description,
        c1_0.is_active,
        c1_0.is_indexed,
        c1_0.max_students,
        c1_0.semester,
        c1_0.teacher_id,
        c1_0.updated_at,
        c1_0.year 
    from
        courses c1_0
2026-03-16T12:54:47.095+05:30 DEBUG 7568 --- [course-service] [http-nio-8082-exec-7] org.hibernate.SQL                        : 
    select
        c1_0.course_id,
        c1_0.course_code,
        c1_0.course_name,
        c1_0.created_at,
        c1_0.credits,
        c1_0.description,
        c1_0.is_active,
        c1_0.is_indexed,
        c1_0.max_students,
        c1_0.semester,
        c1_0.teacher_id,
        c1_0.updated_at,
        c1_0.year 
    from
        courses c1_0
2026-03-16T12:54:47.109+05:30 DEBUG 7568 --- [course-service] [http-nio-8082-exec-10] org.hibernate.SQL                        : 
    select
        c1_0.course_id,
        c1_0.course_code,
        c1_0.course_name,
        c1_0.created_at,
        c1_0.credits,
        c1_0.description,
        c1_0.is_active,
        c1_0.is_indexed,
        c1_0.max_students,
        c1_0.semester,
        c1_0.teacher_id,
        c1_0.updated_at,
        c1_0.year 
    from
        courses c1_0 
    where
        c1_0.teacher_id=?
2026-03-16T12:54:47.135+05:30 DEBUG 7568 --- [course-service] [http-nio-8082-exec-1] org.hibernate.SQL                        : 
    select
        c1_0.course_id,
        c1_0.course_code,
        c1_0.course_name,
        c1_0.created_at,
        c1_0.credits,
        c1_0.description,
        c1_0.is_active,
        c1_0.is_indexed,
        c1_0.max_students,
        c1_0.semester,
        c1_0.teacher_id,
        c1_0.updated_at,
        c1_0.year 
    from
        courses c1_0 
    where
        c1_0.teacher_id=?
2026-03-16T12:58:28.873+05:30  INFO 7568 --- [course-service] [AsyncResolver-bootstrap-executor-0] c.n.d.s.r.aws.ConfigClusterResolver      : Resolving eureka endpoints via configuration
2026-03-16T13:03:28.886+05:30  INFO 7568 --- [course-service] [AsyncResolver-bootstrap-executor-0] c.n.d.s.r.aws.ConfigClusterResolver      : Resolving eureka endpoints via configuration
2026-03-16T13:08:28.896+05:30  INFO 7568 --- [course-service] [AsyncResolver-bootstrap-executor-0] c.n.d.s.r.aws.ConfigClusterResolver      : Resolving eureka endpoints via configuration
2026-03-16T13:13:28.917+05:30  INFO 7568 --- [course-service] [AsyncResolver-bootstrap-executor-0] c.n.d.s.r.aws.ConfigClusterResolver      : Resolving eureka endpoints via configuration
2026-03-16T13:18:28.931+05:30  INFO 7568 --- [course-service] [AsyncResolver-bootstrap-executor-0] c.n.d.s.r.aws.ConfigClusterResolver      : Resolving eureka endpoints via configuration
2026-03-16T13:23:28.936+05:30  INFO 7568 --- [course-service] [AsyncResolver-bootstrap-executor-0] c.n.d.s.r.aws.ConfigClusterResolver      : Resolving eureka endpoints via configuration
2026-03-16T13:28:28.942+05:30  INFO 7568 --- [course-service] [AsyncResolver-bootstrap-executor-0] c.n.d.s.r.aws.ConfigClusterResolver      : Resolving eureka endpoints via configuration
2026-03-16T13:33:28.955+05:30  INFO 7568 --- [course-service] [AsyncResolver-bootstrap-executor-0] c.n.d.s.r.aws.ConfigClusterResolver      : Resolving eureka endpoints via configuration
2026-03-16T13:38:28.965+05:30  INFO 7568 --- [course-service] [AsyncResolver-bootstrap-executor-0] c.n.d.s.r.aws.ConfigClusterResolver      : Resolving eureka endpoints via configuration
2026-03-16T13:43:28.974+05:30  INFO 7568 --- [course-service] [AsyncResolver-bootstrap-executor-0] c.n.d.s.r.aws.ConfigClusterResolver      : Resolving eureka endpoints via configuration
2026-03-16T13:48:28.984+05:30  INFO 7568 --- [course-service] [AsyncResolver-bootstrap-executor-0] c.n.d.s.r.aws.ConfigClusterResolver      : Resolving eureka endpoints via configuration
2026-03-16T13:53:28.992+05:30  INFO 7568 --- [course-service] [AsyncResolver-bootstrap-executor-0] c.n.d.s.r.aws.ConfigClusterResolver      : Resolving eureka endpoints via configuration
2026-03-16T13:58:29.002+05:30  INFO 7568 --- [course-service] [AsyncResolver-bootstrap-executor-0] c.n.d.s.r.aws.ConfigClusterResolver      : Resolving eureka endpoints via configuration
2026-03-16T14:03:29.009+05:30  INFO 7568 --- [course-service] [AsyncResolver-bootstrap-executor-0] c.n.d.s.r.aws.ConfigClusterResolver      : Resolving eureka endpoints via configuration
2026-03-16T14:05:23.980+05:30 DEBUG 7568 --- [course-service] [http-nio-8082-exec-4] org.hibernate.SQL                        : 
    select
        c1_0.course_id,
        c1_0.course_code,
        c1_0.course_name,
        c1_0.created_at,
        c1_0.credits,
        c1_0.description,
        c1_0.is_active,
        c1_0.is_indexed,
        c1_0.max_students,
        c1_0.semester,
        c1_0.teacher_id,
        c1_0.updated_at,
        c1_0.year 
    from
        courses c1_0 
    where
        c1_0.teacher_id=?
2026-03-16T14:05:24.029+05:30 DEBUG 7568 --- [course-service] [http-nio-8082-exec-8] org.hibernate.SQL                        : 
    select
        c1_0.course_id,
        c1_0.course_code,
        c1_0.course_name,
        c1_0.created_at,
        c1_0.credits,
        c1_0.description,
        c1_0.is_active,
        c1_0.is_indexed,
        c1_0.max_students,
        c1_0.semester,
        c1_0.teacher_id,
        c1_0.updated_at,
        c1_0.year 
    from
        courses c1_0 
    where
        c1_0.teacher_id=?
2026-03-16T14:05:24.252+05:30 DEBUG 7568 --- [course-service] [http-nio-8082-exec-9] org.hibernate.SQL                        : 
    select
        c1_0.course_id,
        c1_0.course_code,
        c1_0.course_name,
        c1_0.created_at,
        c1_0.credits,
        c1_0.description,
        c1_0.is_active,
        c1_0.is_indexed,
        c1_0.max_students,
        c1_0.semester,
        c1_0.teacher_id,
        c1_0.updated_at,
        c1_0.year 
    from
        courses c1_0 
    where
        c1_0.teacher_id=?
2026-03-16T14:05:24.745+05:30 DEBUG 7568 --- [course-service] [http-nio-8082-exec-5] org.hibernate.SQL                        : 
    select
        e1_0.enrollment_id,
        e1_0.course_id,
        e1_0.enrollment_date,
        e1_0.semester,
        e1_0.enrollment_status,
        e1_0.student_id 
    from
        enrollments e1_0 
    where
        e1_0.course_id=? 
        and e1_0.enrollment_status=?
2026-03-16T14:05:48.838+05:30 DEBUG 7568 --- [course-service] [http-nio-8082-exec-3] org.hibernate.SQL                        : 
    select
        c1_0.course_id,
        c1_0.course_code,
        c1_0.course_name,
        c1_0.created_at,
        c1_0.credits,
        c1_0.description,
        c1_0.is_active,
        c1_0.is_indexed,
        c1_0.max_students,
        c1_0.semester,
        c1_0.teacher_id,
        c1_0.updated_at,
        c1_0.year 
    from
        courses c1_0
2026-03-16T14:05:48.890+05:30 DEBUG 7568 --- [course-service] [http-nio-8082-exec-6] org.hibernate.SQL                        : 
    select
        c1_0.course_id,
        c1_0.course_code,
        c1_0.course_name,
        c1_0.created_at,
        c1_0.credits,
        c1_0.description,
        c1_0.is_active,
        c1_0.is_indexed,
        c1_0.max_students,
        c1_0.semester,
        c1_0.teacher_id,
        c1_0.updated_at,
        c1_0.year 
    from
        courses c1_0
2026-03-16T14:05:48.892+05:30 DEBUG 7568 --- [course-service] [http-nio-8082-exec-7] org.hibernate.SQL                        : 
    select
        c1_0.course_id,
        c1_0.course_code,
        c1_0.course_name,
        c1_0.created_at,
        c1_0.credits,
        c1_0.description,
        c1_0.is_active,
        c1_0.is_indexed,
        c1_0.max_students,
        c1_0.semester,
        c1_0.teacher_id,
        c1_0.updated_at,
        c1_0.year 
    from
        courses c1_0 
    where
        c1_0.teacher_id=?
2026-03-16T14:05:48.973+05:30 DEBUG 7568 --- [course-service] [http-nio-8082-exec-10] org.hibernate.SQL                        : 
    select
        c1_0.course_id,
        c1_0.course_code,
        c1_0.course_name,
        c1_0.created_at,
        c1_0.credits,
        c1_0.description,
        c1_0.is_active,
        c1_0.is_indexed,
        c1_0.max_students,
        c1_0.semester,
        c1_0.teacher_id,
        c1_0.updated_at,
        c1_0.year 
    from
        courses c1_0 
    where
        c1_0.teacher_id=?
2026-03-16T14:08:17.067+05:30 DEBUG 7568 --- [course-service] [http-nio-8082-exec-4] org.hibernate.SQL                        : 
    select
        e1_0.enrollment_id,
        e1_0.course_id,
        e1_0.enrollment_date,
        e1_0.semester,
        e1_0.enrollment_status,
        e1_0.student_id 
    from
        enrollments e1_0 
    where
        e1_0.course_id=? 
        and e1_0.enrollment_status=?
2026-03-16T14:08:17.297+05:30 DEBUG 7568 --- [course-service] [http-nio-8082-exec-8] org.hibernate.SQL                        : 
    select
        e1_0.enrollment_id,
        e1_0.course_id,
        e1_0.enrollment_date,
        e1_0.semester,
        e1_0.enrollment_status,
        e1_0.student_id 
    from
        enrollments e1_0 
    where
        e1_0.course_id=? 
        and e1_0.enrollment_status=?
2026-03-16T14:08:29.018+05:30  INFO 7568 --- [course-service] [AsyncResolver-bootstrap-executor-0] c.n.d.s.r.aws.ConfigClusterResolver      : Resolving eureka endpoints via configuration
2026-03-16T14:13:29.037+05:30  INFO 7568 --- [course-service] [AsyncResolver-bootstrap-executor-0] c.n.d.s.r.aws.ConfigClusterResolver      : Resolving eureka endpoints via configuration
2026-03-16T14:16:29.548+05:30 DEBUG 7568 --- [course-service] [http-nio-8082-exec-5] org.hibernate.SQL                        : 
    select
        e1_0.enrollment_id,
        e1_0.course_id,
        e1_0.enrollment_date,
        e1_0.semester,
        e1_0.enrollment_status,
        e1_0.student_id 
    from
        enrollments e1_0 
    where
        e1_0.student_id=?
2026-03-16T14:16:29.670+05:30 DEBUG 7568 --- [course-service] [http-nio-8082-exec-5] org.hibernate.SQL                        : 
    select
        c1_0.course_id,
        c1_0.course_code,
        c1_0.course_name,
        c1_0.created_at,
        c1_0.credits,
        c1_0.description,
        c1_0.is_active,
        c1_0.is_indexed,
        c1_0.max_students,
        c1_0.semester,
        c1_0.teacher_id,
        c1_0.updated_at,
        c1_0.year 
    from
        courses c1_0 
    where
        c1_0.course_id=?
2026-03-16T14:16:29.733+05:30 DEBUG 7568 --- [course-service] [http-nio-8082-exec-5] org.hibernate.SQL                        : 
    select
        c1_0.course_id,
        c1_0.course_code,
        c1_0.course_name,
        c1_0.created_at,
        c1_0.credits,
        c1_0.description,
        c1_0.is_active,
        c1_0.is_indexed,
        c1_0.max_students,
        c1_0.semester,
        c1_0.teacher_id,
        c1_0.updated_at,
        c1_0.year 
    from
        courses c1_0 
    where
        c1_0.course_id=?
2026-03-16T14:16:29.809+05:30 DEBUG 7568 --- [course-service] [http-nio-8082-exec-3] org.hibernate.SQL                        : 
    select
        e1_0.enrollment_id,
        e1_0.course_id,
        e1_0.enrollment_date,
        e1_0.semester,
        e1_0.enrollment_status,
        e1_0.student_id 
    from
        enrollments e1_0 
    where
        e1_0.student_id=?
2026-03-16T14:16:29.815+05:30 DEBUG 7568 --- [course-service] [http-nio-8082-exec-3] org.hibernate.SQL                        : 
    select
        c1_0.course_id,
        c1_0.course_code,
        c1_0.course_name,
        c1_0.created_at,
        c1_0.credits,
        c1_0.description,
        c1_0.is_active,
        c1_0.is_indexed,
        c1_0.max_students,
        c1_0.semester,
        c1_0.teacher_id,
        c1_0.updated_at,
        c1_0.year 
    from
        courses c1_0 
    where
        c1_0.course_id=?
2026-03-16T14:16:29.823+05:30 DEBUG 7568 --- [course-service] [http-nio-8082-exec-3] org.hibernate.SQL                        : 
    select
        c1_0.course_id,
        c1_0.course_code,
        c1_0.course_name,
        c1_0.created_at,
        c1_0.credits,
        c1_0.description,
        c1_0.is_active,
        c1_0.is_indexed,
        c1_0.max_students,
        c1_0.semester,
        c1_0.teacher_id,
        c1_0.updated_at,
        c1_0.year 
    from
        courses c1_0 
    where
        c1_0.course_id=?
2026-03-16T14:16:31.605+05:30 DEBUG 7568 --- [course-service] [http-nio-8082-exec-7] org.hibernate.SQL                        : 
    select
        e1_0.enrollment_id,
        e1_0.course_id,
        e1_0.enrollment_date,
        e1_0.semester,
        e1_0.enrollment_status,
        e1_0.student_id 
    from
        enrollments e1_0 
    where
        e1_0.student_id=?
2026-03-16T14:16:31.689+05:30 DEBUG 7568 --- [course-service] [http-nio-8082-exec-6] org.hibernate.SQL                        : 
    select
        e1_0.enrollment_id,
        e1_0.course_id,
        e1_0.enrollment_date,
        e1_0.semester,
        e1_0.enrollment_status,
        e1_0.student_id 
    from
        enrollments e1_0 
    where
        e1_0.student_id=?
2026-03-16T14:16:39.672+05:30 DEBUG 7568 --- [course-service] [http-nio-8082-exec-10] org.hibernate.SQL                        : 
    select
        e1_0.enrollment_id,
        e1_0.course_id,
        e1_0.enrollment_date,
        e1_0.semester,
        e1_0.enrollment_status,
        e1_0.student_id 
    from
        enrollments e1_0 
    where
        e1_0.student_id=?
2026-03-16T14:16:39.682+05:30 DEBUG 7568 --- [course-service] [http-nio-8082-exec-10] org.hibernate.SQL                        : 
    select
        c1_0.course_id,
        c1_0.course_code,
        c1_0.course_name,
        c1_0.created_at,
        c1_0.credits,
        c1_0.description,
        c1_0.is_active,
        c1_0.is_indexed,
        c1_0.max_students,
        c1_0.semester,
        c1_0.teacher_id,
        c1_0.updated_at,
        c1_0.year 
    from
        courses c1_0 
    where
        c1_0.course_id=?
2026-03-16T14:16:39.705+05:30 DEBUG 7568 --- [course-service] [http-nio-8082-exec-10] org.hibernate.SQL                        : 
    select
        c1_0.course_id,
        c1_0.course_code,
        c1_0.course_name,
        c1_0.created_at,
        c1_0.credits,
        c1_0.description,
        c1_0.is_active,
        c1_0.is_indexed,
        c1_0.max_students,
        c1_0.semester,
        c1_0.teacher_id,
        c1_0.updated_at,
        c1_0.year 
    from
        courses c1_0 
    where
        c1_0.course_id=?
2026-03-16T14:16:39.741+05:30 DEBUG 7568 --- [course-service] [http-nio-8082-exec-1] org.hibernate.SQL                        : 
    select
        e1_0.enrollment_id,
        e1_0.course_id,
        e1_0.enrollment_date,
        e1_0.semester,
        e1_0.enrollment_status,
        e1_0.student_id 
    from
        enrollments e1_0 
    where
        e1_0.student_id=?
2026-03-16T14:16:39.752+05:30 DEBUG 7568 --- [course-service] [http-nio-8082-exec-1] org.hibernate.SQL                        : 
    select
        c1_0.course_id,
        c1_0.course_code,
        c1_0.course_name,
        c1_0.created_at,
        c1_0.credits,
        c1_0.description,
        c1_0.is_active,
        c1_0.is_indexed,
        c1_0.max_students,
        c1_0.semester,
        c1_0.teacher_id,
        c1_0.updated_at,
        c1_0.year 
    from
        courses c1_0 
    where
        c1_0.course_id=?
2026-03-16T14:16:39.759+05:30 DEBUG 7568 --- [course-service] [http-nio-8082-exec-1] org.hibernate.SQL                        : 
    select
        c1_0.course_id,
        c1_0.course_code,
        c1_0.course_name,
        c1_0.created_at,
        c1_0.credits,
        c1_0.description,
        c1_0.is_active,
        c1_0.is_indexed,
        c1_0.max_students,
        c1_0.semester,
        c1_0.teacher_id,
        c1_0.updated_at,
        c1_0.year 
    from
        courses c1_0 
    where
        c1_0.course_id=?
2026-03-16T14:16:41.962+05:30 DEBUG 7568 --- [course-service] [http-nio-8082-exec-2] org.hibernate.SQL                        : 
    select
        e1_0.enrollment_id,
        e1_0.course_id,
        e1_0.enrollment_date,
        e1_0.semester,
        e1_0.enrollment_status,
        e1_0.student_id 
    from
        enrollments e1_0 
    where
        e1_0.student_id=?
2026-03-16T14:16:42.018+05:30 DEBUG 7568 --- [course-service] [http-nio-8082-exec-4] org.hibernate.SQL                        : 
    select
        e1_0.enrollment_id,
        e1_0.course_id,
        e1_0.enrollment_date,
        e1_0.semester,
        e1_0.enrollment_status,
        e1_0.student_id 
    from
        enrollments e1_0 
    where
        e1_0.student_id=?
2026-03-16T14:16:53.892+05:30 DEBUG 7568 --- [course-service] [http-nio-8082-exec-8] org.hibernate.SQL                        : 
    select
        e1_0.enrollment_id,
        e1_0.course_id,
        e1_0.enrollment_date,
        e1_0.semester,
        e1_0.enrollment_status,
        e1_0.student_id 
    from
        enrollments e1_0 
    where
        e1_0.student_id=?
2026-03-16T14:16:53.901+05:30 DEBUG 7568 --- [course-service] [http-nio-8082-exec-8] org.hibernate.SQL                        : 
    select
        c1_0.course_id,
        c1_0.course_code,
        c1_0.course_name,
        c1_0.created_at,
        c1_0.credits,
        c1_0.description,
        c1_0.is_active,
        c1_0.is_indexed,
        c1_0.max_students,
        c1_0.semester,
        c1_0.teacher_id,
        c1_0.updated_at,
        c1_0.year 
    from
        courses c1_0 
    where
        c1_0.course_id=?
2026-03-16T14:16:53.909+05:30 DEBUG 7568 --- [course-service] [http-nio-8082-exec-8] org.hibernate.SQL                        : 
    select
        c1_0.course_id,
        c1_0.course_code,
        c1_0.course_name,
        c1_0.created_at,
        c1_0.credits,
        c1_0.description,
        c1_0.is_active,
        c1_0.is_indexed,
        c1_0.max_students,
        c1_0.semester,
        c1_0.teacher_id,
        c1_0.updated_at,
        c1_0.year 
    from
        courses c1_0 
    where
        c1_0.course_id=?
2026-03-16T14:16:53.939+05:30 DEBUG 7568 --- [course-service] [http-nio-8082-exec-9] org.hibernate.SQL                        : 
    select
        e1_0.enrollment_id,
        e1_0.course_id,
        e1_0.enrollment_date,
        e1_0.semester,
        e1_0.enrollment_status,
        e1_0.student_id 
    from
        enrollments e1_0 
    where
        e1_0.student_id=?
2026-03-16T14:16:53.945+05:30 DEBUG 7568 --- [course-service] [http-nio-8082-exec-9] org.hibernate.SQL                        : 
    select
        c1_0.course_id,
        c1_0.course_code,
        c1_0.course_name,
        c1_0.created_at,
        c1_0.credits,
        c1_0.description,
        c1_0.is_active,
        c1_0.is_indexed,
        c1_0.max_students,
        c1_0.semester,
        c1_0.teacher_id,
        c1_0.updated_at,
        c1_0.year 
    from
        courses c1_0 
    where
        c1_0.course_id=?
2026-03-16T14:16:53.954+05:30 DEBUG 7568 --- [course-service] [http-nio-8082-exec-9] org.hibernate.SQL                        : 
    select
        c1_0.course_id,
        c1_0.course_code,
        c1_0.course_name,
        c1_0.created_at,
        c1_0.credits,
        c1_0.description,
        c1_0.is_active,
        c1_0.is_indexed,
        c1_0.max_students,
        c1_0.semester,
        c1_0.teacher_id,
        c1_0.updated_at,
        c1_0.year 
    from
        courses c1_0 
    where
        c1_0.course_id=?
2026-03-16T14:16:55.975+05:30 DEBUG 7568 --- [course-service] [http-nio-8082-exec-5] org.hibernate.SQL                        : 
    select
        e1_0.enrollment_id,
        e1_0.course_id,
        e1_0.enrollment_date,
        e1_0.semester,
        e1_0.enrollment_status,
        e1_0.student_id 
    from
        enrollments e1_0 
    where
        e1_0.student_id=?
2026-03-16T14:16:56.022+05:30 DEBUG 7568 --- [course-service] [http-nio-8082-exec-3] org.hibernate.SQL                        : 
    select
        e1_0.enrollment_id,
        e1_0.course_id,
        e1_0.enrollment_date,
        e1_0.semester,
        e1_0.enrollment_status,
        e1_0.student_id 
    from
        enrollments e1_0 
    where
        e1_0.student_id=?
2026-03-16T14:17:01.151+05:30 DEBUG 7568 --- [course-service] [http-nio-8082-exec-7] org.hibernate.SQL                        : 
    select
        e1_0.enrollment_id,
        e1_0.course_id,
        e1_0.enrollment_date,
        e1_0.semester,
        e1_0.enrollment_status,
        e1_0.student_id 
    from
        enrollments e1_0 
    where
        e1_0.student_id=?
2026-03-16T14:17:01.161+05:30 DEBUG 7568 --- [course-service] [http-nio-8082-exec-7] org.hibernate.SQL                        : 
    select
        c1_0.course_id,
        c1_0.course_code,
        c1_0.course_name,
        c1_0.created_at,
        c1_0.credits,
        c1_0.description,
        c1_0.is_active,
        c1_0.is_indexed,
        c1_0.max_students,
        c1_0.semester,
        c1_0.teacher_id,
        c1_0.updated_at,
        c1_0.year 
    from
        courses c1_0 
    where
        c1_0.course_id=?
2026-03-16T14:17:01.169+05:30 DEBUG 7568 --- [course-service] [http-nio-8082-exec-7] org.hibernate.SQL                        : 
    select
        c1_0.course_id,
        c1_0.course_code,
        c1_0.course_name,
        c1_0.created_at,
        c1_0.credits,
        c1_0.description,
        c1_0.is_active,
        c1_0.is_indexed,
        c1_0.max_students,
        c1_0.semester,
        c1_0.teacher_id,
        c1_0.updated_at,
        c1_0.year 
    from
        courses c1_0 
    where
        c1_0.course_id=?
2026-03-16T14:17:01.199+05:30 DEBUG 7568 --- [course-service] [http-nio-8082-exec-6] org.hibernate.SQL                        : 
    select
        e1_0.enrollment_id,
        e1_0.course_id,
        e1_0.enrollment_date,
        e1_0.semester,
        e1_0.enrollment_status,
        e1_0.student_id 
    from
        enrollments e1_0 
    where
        e1_0.student_id=?
2026-03-16T14:17:01.207+05:30 DEBUG 7568 --- [course-service] [http-nio-8082-exec-6] org.hibernate.SQL                        : 
    select
        c1_0.course_id,
        c1_0.course_code,
        c1_0.course_name,
        c1_0.created_at,
        c1_0.credits,
        c1_0.description,
        c1_0.is_active,
        c1_0.is_indexed,
        c1_0.max_students,
        c1_0.semester,
        c1_0.teacher_id,
        c1_0.updated_at,
        c1_0.year 
    from
        courses c1_0 
    where
        c1_0.course_id=?
2026-03-16T14:17:01.219+05:30 DEBUG 7568 --- [course-service] [http-nio-8082-exec-6] org.hibernate.SQL                        : 
    select
        c1_0.course_id,
        c1_0.course_code,
        c1_0.course_name,
        c1_0.created_at,
        c1_0.credits,
        c1_0.description,
        c1_0.is_active,
        c1_0.is_indexed,
        c1_0.max_students,
        c1_0.semester,
        c1_0.teacher_id,
        c1_0.updated_at,
        c1_0.year 
    from
        courses c1_0 
    where
        c1_0.course_id=?
2026-03-16T14:17:05.906+05:30 DEBUG 7568 --- [course-service] [http-nio-8082-exec-10] org.hibernate.SQL                        : 
    select
        c1_0.course_id,
        c1_0.course_code,
        c1_0.course_name,
        c1_0.created_at,
        c1_0.credits,
        c1_0.description,
        c1_0.is_active,
        c1_0.is_indexed,
        c1_0.max_students,
        c1_0.semester,
        c1_0.teacher_id,
        c1_0.updated_at,
        c1_0.year 
    from
        courses c1_0
2026-03-16T14:17:05.949+05:30 DEBUG 7568 --- [course-service] [http-nio-8082-exec-1] org.hibernate.SQL                        : 
    select
        c1_0.course_id,
        c1_0.course_code,
        c1_0.course_name,
        c1_0.created_at,
        c1_0.credits,
        c1_0.description,
        c1_0.is_active,
        c1_0.is_indexed,
        c1_0.max_students,
        c1_0.semester,
        c1_0.teacher_id,
        c1_0.updated_at,
        c1_0.year 
    from
        courses c1_0
2026-03-16T14:17:05.953+05:30 DEBUG 7568 --- [course-service] [http-nio-8082-exec-2] org.hibernate.SQL                        : 
    select
        e1_0.enrollment_id,
        e1_0.course_id,
        e1_0.enrollment_date,
        e1_0.semester,
        e1_0.enrollment_status,
        e1_0.student_id 
    from
        enrollments e1_0 
    where
        e1_0.student_id=?
2026-03-16T14:17:05.961+05:30 DEBUG 7568 --- [course-service] [http-nio-8082-exec-2] org.hibernate.SQL                        : 
    select
        c1_0.course_id,
        c1_0.course_code,
        c1_0.course_name,
        c1_0.created_at,
        c1_0.credits,
        c1_0.description,
        c1_0.is_active,
        c1_0.is_indexed,
        c1_0.max_students,
        c1_0.semester,
        c1_0.teacher_id,
        c1_0.updated_at,
        c1_0.year 
    from
        courses c1_0 
    where
        c1_0.course_id=?
2026-03-16T14:17:05.974+05:30 DEBUG 7568 --- [course-service] [http-nio-8082-exec-2] org.hibernate.SQL                        : 
    select
        c1_0.course_id,
        c1_0.course_code,
        c1_0.course_name,
        c1_0.created_at,
        c1_0.credits,
        c1_0.description,
        c1_0.is_active,
        c1_0.is_indexed,
        c1_0.max_students,
        c1_0.semester,
        c1_0.teacher_id,
        c1_0.updated_at,
        c1_0.year 
    from
        courses c1_0 
    where
        c1_0.course_id=?
2026-03-16T14:17:05.995+05:30 DEBUG 7568 --- [course-service] [http-nio-8082-exec-4] org.hibernate.SQL                        : 
    select
        e1_0.enrollment_id,
        e1_0.course_id,
        e1_0.enrollment_date,
        e1_0.semester,
        e1_0.enrollment_status,
        e1_0.student_id 
    from
        enrollments e1_0 
    where
        e1_0.student_id=?
2026-03-16T14:17:05.999+05:30 DEBUG 7568 --- [course-service] [http-nio-8082-exec-4] org.hibernate.SQL                        : 
    select
        c1_0.course_id,
        c1_0.course_code,
        c1_0.course_name,
        c1_0.created_at,
        c1_0.credits,
        c1_0.description,
        c1_0.is_active,
        c1_0.is_indexed,
        c1_0.max_students,
        c1_0.semester,
        c1_0.teacher_id,
        c1_0.updated_at,
        c1_0.year 
    from
        courses c1_0 
    where
        c1_0.course_id=?
2026-03-16T14:17:06.009+05:30 DEBUG 7568 --- [course-service] [http-nio-8082-exec-4] org.hibernate.SQL                        : 
    select
        c1_0.course_id,
        c1_0.course_code,
        c1_0.course_name,
        c1_0.created_at,
        c1_0.credits,
        c1_0.description,
        c1_0.is_active,
        c1_0.is_indexed,
        c1_0.max_students,
        c1_0.semester,
        c1_0.teacher_id,
        c1_0.updated_at,
        c1_0.year 
    from
        courses c1_0 
    where
        c1_0.course_id=?
2026-03-16T14:17:07.701+05:30 DEBUG 7568 --- [course-service] [http-nio-8082-exec-8] org.hibernate.SQL                        : 
    select
        e1_0.enrollment_id,
        e1_0.course_id,
        e1_0.enrollment_date,
        e1_0.semester,
        e1_0.enrollment_status,
        e1_0.student_id 
    from
        enrollments e1_0 
    where
        e1_0.student_id=?
2026-03-16T14:17:07.743+05:30 DEBUG 7568 --- [course-service] [http-nio-8082-exec-9] org.hibernate.SQL                        : 
    select
        e1_0.enrollment_id,
        e1_0.course_id,
        e1_0.enrollment_date,
        e1_0.semester,
        e1_0.enrollment_status,
        e1_0.student_id 
    from
        enrollments e1_0 
    where
        e1_0.student_id=?
2026-03-16T14:17:21.175+05:30 DEBUG 7568 --- [course-service] [http-nio-8082-exec-5] org.hibernate.SQL                        : 
    select
        e1_0.enrollment_id,
        e1_0.course_id,
        e1_0.enrollment_date,
        e1_0.semester,
        e1_0.enrollment_status,
        e1_0.student_id 
    from
        enrollments e1_0 
    where
        e1_0.student_id=?
2026-03-16T14:17:21.225+05:30 DEBUG 7568 --- [course-service] [http-nio-8082-exec-5] org.hibernate.SQL                        : 
    select
        c1_0.course_id,
        c1_0.course_code,
        c1_0.course_name,
        c1_0.created_at,
        c1_0.credits,
        c1_0.description,
        c1_0.is_active,
        c1_0.is_indexed,
        c1_0.max_students,
        c1_0.semester,
        c1_0.teacher_id,
        c1_0.updated_at,
        c1_0.year 
    from
        courses c1_0 
    where
        c1_0.course_id=?
2026-03-16T14:17:21.234+05:30 DEBUG 7568 --- [course-service] [http-nio-8082-exec-5] org.hibernate.SQL                        : 
    select
        c1_0.course_id,
        c1_0.course_code,
        c1_0.course_name,
        c1_0.created_at,
        c1_0.credits,
        c1_0.description,
        c1_0.is_active,
        c1_0.is_indexed,
        c1_0.max_students,
        c1_0.semester,
        c1_0.teacher_id,
        c1_0.updated_at,
        c1_0.year 
    from
        courses c1_0 
    where
        c1_0.course_id=?
2026-03-16T14:17:21.260+05:30 DEBUG 7568 --- [course-service] [http-nio-8082-exec-3] org.hibernate.SQL                        : 
    select
        e1_0.enrollment_id,
        e1_0.course_id,
        e1_0.enrollment_date,
        e1_0.semester,
        e1_0.enrollment_status,
        e1_0.student_id 
    from
        enrollments e1_0 
    where
        e1_0.student_id=?
2026-03-16T14:17:21.266+05:30 DEBUG 7568 --- [course-service] [http-nio-8082-exec-3] org.hibernate.SQL                        : 
    select
        c1_0.course_id,
        c1_0.course_code,
        c1_0.course_name,
        c1_0.created_at,
        c1_0.credits,
        c1_0.description,
        c1_0.is_active,
        c1_0.is_indexed,
        c1_0.max_students,
        c1_0.semester,
        c1_0.teacher_id,
        c1_0.updated_at,
        c1_0.year 
    from
        courses c1_0 
    where
        c1_0.course_id=?
2026-03-16T14:17:21.277+05:30 DEBUG 7568 --- [course-service] [http-nio-8082-exec-3] org.hibernate.SQL                        : 
    select
        c1_0.course_id,
        c1_0.course_code,
        c1_0.course_name,
        c1_0.created_at,
        c1_0.credits,
        c1_0.description,
        c1_0.is_active,
        c1_0.is_indexed,
        c1_0.max_students,
        c1_0.semester,
        c1_0.teacher_id,
        c1_0.updated_at,
        c1_0.year 
    from
        courses c1_0 
    where
        c1_0.course_id=?
2026-03-16T14:17:24.095+05:30 DEBUG 7568 --- [course-service] [http-nio-8082-exec-7] org.hibernate.SQL                        : 
    select
        e1_0.enrollment_id,
        e1_0.course_id,
        e1_0.enrollment_date,
        e1_0.semester,
        e1_0.enrollment_status,
        e1_0.student_id 
    from
        enrollments e1_0 
    where
        e1_0.student_id=?
2026-03-16T14:17:24.147+05:30 DEBUG 7568 --- [course-service] [http-nio-8082-exec-6] org.hibernate.SQL                        : 
    select
        e1_0.enrollment_id,
        e1_0.course_id,
        e1_0.enrollment_date,
        e1_0.semester,
        e1_0.enrollment_status,
        e1_0.student_id 
    from
        enrollments e1_0 
    where
        e1_0.student_id=?
2026-03-16T14:17:53.677+05:30 DEBUG 7568 --- [course-service] [http-nio-8082-exec-10] org.hibernate.SQL                        : 
    select
        e1_0.enrollment_id,
        e1_0.course_id,
        e1_0.enrollment_date,
        e1_0.semester,
        e1_0.enrollment_status,
        e1_0.student_id 
    from
        enrollments e1_0 
    where
        e1_0.student_id=?
2026-03-16T14:17:53.691+05:30 DEBUG 7568 --- [course-service] [http-nio-8082-exec-10] org.hibernate.SQL                        : 
    select
        c1_0.course_id,
        c1_0.course_code,
        c1_0.course_name,
        c1_0.created_at,
        c1_0.credits,
        c1_0.description,
        c1_0.is_active,
        c1_0.is_indexed,
        c1_0.max_students,
        c1_0.semester,
        c1_0.teacher_id,
        c1_0.updated_at,
        c1_0.year 
    from
        courses c1_0 
    where
        c1_0.course_id=?
2026-03-16T14:17:53.699+05:30 DEBUG 7568 --- [course-service] [http-nio-8082-exec-10] org.hibernate.SQL                        : 
    select
        c1_0.course_id,
        c1_0.course_code,
        c1_0.course_name,
        c1_0.created_at,
        c1_0.credits,
        c1_0.description,
        c1_0.is_active,
        c1_0.is_indexed,
        c1_0.max_students,
        c1_0.semester,
        c1_0.teacher_id,
        c1_0.updated_at,
        c1_0.year 
    from
        courses c1_0 
    where
        c1_0.course_id=?
2026-03-16T14:17:53.744+05:30 DEBUG 7568 --- [course-service] [http-nio-8082-exec-1] org.hibernate.SQL                        : 
    select
        e1_0.enrollment_id,
        e1_0.course_id,
        e1_0.enrollment_date,
        e1_0.semester,
        e1_0.enrollment_status,
        e1_0.student_id 
    from
        enrollments e1_0 
    where
        e1_0.student_id=?
2026-03-16T14:17:53.750+05:30 DEBUG 7568 --- [course-service] [http-nio-8082-exec-1] org.hibernate.SQL                        : 
    select
        c1_0.course_id,
        c1_0.course_code,
        c1_0.course_name,
        c1_0.created_at,
        c1_0.credits,
        c1_0.description,
        c1_0.is_active,
        c1_0.is_indexed,
        c1_0.max_students,
        c1_0.semester,
        c1_0.teacher_id,
        c1_0.updated_at,
        c1_0.year 
    from
        courses c1_0 
    where
        c1_0.course_id=?
2026-03-16T14:17:53.761+05:30 DEBUG 7568 --- [course-service] [http-nio-8082-exec-1] org.hibernate.SQL                        : 
    select
        c1_0.course_id,
        c1_0.course_code,
        c1_0.course_name,
        c1_0.created_at,
        c1_0.credits,
        c1_0.description,
        c1_0.is_active,
        c1_0.is_indexed,
        c1_0.max_students,
        c1_0.semester,
        c1_0.teacher_id,
        c1_0.updated_at,
        c1_0.year 
    from
        courses c1_0 
    where
        c1_0.course_id=?
2026-03-16T14:17:56.076+05:30 DEBUG 7568 --- [course-service] [http-nio-8082-exec-2] org.hibernate.SQL                        : 
    select
        c1_0.course_id,
        c1_0.course_code,
        c1_0.course_name,
        c1_0.created_at,
        c1_0.credits,
        c1_0.description,
        c1_0.is_active,
        c1_0.is_indexed,
        c1_0.max_students,
        c1_0.semester,
        c1_0.teacher_id,
        c1_0.updated_at,
        c1_0.year 
    from
        courses c1_0
2026-03-16T14:17:56.113+05:30 DEBUG 7568 --- [course-service] [http-nio-8082-exec-4] org.hibernate.SQL                        : 
    select
        c1_0.course_id,
        c1_0.course_code,
        c1_0.course_name,
        c1_0.created_at,
        c1_0.credits,
        c1_0.description,
        c1_0.is_active,
        c1_0.is_indexed,
        c1_0.max_students,
        c1_0.semester,
        c1_0.teacher_id,
        c1_0.updated_at,
        c1_0.year 
    from
        courses c1_0
2026-03-16T14:17:56.117+05:30 DEBUG 7568 --- [course-service] [http-nio-8082-exec-8] org.hibernate.SQL                        : 
    select
        e1_0.enrollment_id,
        e1_0.course_id,
        e1_0.enrollment_date,
        e1_0.semester,
        e1_0.enrollment_status,
        e1_0.student_id 
    from
        enrollments e1_0 
    where
        e1_0.student_id=?
2026-03-16T14:17:56.127+05:30 DEBUG 7568 --- [course-service] [http-nio-8082-exec-8] org.hibernate.SQL                        : 
    select
        c1_0.course_id,
        c1_0.course_code,
        c1_0.course_name,
        c1_0.created_at,
        c1_0.credits,
        c1_0.description,
        c1_0.is_active,
        c1_0.is_indexed,
        c1_0.max_students,
        c1_0.semester,
        c1_0.teacher_id,
        c1_0.updated_at,
        c1_0.year 
    from
        courses c1_0 
    where
        c1_0.course_id=?
2026-03-16T14:17:56.133+05:30 DEBUG 7568 --- [course-service] [http-nio-8082-exec-8] org.hibernate.SQL                        : 
    select
        c1_0.course_id,
        c1_0.course_code,
        c1_0.course_name,
        c1_0.created_at,
        c1_0.credits,
        c1_0.description,
        c1_0.is_active,
        c1_0.is_indexed,
        c1_0.max_students,
        c1_0.semester,
        c1_0.teacher_id,
        c1_0.updated_at,
        c1_0.year 
    from
        courses c1_0 
    where
        c1_0.course_id=?
2026-03-16T14:17:56.159+05:30 DEBUG 7568 --- [course-service] [http-nio-8082-exec-9] org.hibernate.SQL                        : 
    select
        e1_0.enrollment_id,
        e1_0.course_id,
        e1_0.enrollment_date,
        e1_0.semester,
        e1_0.enrollment_status,
        e1_0.student_id 
    from
        enrollments e1_0 
    where
        e1_0.student_id=?
2026-03-16T14:17:56.159+05:30 DEBUG 7568 --- [course-service] [http-nio-8082-exec-9] org.hibernate.SQL                        : 
    select
        c1_0.course_id,
        c1_0.course_code,
        c1_0.course_name,
        c1_0.created_at,
        c1_0.credits,
        c1_0.description,
        c1_0.is_active,
        c1_0.is_indexed,
        c1_0.max_students,
        c1_0.semester,
        c1_0.teacher_id,
        c1_0.updated_at,
        c1_0.year 
    from
        courses c1_0 
    where
        c1_0.course_id=?
2026-03-16T14:17:56.173+05:30 DEBUG 7568 --- [course-service] [http-nio-8082-exec-9] org.hibernate.SQL                        : 
    select
        c1_0.course_id,
        c1_0.course_code,
        c1_0.course_name,
        c1_0.created_at,
        c1_0.credits,
        c1_0.description,
        c1_0.is_active,
        c1_0.is_indexed,
        c1_0.max_students,
        c1_0.semester,
        c1_0.teacher_id,
        c1_0.updated_at,
        c1_0.year 
    from
        courses c1_0 
    where
        c1_0.course_id=?
2026-03-16T14:17:57.363+05:30 DEBUG 7568 --- [course-service] [http-nio-8082-exec-5] org.hibernate.SQL                        : 
    select
        e1_0.enrollment_id,
        e1_0.course_id,
        e1_0.enrollment_date,
        e1_0.semester,
        e1_0.enrollment_status,
        e1_0.student_id 
    from
        enrollments e1_0 
    where
        e1_0.student_id=?
2026-03-16T14:17:57.409+05:30 DEBUG 7568 --- [course-service] [http-nio-8082-exec-3] org.hibernate.SQL                        : 
    select
        e1_0.enrollment_id,
        e1_0.course_id,
        e1_0.enrollment_date,
        e1_0.semester,
        e1_0.enrollment_status,
        e1_0.student_id 
    from
        enrollments e1_0 
    where
        e1_0.student_id=?
2026-03-16T14:17:59.024+05:30 DEBUG 7568 --- [course-service] [http-nio-8082-exec-7] org.hibernate.SQL                        : 
    select
        e1_0.enrollment_id,
        e1_0.course_id,
        e1_0.enrollment_date,
        e1_0.semester,
        e1_0.enrollment_status,
        e1_0.student_id 
    from
        enrollments e1_0 
    where
        e1_0.student_id=?
2026-03-16T14:17:59.031+05:30 DEBUG 7568 --- [course-service] [http-nio-8082-exec-7] org.hibernate.SQL                        : 
    select
        c1_0.course_id,
        c1_0.course_code,
        c1_0.course_name,
        c1_0.created_at,
        c1_0.credits,
        c1_0.description,
        c1_0.is_active,
        c1_0.is_indexed,
        c1_0.max_students,
        c1_0.semester,
        c1_0.teacher_id,
        c1_0.updated_at,
        c1_0.year 
    from
        courses c1_0 
    where
        c1_0.course_id=?
2026-03-16T14:17:59.041+05:30 DEBUG 7568 --- [course-service] [http-nio-8082-exec-7] org.hibernate.SQL                        : 
    select
        c1_0.course_id,
        c1_0.course_code,
        c1_0.course_name,
        c1_0.created_at,
        c1_0.credits,
        c1_0.description,
        c1_0.is_active,
        c1_0.is_indexed,
        c1_0.max_students,
        c1_0.semester,
        c1_0.teacher_id,
        c1_0.updated_at,
        c1_0.year 
    from
        courses c1_0 
    where
        c1_0.course_id=?
2026-03-16T14:17:59.078+05:30 DEBUG 7568 --- [course-service] [http-nio-8082-exec-6] org.hibernate.SQL                        : 
    select
        e1_0.enrollment_id,
        e1_0.course_id,
        e1_0.enrollment_date,
        e1_0.semester,
        e1_0.enrollment_status,
        e1_0.student_id 
    from
        enrollments e1_0 
    where
        e1_0.student_id=?
2026-03-16T14:17:59.081+05:30 DEBUG 7568 --- [course-service] [http-nio-8082-exec-6] org.hibernate.SQL                        : 
    select
        c1_0.course_id,
        c1_0.course_code,
        c1_0.course_name,
        c1_0.created_at,
        c1_0.credits,
        c1_0.description,
        c1_0.is_active,
        c1_0.is_indexed,
        c1_0.max_students,
        c1_0.semester,
        c1_0.teacher_id,
        c1_0.updated_at,
        c1_0.year 
    from
        courses c1_0 
    where
        c1_0.course_id=?
2026-03-16T14:17:59.091+05:30 DEBUG 7568 --- [course-service] [http-nio-8082-exec-6] org.hibernate.SQL                        : 
    select
        c1_0.course_id,
        c1_0.course_code,
        c1_0.course_name,
        c1_0.created_at,
        c1_0.credits,
        c1_0.description,
        c1_0.is_active,
        c1_0.is_indexed,
        c1_0.max_students,
        c1_0.semester,
        c1_0.teacher_id,
        c1_0.updated_at,
        c1_0.year 
    from
        courses c1_0 
    where
        c1_0.course_id=?
2026-03-16T14:18:02.886+05:30 DEBUG 7568 --- [course-service] [http-nio-8082-exec-10] org.hibernate.SQL                        : 
    select
        e1_0.enrollment_id,
        e1_0.course_id,
        e1_0.enrollment_date,
        e1_0.semester,
        e1_0.enrollment_status,
        e1_0.student_id 
    from
        enrollments e1_0 
    where
        e1_0.student_id=?
2026-03-16T14:18:02.892+05:30 DEBUG 7568 --- [course-service] [http-nio-8082-exec-10] org.hibernate.SQL                        : 
    select
        c1_0.course_id,
        c1_0.course_code,
        c1_0.course_name,
        c1_0.created_at,
        c1_0.credits,
        c1_0.description,
        c1_0.is_active,
        c1_0.is_indexed,
        c1_0.max_students,
        c1_0.semester,
        c1_0.teacher_id,
        c1_0.updated_at,
        c1_0.year 
    from
        courses c1_0 
    where
        c1_0.course_id=?
2026-03-16T14:18:02.901+05:30 DEBUG 7568 --- [course-service] [http-nio-8082-exec-10] org.hibernate.SQL                        : 
    select
        c1_0.course_id,
        c1_0.course_code,
        c1_0.course_name,
        c1_0.created_at,
        c1_0.credits,
        c1_0.description,
        c1_0.is_active,
        c1_0.is_indexed,
        c1_0.max_students,
        c1_0.semester,
        c1_0.teacher_id,
        c1_0.updated_at,
        c1_0.year 
    from
        courses c1_0 
    where
        c1_0.course_id=?
2026-03-16T14:18:02.926+05:30 DEBUG 7568 --- [course-service] [http-nio-8082-exec-1] org.hibernate.SQL                        : 
    select
        e1_0.enrollment_id,
        e1_0.course_id,
        e1_0.enrollment_date,
        e1_0.semester,
        e1_0.enrollment_status,
        e1_0.student_id 
    from
        enrollments e1_0 
    where
        e1_0.student_id=?
2026-03-16T14:18:02.931+05:30 DEBUG 7568 --- [course-service] [http-nio-8082-exec-1] org.hibernate.SQL                        : 
    select
        c1_0.course_id,
        c1_0.course_code,
        c1_0.course_name,
        c1_0.created_at,
        c1_0.credits,
        c1_0.description,
        c1_0.is_active,
        c1_0.is_indexed,
        c1_0.max_students,
        c1_0.semester,
        c1_0.teacher_id,
        c1_0.updated_at,
        c1_0.year 
    from
        courses c1_0 
    where
        c1_0.course_id=?
2026-03-16T14:18:02.937+05:30 DEBUG 7568 --- [course-service] [http-nio-8082-exec-1] org.hibernate.SQL                        : 
    select
        c1_0.course_id,
        c1_0.course_code,
        c1_0.course_name,
        c1_0.created_at,
        c1_0.credits,
        c1_0.description,
        c1_0.is_active,
        c1_0.is_indexed,
        c1_0.max_students,
        c1_0.semester,
        c1_0.teacher_id,
        c1_0.updated_at,
        c1_0.year 
    from
        courses c1_0 
    where
        c1_0.course_id=?
2026-03-16T14:18:05.656+05:30 DEBUG 7568 --- [course-service] [http-nio-8082-exec-2] org.hibernate.SQL                        : 
    select
        e1_0.enrollment_id,
        e1_0.course_id,
        e1_0.enrollment_date,
        e1_0.semester,
        e1_0.enrollment_status,
        e1_0.student_id 
    from
        enrollments e1_0 
    where
        e1_0.student_id=?
2026-03-16T14:18:05.663+05:30 DEBUG 7568 --- [course-service] [http-nio-8082-exec-2] org.hibernate.SQL                        : 
    select
        c1_0.course_id,
        c1_0.course_code,
        c1_0.course_name,
        c1_0.created_at,
        c1_0.credits,
        c1_0.description,
        c1_0.is_active,
        c1_0.is_indexed,
        c1_0.max_students,
        c1_0.semester,
        c1_0.teacher_id,
        c1_0.updated_at,
        c1_0.year 
    from
        courses c1_0 
    where
        c1_0.course_id=?
2026-03-16T14:18:05.672+05:30 DEBUG 7568 --- [course-service] [http-nio-8082-exec-2] org.hibernate.SQL                        : 
    select
        c1_0.course_id,
        c1_0.course_code,
        c1_0.course_name,
        c1_0.created_at,
        c1_0.credits,
        c1_0.description,
        c1_0.is_active,
        c1_0.is_indexed,
        c1_0.max_students,
        c1_0.semester,
        c1_0.teacher_id,
        c1_0.updated_at,
        c1_0.year 
    from
        courses c1_0 
    where
        c1_0.course_id=?
2026-03-16T14:18:05.689+05:30 DEBUG 7568 --- [course-service] [http-nio-8082-exec-4] org.hibernate.SQL                        : 
    select
        e1_0.enrollment_id,
        e1_0.course_id,
        e1_0.enrollment_date,
        e1_0.semester,
        e1_0.enrollment_status,
        e1_0.student_id 
    from
        enrollments e1_0 
    where
        e1_0.student_id=?
2026-03-16T14:18:05.696+05:30 DEBUG 7568 --- [course-service] [http-nio-8082-exec-4] org.hibernate.SQL                        : 
    select
        c1_0.course_id,
        c1_0.course_code,
        c1_0.course_name,
        c1_0.created_at,
        c1_0.credits,
        c1_0.description,
        c1_0.is_active,
        c1_0.is_indexed,
        c1_0.max_students,
        c1_0.semester,
        c1_0.teacher_id,
        c1_0.updated_at,
        c1_0.year 
    from
        courses c1_0 
    where
        c1_0.course_id=?
2026-03-16T14:18:05.701+05:30 DEBUG 7568 --- [course-service] [http-nio-8082-exec-4] org.hibernate.SQL                        : 
    select
        c1_0.course_id,
        c1_0.course_code,
        c1_0.course_name,
        c1_0.created_at,
        c1_0.credits,
        c1_0.description,
        c1_0.is_active,
        c1_0.is_indexed,
        c1_0.max_students,
        c1_0.semester,
        c1_0.teacher_id,
        c1_0.updated_at,
        c1_0.year 
    from
        courses c1_0 
    where
        c1_0.course_id=?
2026-03-16T14:18:29.043+05:30  INFO 7568 --- [course-service] [AsyncResolver-bootstrap-executor-0] c.n.d.s.r.aws.ConfigClusterResolver      : Resolving eureka endpoints via configuration
2026-03-16T14:23:29.054+05:30  INFO 7568 --- [course-service] [AsyncResolver-bootstrap-executor-0] c.n.d.s.r.aws.ConfigClusterResolver      : Resolving eureka endpoints via configuration
2026-03-16T14:28:29.071+05:30  INFO 7568 --- [course-service] [AsyncResolver-bootstrap-executor-0] c.n.d.s.r.aws.ConfigClusterResolver      : Resolving eureka endpoints via configuration
2026-03-16T14:32:24.237+05:30 DEBUG 7568 --- [course-service] [http-nio-8082-exec-5] org.hibernate.SQL                        : 
    select
        c1_0.course_id,
        c1_0.course_code,
        c1_0.course_name,
        c1_0.created_at,
        c1_0.credits,
        c1_0.description,
        c1_0.is_active,
        c1_0.is_indexed,
        c1_0.max_students,
        c1_0.semester,
        c1_0.teacher_id,
        c1_0.updated_at,
        c1_0.year 
    from
        courses c1_0 
    where
        c1_0.teacher_id=?
2026-03-16T14:32:24.299+05:30 DEBUG 7568 --- [course-service] [http-nio-8082-exec-3] org.hibernate.SQL                        : 
    select
        c1_0.course_id,
        c1_0.course_code,
        c1_0.course_name,
        c1_0.created_at,
        c1_0.credits,
        c1_0.description,
        c1_0.is_active,
        c1_0.is_indexed,
        c1_0.max_students,
        c1_0.semester,
        c1_0.teacher_id,
        c1_0.updated_at,
        c1_0.year 
    from
        courses c1_0 
    where
        c1_0.teacher_id=?
2026-03-16T14:32:24.496+05:30 DEBUG 7568 --- [course-service] [http-nio-8082-exec-7] org.hibernate.SQL                        : 
    select
        c1_0.course_id,
        c1_0.course_code,
        c1_0.course_name,
        c1_0.created_at,
        c1_0.credits,
        c1_0.description,
        c1_0.is_active,
        c1_0.is_indexed,
        c1_0.max_students,
        c1_0.semester,
        c1_0.teacher_id,
        c1_0.updated_at,
        c1_0.year 
    from
        courses c1_0 
    where
        c1_0.teacher_id=?
2026-03-16T14:32:24.930+05:30 DEBUG 7568 --- [course-service] [http-nio-8082-exec-6] org.hibernate.SQL                        : 
    select
        e1_0.enrollment_id,
        e1_0.course_id,
        e1_0.enrollment_date,
        e1_0.semester,
        e1_0.enrollment_status,
        e1_0.student_id 
    from
        enrollments e1_0 
    where
        e1_0.course_id=? 
        and e1_0.enrollment_status=?
2026-03-16T14:33:29.087+05:30  INFO 7568 --- [course-service] [AsyncResolver-bootstrap-executor-0] c.n.d.s.r.aws.ConfigClusterResolver      : Resolving eureka endpoints via configuration
2026-03-16T14:38:29.103+05:30  INFO 7568 --- [course-service] [AsyncResolver-bootstrap-executor-0] c.n.d.s.r.aws.ConfigClusterResolver      : Resolving eureka endpoints via configuration
2026-03-16T14:38:32.316+05:30 DEBUG 7568 --- [course-service] [http-nio-8082-exec-1] org.hibernate.SQL                        : 
    select
        e1_0.enrollment_id,
        e1_0.course_id,
        e1_0.enrollment_date,
        e1_0.semester,
        e1_0.enrollment_status,
        e1_0.student_id 
    from
        enrollments e1_0 
    where
        e1_0.course_id=? 
        and e1_0.enrollment_status=?
2026-03-16T14:38:32.587+05:30 DEBUG 7568 --- [course-service] [http-nio-8082-exec-2] org.hibernate.SQL                        : 
    select
        e1_0.enrollment_id,
        e1_0.course_id,
        e1_0.enrollment_date,
        e1_0.semester,
        e1_0.enrollment_status,
        e1_0.student_id 
    from
        enrollments e1_0 
    where
        e1_0.course_id=? 
        and e1_0.enrollment_status=?
2026-03-16T14:38:36.710+05:30 DEBUG 7568 --- [course-service] [http-nio-8082-exec-4] org.hibernate.SQL                        : 
    select
        e1_0.enrollment_id,
        e1_0.course_id,
        e1_0.enrollment_date,
        e1_0.semester,
        e1_0.enrollment_status,
        e1_0.student_id 
    from
        enrollments e1_0 
    where
        e1_0.course_id=? 
        and e1_0.enrollment_status=?
2026-03-16T14:38:36.917+05:30 DEBUG 7568 --- [course-service] [http-nio-8082-exec-9] org.hibernate.SQL                        : 
    select
        e1_0.enrollment_id,
        e1_0.course_id,
        e1_0.enrollment_date,
        e1_0.semester,
        e1_0.enrollment_status,
        e1_0.student_id 
    from
        enrollments e1_0 
    where
        e1_0.course_id=? 
        and e1_0.enrollment_status=?
2026-03-16T14:43:29.114+05:30  INFO 7568 --- [course-service] [AsyncResolver-bootstrap-executor-0] c.n.d.s.r.aws.ConfigClusterResolver      : Resolving eureka endpoints via configuration
2026-03-16T14:48:29.128+05:30  INFO 7568 --- [course-service] [AsyncResolver-bootstrap-executor-0] c.n.d.s.r.aws.ConfigClusterResolver      : Resolving eureka endpoints via configuration
2026-03-16T14:53:29.141+05:30  INFO 7568 --- [course-service] [AsyncResolver-bootstrap-executor-0] c.n.d.s.r.aws.ConfigClusterResolver      : Resolving eureka endpoints via configuration
2026-03-16T14:58:29.152+05:30  INFO 7568 --- [course-service] [AsyncResolver-bootstrap-executor-0] c.n.d.s.r.aws.ConfigClusterResolver      : Resolving eureka endpoints via configuration
2026-03-16T15:03:29.175+05:30  INFO 7568 --- [course-service] [AsyncResolver-bootstrap-executor-0] c.n.d.s.r.aws.ConfigClusterResolver      : Resolving eureka endpoints via configuration
2026-03-16T15:08:29.178+05:30  INFO 7568 --- [course-service] [AsyncResolver-bootstrap-executor-0] c.n.d.s.r.aws.ConfigClusterResolver      : Resolving eureka endpoints via configuration
2026-03-16T15:13:29.193+05:30  INFO 7568 --- [course-service] [AsyncResolver-bootstrap-executor-0] c.n.d.s.r.aws.ConfigClusterResolver      : Resolving eureka endpoints via configuration
2026-03-16T15:15:29.436+05:30 DEBUG 7568 --- [course-service] [http-nio-8082-exec-5] org.hibernate.SQL                        : 
    select
        c1_0.course_id,
        c1_0.course_code,
        c1_0.course_name,
        c1_0.created_at,
        c1_0.credits,
        c1_0.description,
        c1_0.is_active,
        c1_0.is_indexed,
        c1_0.max_students,
        c1_0.semester,
        c1_0.teacher_id,
        c1_0.updated_at,
        c1_0.year 
    from
        courses c1_0
2026-03-16T15:15:29.484+05:30 DEBUG 7568 --- [course-service] [http-nio-8082-exec-3] org.hibernate.SQL                        : 
    select
        c1_0.course_id,
        c1_0.course_code,
        c1_0.course_name,
        c1_0.created_at,
        c1_0.credits,
        c1_0.description,
        c1_0.is_active,
        c1_0.is_indexed,
        c1_0.max_students,
        c1_0.semester,
        c1_0.teacher_id,
        c1_0.updated_at,
        c1_0.year 
    from
        courses c1_0
2026-03-16T15:15:29.501+05:30 DEBUG 7568 --- [course-service] [http-nio-8082-exec-7] org.hibernate.SQL                        : 
    select
        c1_0.course_id,
        c1_0.course_code,
        c1_0.course_name,
        c1_0.created_at,
        c1_0.credits,
        c1_0.description,
        c1_0.is_active,
        c1_0.is_indexed,
        c1_0.max_students,
        c1_0.semester,
        c1_0.teacher_id,
        c1_0.updated_at,
        c1_0.year 
    from
        courses c1_0 
    where
        c1_0.teacher_id=?
2026-03-16T15:15:29.518+05:30 DEBUG 7568 --- [course-service] [http-nio-8082-exec-6] org.hibernate.SQL                        : 
    select
        c1_0.course_id,
        c1_0.course_code,
        c1_0.course_name,
        c1_0.created_at,
        c1_0.credits,
        c1_0.description,
        c1_0.is_active,
        c1_0.is_indexed,
        c1_0.max_students,
        c1_0.semester,
        c1_0.teacher_id,
        c1_0.updated_at,
        c1_0.year 
    from
        courses c1_0 
    where
        c1_0.teacher_id=?
2026-03-16T15:18:29.202+05:30  INFO 7568 --- [course-service] [AsyncResolver-bootstrap-executor-0] c.n.d.s.r.aws.ConfigClusterResolver      : Resolving eureka endpoints via configuration
2026-03-16T15:23:29.210+05:30  INFO 7568 --- [course-service] [AsyncResolver-bootstrap-executor-0] c.n.d.s.r.aws.ConfigClusterResolver      : Resolving eureka endpoints via configuration
2026-03-16T15:28:29.219+05:30  INFO 7568 --- [course-service] [AsyncResolver-bootstrap-executor-0] c.n.d.s.r.aws.ConfigClusterResolver      : Resolving eureka endpoints via configuration
2026-03-16T15:33:29.238+05:30  INFO 7568 --- [course-service] [AsyncResolver-bootstrap-executor-0] c.n.d.s.r.aws.ConfigClusterResolver      : Resolving eureka endpoints via configuration
2026-03-16T15:38:29.253+05:30  INFO 7568 --- [course-service] [AsyncResolver-bootstrap-executor-0] c.n.d.s.r.aws.ConfigClusterResolver      : Resolving eureka endpoints via configuration
2026-03-16T15:39:30.153+05:30 DEBUG 7568 --- [course-service] [http-nio-8082-exec-2] org.hibernate.SQL                        : 
    select
        c1_0.course_id,
        c1_0.course_code,
        c1_0.course_name,
        c1_0.created_at,
        c1_0.credits,
        c1_0.description,
        c1_0.is_active,
        c1_0.is_indexed,
        c1_0.max_students,
        c1_0.semester,
        c1_0.teacher_id,
        c1_0.updated_at,
        c1_0.year 
    from
        courses c1_0 
    where
        c1_0.teacher_id=?
2026-03-16T15:39:30.194+05:30 DEBUG 7568 --- [course-service] [http-nio-8082-exec-4] org.hibernate.SQL                        : 
    select
        c1_0.course_id,
        c1_0.course_code,
        c1_0.course_name,
        c1_0.created_at,
        c1_0.credits,
        c1_0.description,
        c1_0.is_active,
        c1_0.is_indexed,
        c1_0.max_students,
        c1_0.semester,
        c1_0.teacher_id,
        c1_0.updated_at,
        c1_0.year 
    from
        courses c1_0 
    where
        c1_0.teacher_id=?
2026-03-16T15:39:30.664+05:30 DEBUG 7568 --- [course-service] [http-nio-8082-exec-9] org.hibernate.SQL                        : 
    select
        c1_0.course_id,
        c1_0.course_code,
        c1_0.course_name,
        c1_0.created_at,
        c1_0.credits,
        c1_0.description,
        c1_0.is_active,
        c1_0.is_indexed,
        c1_0.max_students,
        c1_0.semester,
        c1_0.teacher_id,
        c1_0.updated_at,
        c1_0.year 
    from
        courses c1_0 
    where
        c1_0.teacher_id=?
2026-03-16T15:39:31.030+05:30 DEBUG 7568 --- [course-service] [http-nio-8082-exec-8] org.hibernate.SQL                        : 
    select
        e1_0.enrollment_id,
        e1_0.course_id,
        e1_0.enrollment_date,
        e1_0.semester,
        e1_0.enrollment_status,
        e1_0.student_id 
    from
        enrollments e1_0 
    where
        e1_0.course_id=? 
        and e1_0.enrollment_status=?
2026-03-16T15:43:29.265+05:30  INFO 7568 --- [course-service] [AsyncResolver-bootstrap-executor-0] c.n.d.s.r.aws.ConfigClusterResolver      : Resolving eureka endpoints via configuration
2026-03-16T15:48:29.277+05:30  INFO 7568 --- [course-service] [AsyncResolver-bootstrap-executor-0] c.n.d.s.r.aws.ConfigClusterResolver      : Resolving eureka endpoints via configuration
2026-03-16T15:53:29.291+05:30  INFO 7568 --- [course-service] [AsyncResolver-bootstrap-executor-0] c.n.d.s.r.aws.ConfigClusterResolver      : Resolving eureka endpoints via configuration
2026-03-16T15:58:29.300+05:30  INFO 7568 --- [course-service] [AsyncResolver-bootstrap-executor-0] c.n.d.s.r.aws.ConfigClusterResolver      : Resolving eureka endpoints via configuration
2026-03-16T16:03:29.302+05:30  INFO 7568 --- [course-service] [AsyncResolver-bootstrap-executor-0] c.n.d.s.r.aws.ConfigClusterResolver      : Resolving eureka endpoints via configuration
2026-03-16T16:08:29.305+05:30  INFO 7568 --- [course-service] [AsyncResolver-bootstrap-executor-0] c.n.d.s.r.aws.ConfigClusterResolver      : Resolving eureka endpoints via configuration
2026-03-16T16:13:29.317+05:30  INFO 7568 --- [course-service] [AsyncResolver-bootstrap-executor-0] c.n.d.s.r.aws.ConfigClusterResolver      : Resolving eureka endpoints via configuration
2026-03-16T16:18:29.320+05:30  INFO 7568 --- [course-service] [AsyncResolver-bootstrap-executor-0] c.n.d.s.r.aws.ConfigClusterResolver      : Resolving eureka endpoints via configuration
2026-03-16T16:23:29.337+05:30  INFO 7568 --- [course-service] [AsyncResolver-bootstrap-executor-0] c.n.d.s.r.aws.ConfigClusterResolver      : Resolving eureka endpoints via configuration
2026-03-16T16:28:29.353+05:30  INFO 7568 --- [course-service] [AsyncResolver-bootstrap-executor-0] c.n.d.s.r.aws.ConfigClusterResolver      : Resolving eureka endpoints via configuration
2026-03-16T16:33:29.362+05:30  INFO 7568 --- [course-service] [AsyncResolver-bootstrap-executor-0] c.n.d.s.r.aws.ConfigClusterResolver      : Resolving eureka endpoints via configuration
2026-03-16T16:38:29.368+05:30  INFO 7568 --- [course-service] [AsyncResolver-bootstrap-executor-0] c.n.d.s.r.aws.ConfigClusterResolver      : Resolving eureka endpoints via configuration
2026-03-16T16:43:29.383+05:30  INFO 7568 --- [course-service] [AsyncResolver-bootstrap-executor-0] c.n.d.s.r.aws.ConfigClusterResolver      : Resolving eureka endpoints via configuration
2026-03-16T16:48:29.390+05:30  INFO 7568 --- [course-service] [AsyncResolver-bootstrap-executor-0] c.n.d.s.r.aws.ConfigClusterResolver      : Resolving eureka endpoints via configuration
2026-03-16T16:53:29.397+05:30  INFO 7568 --- [course-service] [AsyncResolver-bootstrap-executor-0] c.n.d.s.r.aws.ConfigClusterResolver      : Resolving eureka endpoints via configuration
2026-03-16T16:58:29.417+05:30  INFO 7568 --- [course-service] [AsyncResolver-bootstrap-executor-0] c.n.d.s.r.aws.ConfigClusterResolver      : Resolving eureka endpoints via configuration
2026-03-16T17:03:29.436+05:30  INFO 7568 --- [course-service] [AsyncResolver-bootstrap-executor-0] c.n.d.s.r.aws.ConfigClusterResolver      : Resolving eureka endpoints via configuration
2026-03-16T17:08:29.449+05:30  INFO 7568 --- [course-service] [AsyncResolver-bootstrap-executor-0] c.n.d.s.r.aws.ConfigClusterResolver      : Resolving eureka endpoints via configuration
2026-03-16T17:13:29.459+05:30  INFO 7568 --- [course-service] [AsyncResolver-bootstrap-executor-0] c.n.d.s.r.aws.ConfigClusterResolver      : Resolving eureka endpoints via configuration
2026-03-16T17:18:29.477+05:30  INFO 7568 --- [course-service] [AsyncResolver-bootstrap-executor-0] c.n.d.s.r.aws.ConfigClusterResolver      : Resolving eureka endpoints via configuration
2026-03-16T17:23:29.493+05:30  INFO 7568 --- [course-service] [AsyncResolver-bootstrap-executor-0] c.n.d.s.r.aws.ConfigClusterResolver      : Resolving eureka endpoints via configuration
2026-03-16T17:28:29.507+05:30  INFO 7568 --- [course-service] [AsyncResolver-bootstrap-executor-0] c.n.d.s.r.aws.ConfigClusterResolver      : Resolving eureka endpoints via configuration
2026-03-16T17:33:29.524+05:30  INFO 7568 --- [course-service] [AsyncResolver-bootstrap-executor-0] c.n.d.s.r.aws.ConfigClusterResolver      : Resolving eureka endpoints via configuration
2026-03-16T17:38:29.535+05:30  INFO 7568 --- [course-service] [AsyncResolver-bootstrap-executor-0] c.n.d.s.r.aws.ConfigClusterResolver      : Resolving eureka endpoints via configuration
2026-03-16T17:43:29.550+05:30  INFO 7568 --- [course-service] [AsyncResolver-bootstrap-executor-0] c.n.d.s.r.aws.ConfigClusterResolver      : Resolving eureka endpoints via configuration
2026-03-16T17:48:29.595+05:30  INFO 7568 --- [course-service] [AsyncResolver-bootstrap-executor-0] c.n.d.s.r.aws.ConfigClusterResolver      : Resolving eureka endpoints via configuration
2026-03-16T17:53:29.611+05:30  INFO 7568 --- [course-service] [AsyncResolver-bootstrap-executor-0] c.n.d.s.r.aws.ConfigClusterResolver      : Resolving eureka endpoints via configuration
2026-03-16T17:58:29.625+05:30  INFO 7568 --- [course-service] [AsyncResolver-bootstrap-executor-0] c.n.d.s.r.aws.ConfigClusterResolver      : Resolving eureka endpoints via configuration
